track_id,song_id,artist_id,artist_name,song_title,release,release_year,duration,artist_familiarity,artist_hotttnesss,genre,top_tags,n_words,nnz_words,l2_norm,is_test,dot,query_track_id,covariance,correlation,cosine
TRCETEN128F42AD6D0,,,,,,,,,,,,,,,,,TRABGYE128E078278A,0.9652999999999988,,
TRDPGXU128F9339C2A,SOELYON12AB01876A3,ARLHO5Z1187FB4C861,Beastie Boys,B-Boy Bouillabaisse: A.W.O.L. (2009 Digital Remaster),Paul's Boutique (20th Anniversary Remastered Edition),0.0,105.56036,0.853124523276,0.591628024008,hip hop,hip hop; leapsandbounds CDCollection,1746.0,505.0,153.652205,0.0,882.0,TRABGYE128E078278A,,,
TRERNJZ128F1452EC5,,,,,,,,,,,,,,,,,TRABGYE128E078278A,,0.42182893570934427,0.43923618246435164
TRFGJLT128F1491125,SOODSDC12A6D4F697F,ARPANXO1187B9B468A,Public Enemy,Go Cat Go,He Got Game,1998.0,228.04853,0.73502984911,0.473501291523,hip hop,Hip-Hop; Soundtrack; hardcore rap,529.0,175.0,105.033328,0.0,982.0,TRABGYE128E078278A,1.1717000000000015,,
TRFLWJZ128F425C9E4,,,,,,,,,,,,,,,,,TRABGYE128E078278A,0.9189999999999999,,
TRFUJVJ128F426F2A2,SOONCPO12AF72A1986,AR8W8P31187B9A4063,Lauryn Hill,Interlude 5,MTV Unplugged No. 2.0,2002.0,734.48444,0.697206464376,0.580125198887,r&b/soul,ms hill; the realness; The Truth; true; rnb,1903.0,409.0,215.044182,0.0,831.0,TRABGYE128E078278A,,,
TRKMPQS128F932DC13,,,,,,,,,,,,,,,,,TRABGYE128E078278A,,0.41537491408642874,0.4331315117697229
TRVGXWV128F148640B,,,,,,,,,,,,,,,,,TRABGYE128E078278A,,0.44784609422650723,0.4647603253523263
TRAHKMS128F934B09E,,,,,,,,,,,,,,,,,TRACTLX128F42A51F6,,0.6165606996772924,0.6315517213772517
TRDPGXU128F9339C2A,SOELYON12AB01876A3,ARLHO5Z1187FB4C861,Beastie Boys,B-Boy Bouillabaisse: A.W.O.L. (2009 Digital Remaster),Paul's Boutique (20th Anniversary Remastered Edition),0.0,105.56036,0.853124523276,0.591628024008,hip hop,hip hop; leapsandbounds CDCollection,1746.0,505.0,153.652205,0.0,2489.0,TRACTLX128F42A51F6,2.724639062500001,,
TRFLWJZ128F425C9E4,SOZTZRR12A58A80C97,AR82DJK1187B991107,The Pharcyde,Otha Fish,Bizarre Ride II The Pharcyde,1992.0,321.43628,0.756063870843,0.491468881637,hip hop,Hip-Hop; hip hop; oldschool; rap; oldskool,997.0,247.0,147.895233,0.0,1976.0,TRACTLX128F42A51F6,2.2297421875,,
TRFUJVJ128F426F2A2,SOONCPO12AF72A1986,AR8W8P31187B9A4063,Lauryn Hill,Interlude 5,MTV Unplugged No. 2.0,2002.0,734.48444,0.697206464376,0.580125198887,r&b/soul,ms hill; the realness; The Truth; true; rnb,1903.0,409.0,215.044182,0.0,2779.0,TRACTLX128F42A51F6,3.011449999999999,,
TRJFZZH128F92D2026,,,,,,,,,,,,,,,,,TRACTLX128F42A51F6,,0.6165599882306878,0.6257602441707965
TRORMHQ128F92CB796,,,,,,,,,,,,,,,,,TRACTLX128F42A51F6,,0.6344707093133247,0.6482811147271351
TRFUJVJ128F426F2A2,SOONCPO12AF72A1986,AR8W8P31187B9A4063,Lauryn Hill,Interlude 5,MTV Unplugged No. 2.0,2002.0,734.48444,0.697206464376,0.580125198887,r&b/soul,ms hill; the realness; The Truth; true; rnb,1903.0,409.0,215.044182,0.0,4244.0,TRADETN128F148CF19,4.9277999999999995,,
TRGLNKG128F9307689,SOFVLYU12AB017F502,ARTH9041187FB43E1F,Eminem,My Darling,Relapse [Deluxe],2009.0,320.49587,0.871010615313,0.879236744738,hip hop,rap; detroit; Hip-Hop; Horrorcore; MOONH8SUN,1055.0,293.0,140.089257,0.0,3111.0,TRADETN128F148CF19,3.65786875,,
TRJIQFW128F428DE49,,,,,,,,,,,,,,,,,TRADETN128F148CF19,,0.7692676771309715,0.7786658191366166
TRSTDLM128EF3431B6,,,,,,,,,,,,,,,,,TRADETN128F148CF19,,0.8025507284868434,0.8089345253908576
TRUASRT12903CEFCDD,,,,,,,,,,,,,,,,,TRADETN128F148CF19,,0.764299197489658,0.7744312988988016
TRWSYHO128F4282346,SOKHOQG12A8C13EBF2,ARSE5NP1187B9B98AB,Twista,I'm A Winner (Amended Album Version),The Day After,2005.0,260.23138,0.889613554744,0.593808365175,hip hop,rap; Hip-Hop; winner in bed twista,1253.0,166.0,218.622963,0.0,3642.0,TRADETN128F148CF19,4.305987499999999,,
TRALZXZ128F92E26EF,,,,,,,,,,,,,,,,,TRAECHJ12903CC36DA,,0.6612700940139876,0.6748369848356612
TRCHZXW128E079288A,SOMEJDK12D0219BB71,ARTH9041187FB43E1F,Eminem,8 Mile,8 Mile,2002.0,359.3922,0.886183647684,0.852677055416,hip hop,rap; Hip-Hop; Eminem; Soundtrack; hip hop,1141.0,328.0,132.992481,0.0,2121.0,TRAECHJ12903CC36DA,2.4146453125,,
TRDPGXU128F9339C2A,SOELYON12AB01876A3,ARLHO5Z1187FB4C861,Beastie Boys,B-Boy Bouillabaisse: A.W.O.L. (2009 Digital Remaster),Paul's Boutique (20th Anniversary Remastered Edition),0.0,105.56036,0.853124523276,0.591628024008,hip hop,hip hop; leapsandbounds CDCollection,1746.0,505.0,153.652205,0.0,2459.0,TRAECHJ12903CC36DA,2.760229687500002,,
TRNGIXM128F148D3E6,,,,,,,,,,,,,,,,,TRAECHJ12903CC36DA,,0.7258311267502843,0.7358411173733655
TRPBLTG128F933924A,SOUMRFE12AB0187A5A,ARJRB241187FB556A3,Calvin Harris,The Girls,Live Lounge 2,2007.0,203.88526,0.777565296434,0.532735422235,electronic,electronic; dance; electro; Disco; electronica,504.0,69.0,143.234074,0.0,2248.0,TRAECHJ12903CC36DA,2.7020124999999977,,
TRPVEXL128F42732C5,,,,,,,,,,,,,,,,,TRAECHJ12903CC36DA,,0.6669760036417892,0.6751375721634584
TRFUJVJ128F426F2A2,SOONCPO12AF72A1986,AR8W8P31187B9A4063,Lauryn Hill,Interlude 5,MTV Unplugged No. 2.0,2002.0,734.48444,0.697206464376,0.580125198887,r&b/soul,ms hill; the realness; The Truth; true; rnb,1903.0,409.0,215.044182,0.0,4629.0,TRAEPAC12903CE5DC8,5.45965,,
TRGTQCP128F932573A,,,,,,,,,,,,,,,,,TRAEPAC12903CE5DC8,,0.8356431488620788,0.8396840181999419
TRNFUML128F92E41EA,,,,,,,,,,,,,,,,,TRAEPAC12903CE5DC8,,0.8186475686719433,0.8233483257866896
TRUBHKR128F427ECDE,,,,,,,,,,,,,,,,,TRAEPAC12903CE5DC8,,0.8173676222289025,0.8221095552280268
TRUGLTC128F4227B93,SOUSFNM12A6D4FCDAD,AR4503S1187FB43199,Danity Kane,Hold Me Down (Album Version),Danity Kane,2006.0,237.60934,0.854297752323,0.531302988552,r&b/soul,dance; Hold Me Down; Danity Kane; rnb; party,766.0,149.0,159.499216,0.0,3503.0,TRAEPAC12903CE5DC8,4.22743125,,
TRWSYHO128F4282346,SOKHOQG12A8C13EBF2,ARSE5NP1187B9B98AB,Twista,I'm A Winner (Amended Album Version),The Day After,2005.0,260.23138,0.889613554744,0.593808365175,hip hop,rap; Hip-Hop; winner in bed twista,1253.0,166.0,218.622963,0.0,4033.0,TRAEPAC12903CE5DC8,4.827806250000002,,
TRAURYK128F92C490D,,,,,,,,,,,,,,,,,TRAERPT128F931103E,,0.6046994239029896,0.6179537643526559
TRDPGXU128F9339C2A,SOELYON12AB01876A3,ARLHO5Z1187FB4C861,Beastie Boys,B-Boy Bouillabaisse: A.W.O.L. (2009 Digital Remaster),Paul's Boutique (20th Anniversary Remastered Edition),0.0,105.56036,0.853124523276,0.591628024008,hip hop,hip hop; leapsandbounds CDCollection,1746.0,505.0,153.652205,0.0,4177.0,TRAERPT128F931103E,4.690381250000001,,
TRFUJVJ128F426F2A2,SOONCPO12AF72A1986,AR8W8P31187B9A4063,Lauryn Hill,Interlude 5,MTV Unplugged No. 2.0,2002.0,734.48444,0.697206464376,0.580125198887,r&b/soul,ms hill; the realness; The Truth; true; rnb,1903.0,409.0,215.044182,0.0,5512.0,TRAERPT128F931103E,6.255200000000002,,
TRQKPHI12903CE4D44,,,,,,,,,,,,,,,,,TRAERPT128F931103E,,0.6174952333359092,0.6317245601863423
TRTATZQ128F427EDD0,,,,,,,,,,,,,,,,,TRAERPT128F931103E,,0.6082963913390302,0.6220350993992969
TRWSYHO128F4282346,SOKHOQG12A8C13EBF2,ARSE5NP1187B9B98AB,Twista,I'm A Winner (Amended Album Version),The Day After,2005.0,260.23138,0.889613554744,0.593808365175,hip hop,rap; Hip-Hop; winner in bed twista,1253.0,166.0,218.622963,0.0,4150.0,TRAERPT128F931103E,4.772637499999999,,
TRCETEN128F42AD6D0,SOXSRBF12D021B1340,AR4KTMS1187B9B4873,Bowling For Soup,Here We Go,Goes To The Movies,2004.0,188.36853,0.790405558589,0.56193424678,punk,pop punk; The Good Stuff; Bowling For Soup; pra skit,374.0,92.0,98.863542,0.0,932.0,TRAFWEV128F428D391,1.1019250000000003,,
TRDZATL128F4260FFB,,,,,,,,,,,,,,,,,TRAFWEV128F428D391,,0.40594079626432106,0.42177577027464075
TRFGJLT128F1491125,SOODSDC12A6D4F697F,ARPANXO1187B9B468A,Public Enemy,Go Cat Go,He Got Game,1998.0,228.04853,0.73502984911,0.473501291523,hip hop,Hip-Hop; Soundtrack; hardcore rap,529.0,175.0,105.033328,0.0,1168.0,TRAFWEV128F428D391,1.392574999999995,,
TRIJLHF128F9322FE4,SOUMXNG12AB018466F,AROQMWV1187FB3781A,Jill Scott,Watching ME,Who Is Jill Scott?,2000.0,228.28363,0.814622989079,0.53031515062,r&b/soul,Neo-Soul; soul; female vocalists; rnb; political,370.0,125.0,80.919713,0.0,909.0,TRAFWEV128F428D391,1.0764375,,
TROTJIT128F145E017,,,,,,,,,,,,,,,,,TRAFWEV128F428D391,,0.39739920272899343,0.41322160742060193
TRYPVSX128F427362D,,,,,,,,,,,,,,,,,TRAFWEV128F428D391,,0.4937935301576622,0.5072720027291517
TRFUJVJ128F426F2A2,SOONCPO12AF72A1986,AR8W8P31187B9A4063,Lauryn Hill,Interlude 5,MTV Unplugged No. 2.0,2002.0,734.48444,0.697206464376,0.580125198887,r&b/soul,ms hill; the realness; The Truth; true; rnb,1903.0,409.0,215.044182,0.0,3735.0,TRAIMRN128E0791E72,4.19725,,
TRGLNKG128F9307689,SOFVLYU12AB017F502,ARTH9041187FB43E1F,Eminem,My Darling,Relapse [Deluxe],2009.0,320.49587,0.871010615313,0.879236744738,hip hop,rap; detroit; Hip-Hop; Horrorcore; MOONH8SUN,1055.0,293.0,140.089257,0.0,3238.0,TRAIMRN128E0791E72,3.7588984374999996,,
TRLCWTH128F92C7F82,,,,,,,,,,,,,,,,,TRAIMRN128E0791E72,3.7607734375,0.6217219044172896,0.6313135852066396
TROSVHF128F4282676,,,,,,,,,,,,,,,,,TRAIMRN128E0791E72,,0.6469346127396267,0.654082332274138
TRRCJWJ128F93335F8,,,,,,,,,,,,,,,,,TRAIMRN128E0791E72,,0.604282312876162,0.6166592570147155
TRWSYHO128F4282346,SOKHOQG12A8C13EBF2,ARSE5NP1187B9B98AB,Twista,I'm A Winner (Amended Album Version),The Day After,2005.0,260.23138,0.889613554744,0.593808365175,hip hop,rap; Hip-Hop; winner in bed twista,1253.0,166.0,218.622963,0.0,3243.0,TRAIMRN128E0791E72,,,
TRBVPVV128F425F14F,SOOHYOB12CF5F87A28,ARF8HTQ1187B9AE693,Daft Punk,Touch It / Technologic,Alive 2007,2007.0,329.45587,0.844450642835,1.01049028868,electronic,electronic; dance; techno; House; Daft Punk,687.0,175.0,153.756301,0.0,1382.0,TRALERK12903CDCAFD,1.6221937499999992,,
TRFUJVJ128F426F2A2,SOONCPO12AF72A1986,AR8W8P31187B9A4063,Lauryn Hill,Interlude 5,MTV Unplugged No. 2.0,2002.0,734.48444,0.697206464376,0.580125198887,r&b/soul,ms hill; the realness; The Truth; true; rnb,1903.0,409.0,215.044182,0.0,1972.0,TRALERK12903CDCAFD,2.1982000000000004,,
TRGUCIR128F933D817,SORMTGC12A6D4F6C8B,ARQUN9K1187B9B5BD7,Vanilla Ice,Ice Is Workin' It,To The Extreme,1990.0,275.43465,0.722075127339,0.463037021551,hip hop,rap; hiphop; 90s; cool as ice; leapsandbounds CDCollection,898.0,242.0,166.246804,0.0,1384.0,TRALERK12903CDCAFD,1.6038500000000007,,
TRNDRMY128E0792507,,,,,,,,,,,,,,,,,TRALERK12903CDCAFD,,0.6853663724168796,0.6986506430099624
TRVFYVC128F426D705,,,,,,,,,,,,,,,,,TRALERK12903CDCAFD,,0.6722792022799859,0.6878967658034362
TRYXRXL128F427F13A,,,,,,,,,,,,,,,,,TRALERK12903CDCAFD,,0.6546935110729475,0.6639397904075182
TRADWLM128F42678B1,,,,,,,,,,,,,,,,,TRAMTEH128F930D496,,0.5602901125027585,0.5667986375091559
TRAMJWO128EF343C19,,,,,,,,,,,,,,,,,TRAMTEH128F930D496,,0.5124384069273488,0.5241286365579738
TRBVPVV128F425F14F,SOOHYOB12CF5F87A28,ARF8HTQ1187B9AE693,Daft Punk,Touch It / Technologic,Alive 2007,2007.0,329.45587,0.844450642835,1.01049028868,electronic,electronic; dance; techno; House; Daft Punk,687.0,175.0,153.756301,0.0,4353.0,TRAMTEH128F930D496,5.173445312499998,,
TRFSCLD12903CD213F,SOENGNL12AB018E1BD,AR4L4WQ1187FB51996,The Prodigy,We Gonna Rock,What Evil Lurks,1991.0,282.30485,0.638614022451,0.601436482837,electronic,Rave; big beat; jungle; electronic; techno,312.0,10.0,141.703917,0.0,3978.0,TRAMTEH128F930D496,4.832375000000002,,
TRGUCIR128F933D817,SORMTGC12A6D4F6C8B,ARQUN9K1187B9B5BD7,Vanilla Ice,Ice Is Workin' It,To The Extreme,1990.0,275.43465,0.722075127339,0.463037021551,hip hop,rap; hiphop; 90s; cool as ice; leapsandbounds CDCollection,898.0,242.0,166.246804,0.0,3983.0,TRAMTEH128F930D496,4.6579375,,
TRKIRIG128E0791EB7,,,,,,,,,,,,,,,,,TRAMTEH128F930D496,,0.5549814745364178,0.5657115574628778
TRCTWGR128F9336F07,,,,,,,,,,,,,,,,,TRAQEOP12903CA65E2,,0.8144911071773248,0.8188561345120972
TRIJHLY12903D0CE4D,SOAEBYL12AC468B119,AR1ZHZ51187FB37FEC,Violadores del Verso,Cantando,Vivir Para Contarlo,2006.0,312.92036,0.658189532108,0.503436953654,hip hop,Hip-Hop; spanish hip-hop; rap; spanish; hip hop,671.0,209.0,83.660026,0.0,1038.0,TRAQEOP12903CA65E2,1.2360375000000006,,
TROBWIG12903CB0FD7,,,,,,,,,,,,,,,,,TRAQEOP12903CA65E2,,0.7858011861848845,0.7903073371354952
TRPMUDQ128F425218E,,,,,,,,,,,,,,,,,TRAQEOP12903CA65E2,,0.8326576699948269,0.8362489262818654
TRTHNFG12903D0CE54,SONCVPT12AC468B123,AR1ZHZ51187FB37FEC,Violadores del Verso,Dale tiempo al rumor,Vivir Para Contarlo,2006.0,370.02404,0.658189532108,0.524275367928,hip hop,spanish; Hip-Hop; subelamusica; spanish rap; Doble V,749.0,199.0,99.95499,0.0,1271.0,TRAQEOP12903CA65E2,1.5190375000000003,,
TRUKWZW128F92CADC2,SOHZGGE12A8C1400A4,ARBNXYA1187FB51C50,Daddy Yankee,Como Y Vete,Talento De Barrio,2008.0,221.41342,0.90898429564,0.562506672289,reggae,Reggaeton; spanish; basura; Daddy Yankee; songs with foreign language: spanish,489.0,115.0,74.269779,0.0,939.0,TRAQEOP12903CA65E2,1.1198499999999996,,
TRCHTOQ12903CB2D56,,,,,,,,,,,,,,,,,TRAQKVC128F425E65C,,0.555559209380016,0.5774148486359397
TRDPGXU128F9339C2A,SOELYON12AB01876A3,ARLHO5Z1187FB4C861,Beastie Boys,B-Boy Bouillabaisse: A.W.O.L. (2009 Digital Remaster),Paul's Boutique (20th Anniversary Remastered Edition),0.0,105.56036,0.853124523276,0.591628024008,hip hop,hip hop; leapsandbounds CDCollection,1746.0,505.0,153.652205,0.0,894.0,TRAQKVC128F425E65C,0.936696875,,
TRFUJVJ128F426F2A2,SOONCPO12AF72A1986,AR8W8P31187B9A4063,Lauryn Hill,Interlude 5,MTV Unplugged No. 2.0,2002.0,734.48444,0.697206464376,0.580125198887,r&b/soul,ms hill; the realness; The Truth; true; rnb,1903.0,409.0,215.044182,0.0,1291.0,TRAQKVC128F425E65C,1.3975499999999998,,
TRMGICM128F92E2AB8,,,,,,,,,,,,,,,,,TRAQKVC128F425E65C,,0.5524027015457199,0.5774355286412254
TRTLIKK128E07862DA,SOKTWCO12A67020DC0,ARM9HR61187B9AD75A,Ja Rule,One of Us,Rule 3:36,2000.0,356.85832,0.77983324054,0.541519545221,hip hop,Ja Rule; Hip-Hop; east coast rap; 2000; rappers,996.0,215.0,158.347719,0.0,937.0,TRAQKVC128F425E65C,1.0405312500000006,,
TRVWTVK128F429AAAB,,,,,,,,,,,,,,,,,TRAQKVC128F425E65C,,0.581170663584556,0.6038773798613895
TRAFLMU128F4274A4D,,,,,,,,,,,,,,,,,TRAQUUU128F147A689,,0.5903405507934972,0.607916504603817
TRAYKJD128F932E569,,,,,,,,,,,,,,,,,TRAQUUU128F147A689,,0.5968034687099654,0.6120088147723041
TRDPGXU128F9339C2A,SOELYON12AB01876A3,ARLHO5Z1187FB4C861,Beastie Boys,B-Boy Bouillabaisse: A.W.O.L. (2009 Digital Remaster),Paul's Boutique (20th Anniversary Remastered Edition),0.0,105.56036,0.853124523276,0.591628024008,hip hop,hip hop; leapsandbounds CDCollection,1746.0,505.0,153.652205,0.0,4131.0,TRAQUUU128F147A689,4.679043750000002,,
TREBGAA128E078FC52,,,,,,,,,,,,,,,,,TRAQUUU128F147A689,4.034481249999999,,
TRFUJVJ128F426F2A2,SOONCPO12AF72A1986,AR8W8P31187B9A4063,Lauryn Hill,Interlude 5,MTV Unplugged No. 2.0,2002.0,734.48444,0.697206464376,0.580125198887,r&b/soul,ms hill; the realness; The Truth; true; rnb,1903.0,409.0,215.044182,0.0,4460.0,TRAQUUU128F147A689,4.995400000000001,,
TROIJDA128F9341E70,SOCUXGX12A8C13B78C,ARLMXEA1187B9A7D04,R. Kelly,I Mean (I Don't Mean It),TP-2.com,2000.0,205.00853,0.811092052861,0.783843023046,r&b/soul,soul; rnb; english lyrics; SDZ,701.0,190.0,135.443715,0.0,3401.0,TRAQUUU128F147A689,,,
TRPNPXS128F424F339,,,,,,,,,,,,,,,,,TRAQUUU128F147A689,,0.6104990450017922,0.6276703600726269
TRAQRRD128F425F8E7,,,,,,,,,,,,,,,,,TRARKBB128F92E9468,,0.3649306326350958,0.3890252053892492
TRFUJVJ128F426F2A2,SOONCPO12AF72A1986,AR8W8P31187B9A4063,Lauryn Hill,Interlude 5,MTV Unplugged No. 2.0,2002.0,734.48444,0.697206464376,0.580125198887,r&b/soul,ms hill; the realness; The Truth; true; rnb,1903.0,409.0,215.044182,0.0,983.0,TRARKBB128F92E9468,0.8377500000000001,,
TRFXREK12903CE855F,,,,,,,,,,,,,,,,,TRARKBB128F92E9468,,0.3442080806887704,0.37426056242920896
TRIAELA128F149EEE6,SOEVBBC12A6D4FAD23,AR92KZ11187FB53A73,Sniper,Panam All Star,Gravé Dans La Roche,0.0,468.40118,0.637670934382,0.428628226099,hip hop,rap; Hip-Hop; AMP; sniper; french,939.0,228.0,118.330047,0.0,764.0,TRARKBB128F92E9468,0.799875,,
TRLVVUZ128F425EE94,,,,,,,,,,,,,,,,,TRARKBB128F92E9468,,0.3642775093494503,0.38996967967815976
TRMLZFP128F932290C,,,,,,,,,,,,,,,,,TRARKBB128F92E9468,0.8006249999999991,,
TRYCBLK12903CE6A0E,SOWQRYJ12AB0189461,ARJ5LS21187B991003,Twiztid,She Ain't Afraid,Psychopathics From Outer Space,1998.0,361.50812,0.738651094386,0.490733207715,hip hop,psychopathic; Horrorcore; cocaine; Porno; porn,1102.0,277.0,117.826143,0.0,770.0,TRARKBB128F92E9468,,,
TRBWKZD128F428AAEB,,,,,,,,,,,,,,,,,TRAUYZG12903CDA4E9,,0.7808211700212876,0.7912724714500076
TRDPGXU128F9339C2A,SOELYON12AB01876A3,ARLHO5Z1187FB4C861,Beastie Boys,B-Boy Bouillabaisse: A.W.O.L. (2009 Digital Remaster),Paul's Boutique (20th Anniversary Remastered Edition),0.0,105.56036,0.853124523276,0.591628024008,hip hop,hip hop; leapsandbounds CDCollection,1746.0,505.0,153.652205,0.0,6756.0,TRAUYZG12903CDA4E9,7.760256250000001,,
TRFUJVJ128F426F2A2,SOONCPO12AF72A1986,AR8W8P31187B9A4063,Lauryn Hill,Interlude 5,MTV Unplugged No. 2.0,2002.0,734.48444,0.697206464376,0.580125198887,r&b/soul,ms hill; the realness; The Truth; true; rnb,1903.0,409.0,215.044182,0.0,7508.0,TRAUYZG12903CDA4E9,8.566200000000002,,
TRSTJFQ128F428DA21,,,,,,,,,,,,,,,,,TRAUYZG12903CDA4E9,,0.8051857329093743,0.811090689424452
TRWSYHO128F4282346,SOKHOQG12A8C13EBF2,ARSE5NP1187B9B98AB,Twista,I'm A Winner (Amended Album Version),The Day After,2005.0,260.23138,0.889613554744,0.593808365175,hip hop,rap; Hip-Hop; winner in bed twista,1253.0,166.0,218.622963,0.0,6284.0,TRAUYZG12903CDA4E9,7.319887500000001,,
TRWXSWA128F1456793,,,,,,,,,,,,,,,,,TRAUYZG12903CDA4E9,,0.7887029984013666,0.7967035442383458
TRDPGXU128F9339C2A,SOELYON12AB01876A3,ARLHO5Z1187FB4C861,Beastie Boys,B-Boy Bouillabaisse: A.W.O.L. (2009 Digital Remaster),Paul's Boutique (20th Anniversary Remastered Edition),0.0,105.56036,0.853124523276,0.591628024008,hip hop,hip hop; leapsandbounds CDCollection,1746.0,505.0,153.652205,0.0,7576.0,TRAYJOF128F92F9EEA,,,
TREBGAA128E078FC52,,,,,,,,,,,,,,,,,TRAYJOF128F92F9EEA,9.009482812500005,,
TRFUJVJ128F426F2A2,SOONCPO12AF72A1986,AR8W8P31187B9A4063,Lauryn Hill,Interlude 5,MTV Unplugged No. 2.0,2002.0,734.48444,0.697206464376,0.580125198887,r&b/soul,ms hill; the realness; The Truth; true; rnb,1903.0,409.0,215.044182,0.0,9255.0,TRAYJOF128F92F9EEA,10.669449999999998,,
TRKLJAG128F42B31CF,,,,,,,,,,,,,,,,,TRAYJOF128F92F9EEA,,0.81782125047898,0.8202984502943056
TRMEKRF12903CC80A6,,,,,,,,,,,,,,,,,TRAYJOF128F92F9EEA,,,0.7981103760430076
TROLRDM128F146C6E0,,,,,,,,,,,,,,,,,TRAYJOF128F92F9EEA,,0.7973045189921641,0.8047271924485088
TRSTJFQ128F428DA21,,,,,,,,,,,,,,,,,TRAYJOF128F92F9EEA,,0.7914075967035905,
TRWSYHO128F4282346,SOKHOQG12A8C13EBF2,ARSE5NP1187B9B98AB,Twista,I'm A Winner (Amended Album Version),The Day After,2005.0,260.23138,0.889613554744,0.593808365175,hip hop,rap; Hip-Hop; winner in bed twista,1253.0,166.0,218.622963,0.0,8700.0,TRAYJOF128F92F9EEA,10.287278125000007,,
TRCUPON128F1494547,,,,,,,,,,,,,,,,,TRAYQRI12903CAD2A1,,0.6594268454630693,0.6674967319502595
TRFCKGO128F92F0C78,,,,,,,,,,,,,,,,,TRAYQRI12903CAD2A1,,0.6863901532702016,0.6949663275352392
TRIJHLY12903D0CE4D,SOAEBYL12AC468B119,AR1ZHZ51187FB37FEC,Violadores del Verso,Cantando,Vivir Para Contarlo,2006.0,312.92036,0.658189532108,0.503436953654,hip hop,Hip-Hop; spanish hip-hop; rap; spanish; hip hop,671.0,209.0,83.660026,0.0,1154.0,TRAYQRI12903CAD2A1,1.3677671875000008,,
TRMTPJG128F428F66B,,,,,,,,,,,,,,,,,TRAYQRI12903CAD2A1,,0.6720259445806476,0.682693490330219
TRTHNFG12903D0CE54,SONCVPT12AC468B123,AR1ZHZ51187FB37FEC,Violadores del Verso,Dale tiempo al rumor,Vivir Para Contarlo,2006.0,370.02404,0.658189532108,0.524275367928,hip hop,spanish; Hip-Hop; subelamusica; spanish rap; Doble V,749.0,199.0,99.95499,0.0,1263.0,TRAYQRI12903CAD2A1,1.4939859375,,
TRTJLTW12903CFF1E9,SOJLHYI12AC46857C4,ARFJD5L1187B9A30BA,Los Van Van,El Negro Está Cocinando,Live At Miami Arena,1999.0,609.25342,0.604414492162,0.400517950689,latin,cuba; salsa; latin; cubano; latinas,407.0,81.0,86.792857,0.0,1189.0,TRAYQRI12903CAD2A1,1.438601562499998,,
TRCHZXW128E079288A,SOMEJDK12D0219BB71,ARTH9041187FB43E1F,Eminem,8 Mile,8 Mile,2002.0,359.3922,0.886183647684,0.852677055416,hip hop,rap; Hip-Hop; Eminem; Soundtrack; hip hop,1141.0,328.0,132.992481,0.0,1863.0,TRAZQIG128F146372E,2.100854687499999,,
TRDPGXU128F9339C2A,SOELYON12AB01876A3,ARLHO5Z1187FB4C861,Beastie Boys,B-Boy Bouillabaisse: A.W.O.L. (2009 Digital Remaster),Paul's Boutique (20th Anniversary Remastered Edition),0.0,105.56036,0.853124523276,0.591628024008,hip hop,hip hop; leapsandbounds CDCollection,1746.0,505.0,153.652205,0.0,2285.0,TRAZQIG128F146372E,2.5542703125,,
TRFUJVJ128F426F2A2,SOONCPO12AF72A1986,AR8W8P31187B9A4063,Lauryn Hill,Interlude 5,MTV Unplugged No. 2.0,2002.0,734.48444,0.697206464376,0.580125198887,r&b/soul,ms hill; the realness; The Truth; true; rnb,1903.0,409.0,215.044182,0.0,2423.0,TRAZQIG128F146372E,2.66765,,
TRLSHDW128E078A58A,,,,,,,,,,,,,,,,,TRAZQIG128F146372E,,0.6376201798270464,0.653763644614063
TRLURQM128F1484267,,,,,,,,,,,,,,,,,TRAZQIG128F146372E,,0.6499208281616776,0.6664681902367555
TRZLNPM128F42B3BF5,,,,,,,,,,,,,,,,,TRAZQIG128F146372E,,0.637415079299085,0.656911610446021
TRAORGE12903CBE64B,,,,,,,,,,,,,,,,,TRBAQPR128F92F4AB0,,0.7229487440801562,0.7369038830998202
TRDPGXU128F9339C2A,SOELYON12AB01876A3,ARLHO5Z1187FB4C861,Beastie Boys,B-Boy Bouillabaisse: A.W.O.L. (2009 Digital Remaster),Paul's Boutique (20th Anniversary Remastered Edition),0.0,105.56036,0.853124523276,0.591628024008,hip hop,hip hop; leapsandbounds CDCollection,1746.0,505.0,153.652205,0.0,3111.0,TRBAQPR128F92F4AB0,3.492521874999998,,
TREBGAA128E078FC52,SOVYGAV12A58A7C3A9,AR24DZB1187FB3C869,Erykah Badu,I Want You,Worldwide Underground,2003.0,653.13914,0.855731901717,0.584841725537,r&b/soul,soul; Neo-Soul; female vocalists; rnb; Erykah Badu,617.0,98.0,153.163312,0.0,2973.0,TRBAQPR128F92F4AB0,3.5421156249999983,,
TRFUJVJ128F426F2A2,SOONCPO12AF72A1986,AR8W8P31187B9A4063,Lauryn Hill,Interlude 5,MTV Unplugged No. 2.0,2002.0,734.48444,0.697206464376,0.580125198887,r&b/soul,ms hill; the realness; The Truth; true; rnb,1903.0,409.0,215.044182,0.0,4562.0,TRBAQPR128F92F4AB0,5.2287,,
TRKRVKD128F9327008,,,,,,,,,,,,,,,,,TRBAQPR128F92F4AB0,,0.7212510847321042,0.7359877238937358
TRXICJK128F1466AA5,,,,,,,,,,,,,,,,,TRBAQPR128F92F4AB0,,0.704226607223368,0.7194463918810536
TREXCMT128F933D825,SOWVWEG12AF72A37C7,ARQUN9K1187B9B5BD7,Vanilla Ice,It's A Party,To The Extreme,1989.0,278.49098,0.722075127339,0.463037021551,hip hop,rap; 80s; Jam; leapsandbounds CDCollection,832.0,201.0,139.942845,0.0,5347.0,TRBBVNR128E078E1E4,6.253021874999999,,
TRFUJVJ128F426F2A2,SOONCPO12AF72A1986,AR8W8P31187B9A4063,Lauryn Hill,Interlude 5,MTV Unplugged No. 2.0,2002.0,734.48444,0.697206464376,0.580125198887,r&b/soul,ms hill; the realness; The Truth; true; rnb,1903.0,409.0,215.044182,0.0,6243.0,TRBBVNR128E078E1E4,6.8630499999999985,,
TRGFFYK128F933CB76,,,,,,,,,,,,,,,,,TRBBVNR128E078E1E4,,0.5732986916526951,0.5903315118479259
TRHUGKY128F92E5EB3,,,,,,,,,,,,,,,,,TRBBVNR128E078E1E4,,0.556686891405358,0.5711604400355598
TRLCWTH128F92C7F82,SOYTFRL12A8C143157,ARJT1PO1187FB52E7D,Marques Houston,Cancel (Album Version),Marques Houston,0.0,238.8371,0.740455341569,0.492729093193,r&b/soul,rnb; slowjamz; Hip-Hop; nikki; soulpower,525.0,112.0,118.680243,0.0,4786.0,TRBBVNR128E078E1E4,5.662329687500001,,
TRLXIWQ128F428AB13,,,,,,,,,,,,,,,,,TRBBVNR128E078E1E4,,0.5504982982156555,0.5694203753612118
TRAWSJK128F42767F2,,,,,,,,,,,,,,,,,TRBCPZS128F145ECC1,,0.5962512597307591,0.6064342889763552
TRDXEIG128F4292FF1,,,,,,,,,,,,,,,,,TRBCPZS128F145ECC1,,0.6061194489518096,0.6185799010369691
TREZBFM128F428508A,SOQHADG12A6D22728F,ARQUKB81187B9A0010,Fatboy Slim,The Rockafeller Skank,Zoo Anthems,1998.0,238.94159,0.850693244526,0.544717829143,electronic,electronic; dance; big beat; 90s; electronica,721.0,54.0,219.544984,0.0,6009.0,TRBCPZS128F145ECC1,7.014249999999997,,
TRFUJVJ128F426F2A2,SOONCPO12AF72A1986,AR8W8P31187B9A4063,Lauryn Hill,Interlude 5,MTV Unplugged No. 2.0,2002.0,734.48444,0.697206464376,0.580125198887,r&b/soul,ms hill; the realness; The Truth; true; rnb,1903.0,409.0,215.044182,0.0,7559.0,TRBCPZS128F145ECC1,8.30565,,
TRQAWKR128F425EEC3,SOFHEBR12CF5F892C7,ARXPPEY1187FB51DF4,Michael Jackson,Man In The Mirror,HIStory - PAST_ PRESENT AND FUTURE - Book I,1987.0,319.29424,0.855245195586,0.899991594263,pop,pop; michael jackson; 80s; soul; king of pop,1543.0,135.0,200.024998,0.0,6921.0,TRBCPZS128F145ECC1,7.6712281250000025,,
TRWCKEI128E0780E47,,,,,,,,,,,,,,,,,TRBCPZS128F145ECC1,,0.6059385776483643,0.6237764408472842
TRFUJVJ128F426F2A2,SOONCPO12AF72A1986,AR8W8P31187B9A4063,Lauryn Hill,Interlude 5,MTV Unplugged No. 2.0,2002.0,734.48444,0.697206464376,0.580125198887,r&b/soul,ms hill; the realness; The Truth; true; rnb,1903.0,409.0,215.044182,0.0,9266.0,TRBCSDW128F424D686,10.692399999999997,,
TRGTQCP128F932573A,,,,,,,,,,,,,,,,,TRBCSDW128F424D686,,0.6283818352416838,0.6392680317217907
TROYCQJ128F148EC2A,,,,,,,,,,,,,,,,,TRBCSDW128F424D686,,0.6832478050671897,0.692284114430058
TRQGLNM128F42618C6,,,,,,,,,,,,,,,,,TRBCSDW128F424D686,,0.6442541133802627,0.6547758611089833
TRUGLTC128F4227B93,SOUSFNM12A6D4FCDAD,AR4503S1187FB43199,Danity Kane,Hold Me Down (Album Version),Danity Kane,2006.0,237.60934,0.854297752323,0.531302988552,r&b/soul,dance; Hold Me Down; Danity Kane; rnb; party,766.0,149.0,159.499216,0.0,8377.0,TRBCSDW128F424D686,10.058853125,,
TRVLIZK128F428845E,SOGLUJL12A8C138E31,ARUN7IC1187FB3D392,Five,That's What You Told Me,Five,1998.0,222.92853,0.588017305158,0.435444888557,pop,5ive; pop; Favorite; boybands; Remember,593.0,95.0,153.277526,0.0,7883.0,TRBCSDW128F424D686,9.512706249999999,,
TRDPGXU128F9339C2A,SOELYON12AB01876A3,ARLHO5Z1187FB4C861,Beastie Boys,B-Boy Bouillabaisse: A.W.O.L. (2009 Digital Remaster),Paul's Boutique (20th Anniversary Remastered Edition),0.0,105.56036,0.853124523276,0.591628024008,hip hop,hip hop; leapsandbounds CDCollection,1746.0,505.0,153.652205,0.0,16731.0,TRBEBJO128C719646B,19.503870312499995,,
TRFPLQD128F92FFB52,,,,,,,,,,,,,,,,,TRBEBJO128C719646B,,0.8451237364280086,0.8516197674376584
TRFUJVJ128F426F2A2,SOONCPO12AF72A1986,AR8W8P31187B9A4063,Lauryn Hill,Interlude 5,MTV Unplugged No. 2.0,2002.0,734.48444,0.697206464376,0.580125198887,r&b/soul,ms hill; the realness; The Truth; true; rnb,1903.0,409.0,215.044182,0.0,20757.0,TRBEBJO128C719646B,24.260349999999995,,
TRKXFLD128F1479BC0,,,,,,,,,,,,,,,,,TRBEBJO128C719646B,,0.8464237494375452,0.8525079920543649
TRNHSZN128F930FF03,,,,,,,,,,,,,,,,,TRBEBJO128C719646B,,0.8434406793283183,0.849029887280976
TRWSYHO128F4282346,SOKHOQG12A8C13EBF2,ARSE5NP1187B9B98AB,Twista,I'm A Winner (Amended Album Version),The Day After,2005.0,260.23138,0.889613554744,0.593808365175,hip hop,rap; Hip-Hop; winner in bed twista,1253.0,166.0,218.622963,0.0,16494.0,TRBEBJO128C719646B,19.515709374999993,,
TRBKYVE128F93350D1,,,,,,,,,,,,,,,,,TRBEYYM128F1493C56,1.9272593750000007,,
TRFUJVJ128F426F2A2,SOONCPO12AF72A1986,AR8W8P31187B9A4063,Lauryn Hill,Interlude 5,MTV Unplugged No. 2.0,2002.0,734.48444,0.697206464376,0.580125198887,r&b/soul,ms hill; the realness; The Truth; true; rnb,1903.0,409.0,215.044182,0.0,2718.0,TRBEYYM128F1493C56,3.0340999999999996,,
TRLDRYJ128F930BBB4,,,,,,,,,,,,,,,,,TRBEYYM128F1493C56,,0.5789936782914014,0.6002286115458932
TRMIVIX128F42731D4,,,,,,,,,,,,,,,,,TRBEYYM128F1493C56,,0.6117977647093781,0.626074851774407
TRQAWKR128F425EEC3,SOFHEBR12CF5F892C7,ARXPPEY1187FB51DF4,Michael Jackson,Man In The Mirror,HIStory - PAST_ PRESENT AND FUTURE - Book I,1987.0,319.29424,0.855245195586,0.899991594263,pop,pop; michael jackson; 80s; soul; king of pop,1543.0,135.0,200.024998,0.0,1737.0,TRBEYYM128F1493C56,,,
TRWRNNB128F429FE6B,,,,,,,,,,,,,,,,,TRBEYYM128F1493C56,,0.6045658836197517,0.6253044259172873
TRWSYHO128F4282346,SOKHOQG12A8C13EBF2,ARSE5NP1187B9B98AB,Twista,I'm A Winner (Amended Album Version),The Day After,2005.0,260.23138,0.889613554744,0.593808365175,hip hop,rap; Hip-Hop; winner in bed twista,1253.0,166.0,218.622963,0.0,2074.0,TRBEYYM128F1493C56,2.3550062500000006,,
TRJNFUT128F933AF9F,,,,,,,,,,,,,,,,,TRBFJPO128F4295BE3,,0.745895544069859,0.7496491157650809
TRRHTRT128F931E984,,,,,,,,,,,,,,,,,TRBFJPO128F4295BE3,,0.7176370241878598,0.7217252418300996
TRRKWPY12903CAAC5D,SOUEYGS12AB0189345,ARFY9RL1187B9AE9AF,Johnny Prez,Te Vuelvo Loca,El Dragon,0.0,230.05995,0.531225462552,0.314265591942,reggae,Reggaeton; Marc Anthony; gatowope; johnny prez; reggaeton Romantica,407.0,103.0,73.525506,0.0,576.0,TRBFJPO128F4295BE3,0.686290625,,
TRTHNFG12903D0CE54,SONCVPT12AC468B123,AR1ZHZ51187FB37FEC,Violadores del Verso,Dale tiempo al rumor,Vivir Para Contarlo,2006.0,370.02404,0.658189532108,0.524275367928,hip hop,spanish; Hip-Hop; subelamusica; spanish rap; Doble V,749.0,199.0,99.95499,0.0,687.0,TRBFJPO128F4295BE3,0.8056734374999992,,
TRUSYXT128F423787F,,,,,,,,,,,,,,,,,TRBFJPO128F4295BE3,,0.7506641275018936,0.7535410105085976
TRWAGNG128F4286598,SOHRFLK12A8C13B9C2,AR5Z97E1187FB36169,Tego Calderon,Al Natural (Amended Version),El Abayarde,2003.0,213.60281,0.631219639983,0.450950881507,latin,latin,434.0,92.0,83.114379,0.0,543.0,TRBFJPO128F4295BE3,0.6427374999999997,,
TRFUJVJ128F426F2A2,SOONCPO12AF72A1986,AR8W8P31187B9A4063,Lauryn Hill,Interlude 5,MTV Unplugged No. 2.0,2002.0,734.48444,0.697206464376,0.580125198887,r&b/soul,ms hill; the realness; The Truth; true; rnb,1903.0,409.0,215.044182,0.0,1609.0,TRBFTHL128C7196B42,1.8180499999999995,,
TRGLNKG128F9307689,SOFVLYU12AB017F502,ARTH9041187FB43E1F,Eminem,My Darling,Relapse [Deluxe],2009.0,320.49587,0.871010615313,0.879236744738,hip hop,rap; detroit; Hip-Hop; Horrorcore; MOONH8SUN,1055.0,293.0,140.089257,0.0,1567.0,TRBFTHL128C7196B42,1.8404937499999996,,
TRJXBDJ128F4292591,,,,,,,,,,,,,,,,,TRBFTHL128C7196B42,,0.6900703783444899,0.7016972764662263
TRSAKRH128F4247F79,,,,,,,,,,,,,,,,,TRBFTHL128C7196B42,,0.6869805448877138,0.6981418553632347
TRWSYHO128F4282346,SOKHOQG12A8C13EBF2,ARSE5NP1187B9B98AB,Twista,I'm A Winner (Amended Album Version),The Day After,2005.0,260.23138,0.889613554744,0.593808365175,hip hop,rap; Hip-Hop; winner in bed twista,1253.0,166.0,218.622963,0.0,1603.0,TRBFTHL128C7196B42,1.877487499999999,,
TRXZNNF12903CA6F9B,,,,,,,,,,,,,,,,,TRBFTHL128C7196B42,,0.6989731103223092,0.7090147186016058
TRCUSJS128F4277162,,,,,,,,,,,,,,,,,TRBFURI128F1455498,,0.7166639685347177,0.7278528371557337
TRDPGXU128F9339C2A,SOELYON12AB01876A3,ARLHO5Z1187FB4C861,Beastie Boys,B-Boy Bouillabaisse: A.W.O.L. (2009 Digital Remaster),Paul's Boutique (20th Anniversary Remastered Edition),0.0,105.56036,0.853124523276,0.591628024008,hip hop,hip hop; leapsandbounds CDCollection,1746.0,505.0,153.652205,0.0,3189.0,TRBFURI128F1455498,3.641954687500001,,
TRFUJVJ128F426F2A2,SOONCPO12AF72A1986,AR8W8P31187B9A4063,Lauryn Hill,Interlude 5,MTV Unplugged No. 2.0,2002.0,734.48444,0.697206464376,0.580125198887,r&b/soul,ms hill; the realness; The Truth; true; rnb,1903.0,409.0,215.044182,0.0,3820.0,TRBFURI128F1455498,4.3633000000000015,,
TRMMAIV128F92E7F55,,,,,,,,,,,,,,,,,TRBFURI128F1455498,,0.7231795474917191,0.7325690820752915
TRVNXAG128E079098F,,,,,,,,,,,,,,,,,TRBFURI128F1455498,,0.6976664602578643,0.708217848970303
TRWSYHO128F4282346,SOKHOQG12A8C13EBF2,ARSE5NP1187B9B98AB,Twista,I'm A Winner (Amended Album Version),The Day After,2005.0,260.23138,0.889613554744,0.593808365175,hip hop,rap; Hip-Hop; winner in bed twista,1253.0,166.0,218.622963,0.0,3403.0,TRBFURI128F1455498,3.9846906250000003,,
TREKOGX128E07919DD,,,,,,,,,,,,,,,,,TRBFVAA128F423C356,,0.524782946328692,0.5364768537952223
TRFUJVJ128F426F2A2,SOONCPO12AF72A1986,AR8W8P31187B9A4063,Lauryn Hill,Interlude 5,MTV Unplugged No. 2.0,2002.0,734.48444,0.697206464376,0.580125198887,r&b/soul,ms hill; the realness; The Truth; true; rnb,1903.0,409.0,215.044182,0.0,777.0,TRBFVAA128F423C356,0.8838500000000002,,
TRHGZOJ128F14A2ED0,SOVFXAA12A6D4FC5A1,ARNR4B91187FB5027C,The Simpsons,Do The Bartman,The Simpsons Sing The Blues,1990.0,313.02485,0.717875025975,0.597356647182,hip hop,Soundtrack; 90s; tv; novelty; rap,1013.0,214.0,133.790882,0.0,553.0,TRBFVAA128F423C356,0.6441062499999997,,
TRJFWGH128F42359FE,,,,,,,,,,,,,,,,,TRBFVAA128F423C356,,0.5534850779073098,0.5655267117210215
TRONWWI128EF354F4B,,,,,,,,,,,,,,,,,TRBFVAA128F423C356,,,0.5190370341141012
TRRXXQS128F14B027B,,,,,,,,,,,,,,,,,TRBFVAA128F423C356,,0.5048330364924192,
TRWSYHO128F4282346,SOKHOQG12A8C13EBF2,ARSE5NP1187B9B98AB,Twista,I'm A Winner (Amended Album Version),The Day After,2005.0,260.23138,0.889613554744,0.593808365175,hip hop,rap; Hip-Hop; winner in bed twista,1253.0,166.0,218.622963,0.0,641.0,TRBFVAA128F423C356,0.7441312500000001,,
TRDPGXU128F9339C2A,SOELYON12AB01876A3,ARLHO5Z1187FB4C861,Beastie Boys,B-Boy Bouillabaisse: A.W.O.L. (2009 Digital Remaster),Paul's Boutique (20th Anniversary Remastered Edition),0.0,105.56036,0.853124523276,0.591628024008,hip hop,hip hop; leapsandbounds CDCollection,1746.0,505.0,153.652205,0.0,2184.0,TRBGUUE128F1494FB6,2.2452937499999996,,
TRFUJVJ128F426F2A2,SOONCPO12AF72A1986,AR8W8P31187B9A4063,Lauryn Hill,Interlude 5,MTV Unplugged No. 2.0,2002.0,734.48444,0.697206464376,0.580125198887,r&b/soul,ms hill; the realness; The Truth; true; rnb,1903.0,409.0,215.044182,0.0,2626.0,TRBGUUE128F1494FB6,2.7029,,
TRGUCIR128F933D817,SORMTGC12A6D4F6C8B,ARQUN9K1187B9B5BD7,Vanilla Ice,Ice Is Workin' It,To The Extreme,1990.0,275.43465,0.722075127339,0.463037021551,hip hop,rap; hiphop; 90s; cool as ice; leapsandbounds CDCollection,898.0,242.0,166.246804,0.0,1936.0,TRBGUUE128F1494FB6,2.1459499999999996,,
TRMFOTI128F931989A,,,,,,,,,,,,,,,,,TRBGUUE128F1494FB6,,0.6091824319418309,0.6432554026190045
TRMQVEX128F92F29D1,,,,,,,,,,,,,,,,,TRBGUUE128F1494FB6,,0.5956694101641566,0.6272950822072653
TRVFFNK128F9336F8D,,,,,,,,,,,,,,,,,TRBGUUE128F1494FB6,,0.5882815523691869,0.6132052770450744
TRBZXAC12903CBB0CE,,,,,,,,,,,,,,,,,TRBKLDM128F427D0DA,,0.6441307277286534,0.6625272403282761
TRDPGXU128F9339C2A,SOELYON12AB01876A3,ARLHO5Z1187FB4C861,Beastie Boys,B-Boy Bouillabaisse: A.W.O.L. (2009 Digital Remaster),Paul's Boutique (20th Anniversary Remastered Edition),0.0,105.56036,0.853124523276,0.591628024008,hip hop,hip hop; leapsandbounds CDCollection,1746.0,505.0,153.652205,0.0,3217.0,TRBKLDM128F427D0DA,3.621175000000002,,
TRFUJVJ128F426F2A2,SOONCPO12AF72A1986,AR8W8P31187B9A4063,Lauryn Hill,Interlude 5,MTV Unplugged No. 2.0,2002.0,734.48444,0.697206464376,0.580125198887,r&b/soul,ms hill; the realness; The Truth; true; rnb,1903.0,409.0,215.044182,0.0,4386.0,TRBKLDM128F427D0DA,5.004099999999999,,
TRHXCSQ128F14766FF,,,,,,,,,,,,,,,,,TRBKLDM128F427D0DA,,0.6400259523592016,0.6591083402857786
TRPFDHQ128F42B97F9,,,,,,,,,,,,,,,,,TRBKLDM128F427D0DA,,0.6593196150094329,0.6741762677871569
TRWSYHO128F4282346,SOKHOQG12A8C13EBF2,ARSE5NP1187B9B98AB,Twista,I'm A Winner (Amended Album Version),The Day After,2005.0,260.23138,0.889613554744,0.593808365175,hip hop,rap; Hip-Hop; winner in bed twista,1253.0,166.0,218.622963,0.0,2976.0,TRBKLDM128F427D0DA,3.4073499999999997,,
TREAUAV128EF33FE50,SOGTUPY12A67ADBD9D,ARDIHUE1187FB5783D,Electrelane,Cut And Run,No Shouts_ No Calls,2007.0,207.90812,0.669548918068,0.457274839916,punk,Alternative  Punk; bounce and be happy; my heart is a jerk; all my failed romantic interests wrapped up in a beautiful little bow called this song; sigh,364.0,85.0,80.572948,0.0,2005.0,TRBNXZS12903D0A686,2.439987499999998,,
TRFWOXD128F9300A13,,,,,,,,,,,,,,,,,TRBNXZS12903D0A686,,0.6132659532173775,0.6164114922991636
TRPNSHU128F428049F,,,,,,,,,,,,,,,,,TRBNXZS12903D0A686,2.2588562500000022,,
TRRHCLC128F427D727,SOUIRLF12A58A7D52E,ARHL4JG1187FB400D6,Fonky Family,Sans Rémission,Hors-Série Volume 1,1998.0,326.84363,0.573312967577,0.412724523871,hip hop,Hip-Hop; french; rap; favorite track; hip-hop francais,696.0,211.0,85.866175,0.0,1840.0,TRBNXZS12903D0A686,,,
TRSABJR128F429C84B,SOHSYLR12A8C13B81E,ARFFL3N1187FB3F6AF,Tryo,Yakamonéyé,De Bouches À Oreilles,0.0,533.9424,0.683169800908,0.40306494702,reggae,reggae; french; francais; chill; live,753.0,140.0,97.262531,0.0,2000.0,TRBNXZS12903D0A686,2.4081625,,
TRTCVIR128F42607B3,,,,,,,,,,,,,,,,,TRBNXZS12903D0A686,,0.6163463101539657,0.6197551352362225
TRWMKRQ128F42A035D,,,,,,,,,,,,,,,,,TRBNXZS12903D0A686,,0.6943300423565789,0.696014386308457
TRCHTBA128F92EAC62,,,,,,,,,,,,,,,,,TRBQFLA128F423F329,,0.710051152873916,0.723416799878318
TRDPGXU128F9339C2A,SOELYON12AB01876A3,ARLHO5Z1187FB4C861,Beastie Boys,B-Boy Bouillabaisse: A.W.O.L. (2009 Digital Remaster),Paul's Boutique (20th Anniversary Remastered Edition),0.0,105.56036,0.853124523276,0.591628024008,hip hop,hip hop; leapsandbounds CDCollection,1746.0,505.0,153.652205,0.0,2646.0,TRBQFLA128F423F329,3.0151375000000007,,
TRFUJVJ128F426F2A2,SOONCPO12AF72A1986,AR8W8P31187B9A4063,Lauryn Hill,Interlude 5,MTV Unplugged No. 2.0,2002.0,734.48444,0.697206464376,0.580125198887,r&b/soul,ms hill; the realness; The Truth; true; rnb,1903.0,409.0,215.044182,0.0,3054.0,TRBQFLA128F423F329,3.467900000000002,,
TRRQUHL128F4259E45,,,,,,,,,,,,,,,,,TRBQFLA128F423F329,,0.7107357271370882,0.7202896112367141
TRTPMBB128F42934F8,,,,,,,,,,,,,,,,,TRBQFLA128F423F329,,0.7117156288452975,0.7263399641309348
TRWSYHO128F4282346,SOKHOQG12A8C13EBF2,ARSE5NP1187B9B98AB,Twista,I'm A Winner (Amended Album Version),The Day After,2005.0,260.23138,0.889613554744,0.593808365175,hip hop,rap; Hip-Hop; winner in bed twista,1253.0,166.0,218.622963,0.0,2505.0,TRBQFLA128F423F329,2.902775,,
TRCHZXW128E079288A,SOMEJDK12D0219BB71,ARTH9041187FB43E1F,Eminem,8 Mile,8 Mile,2002.0,359.3922,0.886183647684,0.852677055416,hip hop,rap; Hip-Hop; Eminem; Soundtrack; hip hop,1141.0,328.0,132.992481,0.0,3532.0,TRBRHPE128E0787803,4.147912499999996,,
TRDPGXU128F9339C2A,SOELYON12AB01876A3,ARLHO5Z1187FB4C861,Beastie Boys,B-Boy Bouillabaisse: A.W.O.L. (2009 Digital Remaster),Paul's Boutique (20th Anniversary Remastered Edition),0.0,105.56036,0.853124523276,0.591628024008,hip hop,hip hop; leapsandbounds CDCollection,1746.0,505.0,153.652205,0.0,3830.0,TRBRHPE128E0787803,4.4335875000000025,,
TREBQOW128F92C4549,,,,,,,,,,,,,,,,,TRBRHPE128E0787803,,0.7592618832784527,0.7679380626950867
TRFUJVJ128F426F2A2,SOONCPO12AF72A1986,AR8W8P31187B9A4063,Lauryn Hill,Interlude 5,MTV Unplugged No. 2.0,2002.0,734.48444,0.697206464376,0.580125198887,r&b/soul,ms hill; the realness; The Truth; true; rnb,1903.0,409.0,215.044182,0.0,3498.0,TRBRHPE128E0787803,,,
TRKLJAG128F42B31CF,,,,,,,,,,,,,,,,,TRBRHPE128E0787803,4.161874999999994,,
TRVJKTB128F4262283,,,,,,,,,,,,,,,,,TRBRHPE128E0787803,,0.7829224960131934,0.7893759960732115
TRWILVQ128F42644B3,,,,,,,,,,,,,,,,,TRBRHPE128E0787803,,0.7591900611297319,0.7678209252492962
TRBEBJO128C719646B,,,,,,,,,,,,,,,,,TRBROFT128F92F8769,5.9341218749999936,,
TRDPGXU128F9339C2A,SOELYON12AB01876A3,ARLHO5Z1187FB4C861,Beastie Boys,B-Boy Bouillabaisse: A.W.O.L. (2009 Digital Remaster),Paul's Boutique (20th Anniversary Remastered Edition),0.0,105.56036,0.853124523276,0.591628024008,hip hop,hip hop; leapsandbounds CDCollection,1746.0,505.0,153.652205,0.0,5610.0,TRBROFT128F92F8769,6.4085406250000005,,
TRFIUTM128F426343C,,,,,,,,,,,,,,,,,TRBROFT128F92F8769,,0.6520101000869682,0.6666235837587444
TRFUJVJ128F426F2A2,SOONCPO12AF72A1986,AR8W8P31187B9A4063,Lauryn Hill,Interlude 5,MTV Unplugged No. 2.0,2002.0,734.48444,0.697206464376,0.580125198887,r&b/soul,ms hill; the realness; The Truth; true; rnb,1903.0,409.0,215.044182,0.0,7159.0,TRBROFT128F92F8769,8.22655,,
TRIFVIF128F425E56A,,,,,,,,,,,,,,,,,TRBROFT128F92F8769,,0.6600725475635781,0.6698112711198629
TRUVRBS128F42A34DD,,,,,,,,,,,,,,,,,TRBROFT128F92F8769,,0.6719483285043869,0.6839576875521296
TRWSYHO128F4282346,SOKHOQG12A8C13EBF2,ARSE5NP1187B9B98AB,Twista,I'm A Winner (Amended Album Version),The Day After,2005.0,260.23138,0.889613554744,0.593808365175,hip hop,rap; Hip-Hop; winner in bed twista,1253.0,166.0,218.622963,0.0,5042.0,TRBROFT128F92F8769,,,
TRHXEXY128F93167E9,,,,,,,,,,,,,,,,,TRBSLQC128F9333C5D,,0.7943806874760514,0.798463415818205
TRIJHLY12903D0CE4D,SOAEBYL12AC468B119,AR1ZHZ51187FB37FEC,Violadores del Verso,Cantando,Vivir Para Contarlo,2006.0,312.92036,0.658189532108,0.503436953654,hip hop,Hip-Hop; spanish hip-hop; rap; spanish; hip hop,671.0,209.0,83.660026,0.0,1857.0,TRBSLQC128F9333C5D,2.2206750000000004,,
TRNKQFR128F93425A3,,,,,,,,,,,,,,,,,TRBSLQC128F9333C5D,,0.7956835901251057,0.7998713666928152
TRTHNFG12903D0CE54,SONCVPT12AC468B123,AR1ZHZ51187FB37FEC,Violadores del Verso,Dale tiempo al rumor,Vivir Para Contarlo,2006.0,370.02404,0.658189532108,0.524275367928,hip hop,spanish; Hip-Hop; subelamusica; spanish rap; Doble V,749.0,199.0,99.95499,0.0,2333.0,TRBSLQC128F9333C5D,2.8021750000000036,,
TRWQZXS128F92DB731,SOLJOIC12A8C145316,ARVH6PU1187FB46B3F,Victor Manuelle,Lloré Lloré,Historia De Un Sonero,0.0,308.50567,0.668543746567,0.490615493311,latin,salsa; great to dance,365.0,79.0,77.369245,0.0,1581.0,TRBSLQC128F9333C5D,1.9163999999999992,,
TRZVPJH128F931D774,,,,,,,,,,,,,,,,,TRBSLQC128F9333C5D,,0.7616778937207525,0.768230608501723
TRDPGXU128F9339C2A,SOELYON12AB01876A3,ARLHO5Z1187FB4C861,Beastie Boys,B-Boy Bouillabaisse: A.W.O.L. (2009 Digital Remaster),Paul's Boutique (20th Anniversary Remastered Edition),0.0,105.56036,0.853124523276,0.591628024008,hip hop,hip hop; leapsandbounds CDCollection,1746.0,505.0,153.652205,0.0,2212.0,TRBTXNE12903CB6528,2.3937765625000003,,
TRFLWJZ128F425C9E4,SOZTZRR12A58A80C97,AR82DJK1187B991107,The Pharcyde,Otha Fish,Bizarre Ride II The Pharcyde,1992.0,321.43628,0.756063870843,0.491468881637,hip hop,Hip-Hop; hip hop; oldschool; rap; oldskool,997.0,247.0,147.895233,0.0,1948.0,TRBTXNE12903CB6528,2.2043046875,,
TRFUJVJ128F426F2A2,SOONCPO12AF72A1986,AR8W8P31187B9A4063,Lauryn Hill,Interlude 5,MTV Unplugged No. 2.0,2002.0,734.48444,0.697206464376,0.580125198887,r&b/soul,ms hill; the realness; The Truth; true; rnb,1903.0,409.0,215.044182,0.0,2670.0,TRBTXNE12903CB6528,2.8935999999999997,,
TRLSQAR128F4263CBC,,,,,,,,,,,,,,,,,TRBTXNE12903CB6528,,0.5839860179193028,0.6151066731770107
TRTMQWK128F4241384,,,,,,,,,,,,,,,,,TRBTXNE12903CB6528,,0.584997775103002,0.6122319443189098
TRXWSOU128F42662B0,,,,,,,,,,,,,,,,,TRBTXNE12903CB6528,,0.5766482991474805,0.6092094824177163
TRPBLTG128F933924A,SOUMRFE12AB0187A5A,ARJRB241187FB556A3,Calvin Harris,The Girls,Live Lounge 2,2007.0,203.88526,0.777565296434,0.532735422235,electronic,electronic; dance; electro; Disco; electronica,504.0,69.0,143.234074,0.0,4988.0,TRBUESY128F92F81F6,6.026975000000011,,
TRQXTQT128E0781DA7,,,,,,,,,,,,,,,,,TRBUESY128F92F81F6,,0.5719654414363863,0.5821427032702406
TRUEGMJ128F148D40C,SOPDMJG12A6D4F8B42,ARUMGZN1187FB37125,Slick Rick,Let's Get Crazy,The Great Adventures Of Slick Rick,1988.0,230.19057,0.6703727838,0.478985712981,hip hop,Hip-Hop; hiphop; fuckin classic; rap; hip hop,574.0,182.0,88.820043,0.0,5646.0,TRBUESY128F92F81F6,6.869590625000001,0.7763683564334114,0.7809157463430818
TRUYSOV12903CED603,,,,,,,,,,,,,,,,,TRBUESY128F92F81F6,,0.5809463170148279,0.5910307485315972
TRWSYHO128F4282346,SOKHOQG12A8C13EBF2,ARSE5NP1187B9B98AB,Twista,I'm A Winner (Amended Album Version),The Day After,2005.0,260.23138,0.889613554744,0.593808365175,hip hop,rap; Hip-Hop; winner in bed twista,1253.0,166.0,218.622963,0.0,5165.0,TRBUESY128F92F81F6,5.98426875,,
TRDPGXU128F9339C2A,SOELYON12AB01876A3,ARLHO5Z1187FB4C861,Beastie Boys,B-Boy Bouillabaisse: A.W.O.L. (2009 Digital Remaster),Paul's Boutique (20th Anniversary Remastered Edition),0.0,105.56036,0.853124523276,0.591628024008,hip hop,hip hop; leapsandbounds CDCollection,1746.0,505.0,153.652205,0.0,2633.0,TRBVOUE128F92F4B3E,3.006581250000001,,
TRFUJVJ128F426F2A2,SOONCPO12AF72A1986,AR8W8P31187B9A4063,Lauryn Hill,Interlude 5,MTV Unplugged No. 2.0,2002.0,734.48444,0.697206464376,0.580125198887,r&b/soul,ms hill; the realness; The Truth; true; rnb,1903.0,409.0,215.044182,0.0,2569.0,TRBVOUE128F92F4B3E,2.8708500000000003,,
TRGIGND128F92D45AA,,,,,,,,,,,,,,,,,TRBVOUE128F92F4B3E,,0.6366238587498805,0.6477884457189971
TRGNBRZ128F9300AF5,,,,,,,,,,,,,,,,,TRBVOUE128F92F4B3E,,,0.6477884457189971
TRLNJKO128F1468770,,,,,,,,,,,,,,,,,TRBVOUE128F92F4B3E,,0.6375393514887706,
TRQXHBL128F42A56FE,,,,,,,,,,,,,,,,,TRBVOUE128F92F4B3E,,0.6963203494162405,0.7071243832816302
TRWSYHO128F4282346,SOKHOQG12A8C13EBF2,ARSE5NP1187B9B98AB,Twista,I'm A Winner (Amended Album Version),The Day After,2005.0,260.23138,0.889613554744,0.593808365175,hip hop,rap; Hip-Hop; winner in bed twista,1253.0,166.0,218.622963,0.0,2391.0,TRBVOUE128F92F4B3E,2.7662875000000007,,
TRDLQGL128F1458AA5,,,,,,,,,,,,,,,,,TRBVPVV128F425F14F,,0.8022483556158476,0.8060299799284004
TRGUCIR128F933D817,SORMTGC12A6D4F6C8B,ARQUN9K1187B9B5BD7,Vanilla Ice,Ice Is Workin' It,To The Extreme,1990.0,275.43465,0.722075127339,0.463037021551,hip hop,rap; hiphop; 90s; cool as ice; leapsandbounds CDCollection,898.0,242.0,166.246804,0.0,17762.0,TRBVPVV128F425F14F,21.57066249999999,,
TRHTUQC128F427D30F,SODVJOJ12A8C13AB5A,ARZXLBD1187B9B1EB1,Meat Loaf,If It Aint Broke Break It,3 Bats Live,0.0,302.44526,0.800654352248,0.601699776324,rock,rock; hard rock; classic rock; Meat Loaf; pomp rock,366.0,80.0,87.183714,0.0,9883.0,TRBVPVV128F425F14F,12.055079687500008,,
TRJKYRB128F1498AF7,,,,,,,,,,,,,,,,,TRBVPVV128F425F14F,,0.7852561888559908,0.7886888273832221
TRYUJAX12903CF14E7,SOJLXYO12AC468F5F3,ARTDUXM1187B9899ED,Charley Patton,Shake It And Break It,Essential Delta Blues,1989.0,187.8722,0.574300068277,0.375593582585,blues,delta blues; guitar; Favourites; acoustic blues; Charley Patton,474.0,80.0,109.325203,0.0,12393.0,TRBVPVV128F425F14F,15.102706249999999,,
TRYXRXL128F427F13A,,,,,,,,,,,,,,,,,TRBVPVV128F425F14F,,0.8012193944770155,0.8050355745285214
TRDPGXU128F9339C2A,SOELYON12AB01876A3,ARLHO5Z1187FB4C861,Beastie Boys,B-Boy Bouillabaisse: A.W.O.L. (2009 Digital Remaster),Paul's Boutique (20th Anniversary Remastered Edition),0.0,105.56036,0.853124523276,0.591628024008,hip hop,hip hop; leapsandbounds CDCollection,1746.0,505.0,153.652205,0.0,4761.0,TRBXTYM128F930793B,5.478084375,,
TRFUJVJ128F426F2A2,SOONCPO12AF72A1986,AR8W8P31187B9A4063,Lauryn Hill,Interlude 5,MTV Unplugged No. 2.0,2002.0,734.48444,0.697206464376,0.580125198887,r&b/soul,ms hill; the realness; The Truth; true; rnb,1903.0,409.0,215.044182,0.0,5170.0,TRBXTYM128F930793B,5.896699999999999,,
TRLRCZU128F1475FBA,,,,,,,,,,,,,,,,,TRBXTYM128F930793B,,0.6478431455711086,0.6616251667757008
TRMTSMP128F92F621B,,,,,,,,,,,,,,,,,TRBXTYM128F930793B,,0.6503563740723292,0.6640112241959808
TRQAWKR128F425EEC3,SOFHEBR12CF5F892C7,ARXPPEY1187FB51DF4,Michael Jackson,Man In The Mirror,HIStory - PAST_ PRESENT AND FUTURE - Book I,1987.0,319.29424,0.855245195586,0.899991594263,pop,pop; michael jackson; 80s; soul; king of pop,1543.0,135.0,200.024998,0.0,4288.0,TRBXTYM128F930793B,,,
TRTNPZQ128F148C125,,,,,,,,,,,,,,,,,TRBXTYM128F930793B,,0.6462460748082347,0.6597749337002387
TRWSYHO128F4282346,,,,,,,,,,,,,,,,,TRBXTYM128F930793B,4.967731249999999,,
TRDPGXU128F9339C2A,SOELYON12AB01876A3,ARLHO5Z1187FB4C861,Beastie Boys,B-Boy Bouillabaisse: A.W.O.L. (2009 Digital Remaster),Paul's Boutique (20th Anniversary Remastered Edition),0.0,105.56036,0.853124523276,0.591628024008,hip hop,hip hop; leapsandbounds CDCollection,1746.0,505.0,153.652205,0.0,3028.0,TRBXYKU128F427915D,3.3541500000000006,,
TRFUJVJ128F426F2A2,SOONCPO12AF72A1986,AR8W8P31187B9A4063,Lauryn Hill,Interlude 5,MTV Unplugged No. 2.0,2002.0,734.48444,0.697206464376,0.580125198887,r&b/soul,ms hill; the realness; The Truth; true; rnb,1903.0,409.0,215.044182,0.0,3952.0,TRBXYKU128F427915D,4.424799999999999,,
TRGLNKG128F9307689,SOFVLYU12AB017F502,ARTH9041187FB43E1F,Eminem,My Darling,Relapse [Deluxe],2009.0,320.49587,0.871010615313,0.879236744738,hip hop,rap; detroit; Hip-Hop; Horrorcore; MOONH8SUN,1055.0,293.0,140.089257,0.0,2502.0,TRBXYKU128F427915D,2.812149999999999,,
TRHPKWO128F92E01D5,,,,,,,,,,,,,,,,,TRBXYKU128F427915D,,0.6753140731104026,0.6990435157457604
TRHZGWZ128F424F477,,,,,,,,,,,,,,,,,TRBXYKU128F427915D,,0.6886809609253998,0.7077191201951414
TRUVVFR128F4248609,,,,,,,,,,,,,,,,,TRBXYKU128F427915D,,0.6805643412469534,0.7025329622074038
TRFUJVJ128F426F2A2,SOONCPO12AF72A1986,AR8W8P31187B9A4063,Lauryn Hill,Interlude 5,MTV Unplugged No. 2.0,2002.0,734.48444,0.697206464376,0.580125198887,r&b/soul,ms hill; the realness; The Truth; true; rnb,1903.0,409.0,215.044182,0.0,1536.0,TRBYDKJ12903CA9D33,1.7843000000000007,,
TRGXDVA128F9350A48,,,,,,,,,,,,,,,,,TRBYDKJ12903CA9D33,,0.6876158558692342,0.6922102848214412
TRKLJAG128F42B31CF,SOTGRDJ12A8C13FE2A,ARB8DSE1187FB3CFC4,Mario Vazquez,Everytime I...,Mario Vazquez,2006.0,241.71057,0.723005147335,0.395148687525,r&b/soul,mario vazquez; Everytime I; soul; rnb; r&b,511.0,114.0,125.658267,0.0,1227.0,TRBYDKJ12903CA9D33,1.4922656250000037,,
TRUQRFW128F145877E,,,,,,,,,,,,,,,,,TRBYDKJ12903CA9D33,,0.7249993384308502,0.7291485984915439
TRVJCDB128F4263466,SONBWLV12A58A7C4D2,ARW3KW81187B9A8DB1,Kandi,I Wanna Know,Hey Kandi...,2000.0,219.19302,0.679296307984,0.54174343868,r&b/soul,rnb; pop; female vocalists; new; iight,591.0,118.0,137.499091,0.0,1868.0,TRBYDKJ12903CA9D33,2.283006250000001,0.8412829926310669,0.8441646524652541
TRFFSMS128F428BC88,SOEMVNF12A8C13C53A,ARDCFNZ1187FB3DDB0,Enrique Iglesias,Miss You,Insomniac,2007.0,201.24689,0.827357260054,0.752927890401,latin,latin; Love; dance; Enrique Iglesias; favourite,488.0,58.0,131.419177,0.0,1932.0,TRBYMWR128F425DD8E,2.3051562500000027,,
TRFKPYW128F92F21C5,,,,,,,,,,,,,,,,,TRBYMWR128F425DD8E,,0.6434667545561407,0.6510024687072693
TRLUGVB128F428E704,SOWLYQH12A58A7A5F8,ARJWOHS1187FB4361D,Tracey Ullman,Breakaway,You Broke My Heart In Seventeen Places,1983.0,296.88118,0.561726465212,0.390790186576,pop,80s; pop; rock; female vocalists; performed on top of the pops,298.0,73.0,90.338253,0.0,1748.0,TRBYMWR128F425DD8E,2.1181687500000006,,
TRRCXJT128F425BB27,,,,,,,,,,,,,,,,,TRBYMWR128F425DD8E,,0.6710903556626344,0.6770187355102132
TRTHNFG12903D0CE54,SONCVPT12AC468B123,AR1ZHZ51187FB37FEC,Violadores del Verso,Dale tiempo al rumor,Vivir Para Contarlo,2006.0,370.02404,0.658189532108,0.524275367928,hip hop,spanish; Hip-Hop; subelamusica; spanish rap; Doble V,749.0,199.0,99.95499,0.0,1779.0,TRBYMWR128F425DD8E,2.1065062500000007,,
TRWCDDJ128F9343D91,,,,,,,,,,,,,,,,,TRBYMWR128F425DD8E,,0.6821002016409273,0.6859793305271504
TRDPGXU128F9339C2A,SOELYON12AB01876A3,ARLHO5Z1187FB4C861,Beastie Boys,B-Boy Bouillabaisse: A.W.O.L. (2009 Digital Remaster),Paul's Boutique (20th Anniversary Remastered Edition),0.0,105.56036,0.853124523276,0.591628024008,hip hop,hip hop; leapsandbounds CDCollection,1746.0,505.0,153.652205,0.0,8009.0,TRBZXAC12903CBB0CE,9.1707078125,,
TRFPLQD128F92FFB52,,,,,,,,,,,,,,,,,TRBZXAC12903CBB0CE,,0.8067309259411559,0.8177630584938008
TRFUJVJ128F426F2A2,SOONCPO12AF72A1986,AR8W8P31187B9A4063,Lauryn Hill,Interlude 5,MTV Unplugged No. 2.0,2002.0,734.48444,0.697206464376,0.580125198887,r&b/soul,ms hill; the realness; The Truth; true; rnb,1903.0,409.0,215.044182,0.0,10649.0,TRBZXAC12903CBB0CE,12.306150000000008,,
TRKXFLD128F1479BC0,,,,,,,,,,,,,,,,,TRBZXAC12903CBB0CE,,0.801732502375917,
TRTAYPD128F42A4C9C,,,,,,,,,,,,,,,,,TRBZXAC12903CBB0CE,,0.8130814239196005,0.824366035372372
TRVUUKM128F425FB16,,,,,,,,,,,,,,,,,TRBZXAC12903CBB0CE,,,0.812877151116447
TRWSYHO128F4282346,SOKHOQG12A8C13EBF2,ARSE5NP1187B9B98AB,Twista,I'm A Winner (Amended Album Version),The Day After,2005.0,260.23138,0.889613554744,0.593808365175,hip hop,rap; Hip-Hop; winner in bed twista,1253.0,166.0,218.622963,0.0,7264.0,TRBZXAC12903CBB0CE,8.423134375000004,,
TRDPGXU128F9339C2A,SOELYON12AB01876A3,ARLHO5Z1187FB4C861,Beastie Boys,B-Boy Bouillabaisse: A.W.O.L. (2009 Digital Remaster),Paul's Boutique (20th Anniversary Remastered Edition),0.0,105.56036,0.853124523276,0.591628024008,hip hop,hip hop; leapsandbounds CDCollection,1746.0,505.0,153.652205,0.0,3224.0,TRCACEF128F42434D7,,,
TRFUJVJ128F426F2A2,SOONCPO12AF72A1986,AR8W8P31187B9A4063,Lauryn Hill,Interlude 5,MTV Unplugged No. 2.0,2002.0,734.48444,0.697206464376,0.580125198887,r&b/soul,ms hill; the realness; The Truth; true; rnb,1903.0,409.0,215.044182,0.0,4262.0,TRCACEF128F42434D7,4.7479000000000005,,
TRFWLYB128F4291502,,,,,,,,,,,,,,,,,TRCACEF128F42434D7,,0.4264494506448942,0.4323110927386168
TRQLSLN12903CA37C3,SOOTUPB12AB0187321,ARROWYU1187B9AB4BB,Big Bad Voodoo Daddy,Mambo Swing,Big Bad Voodoo Daddy,1998.0,307.46077,0.620995693213,0.521712405225,jazz,swing; mambo; jazz; Big Band; Neo-swing,267.0,58.0,74.726167,0.0,3395.0,TRCACEF128F42434D7,4.161062500000002,0.8275470070215409,0.8286527685473251
TRTUWLC12903C94E7A,,,,,,,,,,,,,,,,,TRCACEF128F42434D7,,0.6658309762782423,0.6742611420066916
TRWSYHO128F4282346,,,,,,,,,,,,,,,,,TRCACEF128F42434D7,3.5937124999999996,,
TRCBAMW128EF3435A0,,,,,,,,,,,,,,,,,TRCAWAA128F93257D1,,0.5507606502170155,0.56312139828566
TRDIJKP12903CDCAF4,,,,,,,,,,,,,,,,,TRCAWAA128F93257D1,,0.5524728426306006,0.5688475571419305
TRDPGXU128F9339C2A,SOELYON12AB01876A3,ARLHO5Z1187FB4C861,Beastie Boys,B-Boy Bouillabaisse: A.W.O.L. (2009 Digital Remaster),Paul's Boutique (20th Anniversary Remastered Edition),0.0,105.56036,0.853124523276,0.591628024008,hip hop,hip hop; leapsandbounds CDCollection,1746.0,505.0,153.652205,0.0,2555.0,TRCAWAA128F93257D1,2.7955984375000007,,
TRFUJVJ128F426F2A2,SOONCPO12AF72A1986,AR8W8P31187B9A4063,Lauryn Hill,Interlude 5,MTV Unplugged No. 2.0,2002.0,734.48444,0.697206464376,0.580125198887,r&b/soul,ms hill; the realness; The Truth; true; rnb,1903.0,409.0,215.044182,0.0,3589.0,TRCAWAA128F93257D1,4.01015,,
TRWSYHO128F4282346,SOKHOQG12A8C13EBF2,ARSE5NP1187B9B98AB,Twista,I'm A Winner (Amended Album Version),The Day After,2005.0,260.23138,0.889613554744,0.593808365175,hip hop,rap; Hip-Hop; winner in bed twista,1253.0,166.0,218.622963,0.0,2457.0,TRCAWAA128F93257D1,2.7601031249999983,,
TRYJFOZ12903CDCBD8,,,,,,,,,,,,,,,,,TRCAWAA128F93257D1,,0.5675331097085538,0.5841452226386992
TREBGAA128E078FC52,SOVYGAV12A58A7C3A9,AR24DZB1187FB3C869,Erykah Badu,I Want You,Worldwide Underground,2003.0,653.13914,0.855731901717,0.584841725537,r&b/soul,soul; Neo-Soul; female vocalists; rnb; Erykah Badu,617.0,98.0,153.163312,0.0,6725.0,TRCDAUA128E0784644,8.038539062500002,,
TRFUJVJ128F426F2A2,SOONCPO12AF72A1986,AR8W8P31187B9A4063,Lauryn Hill,Interlude 5,MTV Unplugged No. 2.0,2002.0,734.48444,0.697206464376,0.580125198887,r&b/soul,ms hill; the realness; The Truth; true; rnb,1903.0,409.0,215.044182,0.0,9611.0,TRCDAUA128E0784644,11.013249999999998,,
TRFYGMB128F425A7A2,,,,,,,,,,,,,,,,,TRCDAUA128E0784644,,0.8076014582768113,0.8151545838093671
TRISFKH128F9336E63,,,,,,,,,,,,,,,,,TRCDAUA128E0784644,,0.8069587678611957,0.8162256778666267
TRWLKBS12903CC57D7,,,,,,,,,,,,,,,,,TRCDAUA128E0784644,,0.8157285543350993,0.8259639967078707
TRWSYHO128F4282346,SOKHOQG12A8C13EBF2,ARSE5NP1187B9B98AB,Twista,I'm A Winner (Amended Album Version),The Day After,2005.0,260.23138,0.889613554744,0.593808365175,hip hop,rap; Hip-Hop; winner in bed twista,1253.0,166.0,218.622963,0.0,8460.0,TRCDAUA128E0784644,9.921140625000003,,
TREBGAA128E078FC52,SOVYGAV12A58A7C3A9,AR24DZB1187FB3C869,Erykah Badu,I Want You,Worldwide Underground,2003.0,653.13914,0.855731901717,0.584841725537,r&b/soul,soul; Neo-Soul; female vocalists; rnb; Erykah Badu,617.0,98.0,153.163312,0.0,6340.0,TRCDLUM128F9331CA9,7.6249140625,,
TRFUJVJ128F426F2A2,SOONCPO12AF72A1986,AR8W8P31187B9A4063,Lauryn Hill,Interlude 5,MTV Unplugged No. 2.0,2002.0,734.48444,0.697206464376,0.580125198887,r&b/soul,ms hill; the realness; The Truth; true; rnb,1903.0,409.0,215.044182,0.0,7931.0,TRCDLUM128F9331CA9,9.097249999999997,,
TRJLMAI128F92EBB04,,,,,,,,,,,,,,,,,TRCDLUM128F9331CA9,,0.7201320871740186,0.7339754351838812
TRMASAZ128F428EF4E,,,,,,,,,,,,,,,,,TRCDLUM128F9331CA9,,0.7483436842603696,0.759042196768557
TRMWVDI128F92FFA8A,,,,,,,,,,,,,,,,,TRCDLUM128F9331CA9,,0.714890836538126,0.7278671472553035
TRWSYHO128F4282346,SOKHOQG12A8C13EBF2,ARSE5NP1187B9B98AB,Twista,I'm A Winner (Amended Album Version),The Day After,2005.0,260.23138,0.889613554744,0.593808365175,hip hop,rap; Hip-Hop; winner in bed twista,1253.0,166.0,218.622963,0.0,7167.0,TRCDLUM128F9331CA9,8.425140625000003,,
TRCHZXW128E079288A,SOMEJDK12D0219BB71,ARTH9041187FB43E1F,Eminem,8 Mile,8 Mile,2002.0,359.3922,0.886183647684,0.852677055416,hip hop,rap; Hip-Hop; Eminem; Soundtrack; hip hop,1141.0,328.0,132.992481,0.0,7155.0,TRCEYQJ128E07862DE,8.20055,,
TRDPGXU128F9339C2A,SOELYON12AB01876A3,ARLHO5Z1187FB4C861,Beastie Boys,B-Boy Bouillabaisse: A.W.O.L. (2009 Digital Remaster),Paul's Boutique (20th Anniversary Remastered Edition),0.0,105.56036,0.853124523276,0.591628024008,hip hop,hip hop; leapsandbounds CDCollection,1746.0,505.0,153.652205,0.0,7905.0,TRCEYQJ128E07862DE,8.896450000000003,,
TRFUJVJ128F426F2A2,SOONCPO12AF72A1986,AR8W8P31187B9A4063,Lauryn Hill,Interlude 5,MTV Unplugged No. 2.0,2002.0,734.48444,0.697206464376,0.580125198887,r&b/soul,ms hill; the realness; The Truth; true; rnb,1903.0,409.0,215.044182,0.0,8107.0,TRCEYQJ128E07862DE,8.95615,,
TRQXHBL128F42A56FE,,,,,,,,,,,,,,,,,TRCEYQJ128E07862DE,,0.7494190681785059,0.7597862287839753
TRSEKVK128F4289138,,,,,,,,,,,,,,,,,TRCEYQJ128E07862DE,,0.7741734030921296,0.77977202325625
TRTPMBB128F42934F8,,,,,,,,,,,,,,,,,TRCEYQJ128E07862DE,,0.7599273913551386,0.7744778017557445
TRCQNWN128F92EA07D,,,,,,,,,,,,,,,,,TRCFCHA128F4259A75,,,0.6011684529081096
TRDPGXU128F9339C2A,SOELYON12AB01876A3,ARLHO5Z1187FB4C861,Beastie Boys,B-Boy Bouillabaisse: A.W.O.L. (2009 Digital Remaster),Paul's Boutique (20th Anniversary Remastered Edition),0.0,105.56036,0.853124523276,0.591628024008,hip hop,hip hop; leapsandbounds CDCollection,1746.0,505.0,153.652205,0.0,1901.0,TRCFCHA128F4259A75,2.039648437499999,,
TRFLWJZ128F425C9E4,SOZTZRR12A58A80C97,AR82DJK1187B991107,The Pharcyde,Otha Fish,Bizarre Ride II The Pharcyde,1992.0,321.43628,0.756063870843,0.491468881637,hip hop,Hip-Hop; hip hop; oldschool; rap; oldskool,997.0,247.0,147.895233,0.0,1723.0,TRCFCHA128F4259A75,1.9445703125000002,,
TRFUJVJ128F426F2A2,SOONCPO12AF72A1986,AR8W8P31187B9A4063,Lauryn Hill,Interlude 5,MTV Unplugged No. 2.0,2002.0,734.48444,0.697206464376,0.580125198887,r&b/soul,ms hill; the realness; The Truth; true; rnb,1903.0,409.0,215.044182,0.0,2022.0,TRCFCHA128F4259A75,2.1250000000000027,,
TRJEJXZ128F9321015,,,,,,,,,,,,,,,,,TRCFCHA128F4259A75,,0.5983002946014025,0.6146838438611498
TROURLD128F42A9F95,,,,,,,,,,,,,,,,,TRCFCHA128F4259A75,,0.5682863611064933,
TRQNPBZ128F424A1C9,,,,,,,,,,,,,,,,,TRCFCHA128F4259A75,,0.5782416006054896,0.5947372708263751
TRDPGXU128F9339C2A,SOELYON12AB01876A3,ARLHO5Z1187FB4C861,Beastie Boys,B-Boy Bouillabaisse: A.W.O.L. (2009 Digital Remaster),Paul's Boutique (20th Anniversary Remastered Edition),0.0,105.56036,0.853124523276,0.591628024008,hip hop,hip hop; leapsandbounds CDCollection,1746.0,505.0,153.652205,0.0,4590.0,TRCFFVR128F145D6DF,5.272028125000002,,
TRFFJLM128F148BCEF,,,,,,,,,,,,,,,,,TRCFFVR128F145D6DF,,0.6941897679290933,0.7059135987895176
TRFUJVJ128F426F2A2,SOONCPO12AF72A1986,AR8W8P31187B9A4063,Lauryn Hill,Interlude 5,MTV Unplugged No. 2.0,2002.0,734.48444,0.697206464376,0.580125198887,r&b/soul,ms hill; the realness; The Truth; true; rnb,1903.0,409.0,215.044182,0.0,6064.0,TRCFFVR128F145D6DF,7.023400000000002,,
TRQQXAH128F429146D,,,,,,,,,,,,,,,,,TRCFFVR128F145D6DF,,0.6982091345446289,0.7057303429263277
TRWKDZE128F1451EAC,,,,,,,,,,,,,,,,,TRCFFVR128F145D6DF,,0.7611259490384014,0.7678901566477074
TRWSYHO128F4282346,SOKHOQG12A8C13EBF2,ARSE5NP1187B9B98AB,Twista,I'm A Winner (Amended Album Version),The Day After,2005.0,260.23138,0.889613554744,0.593808365175,hip hop,rap; Hip-Hop; winner in bed twista,1253.0,166.0,218.622963,0.0,4571.0,TRCFFVR128F145D6DF,5.349993750000001,,
TREBGAA128E078FC52,SOVYGAV12A58A7C3A9,AR24DZB1187FB3C869,Erykah Badu,I Want You,Worldwide Underground,2003.0,653.13914,0.855731901717,0.584841725537,r&b/soul,soul; Neo-Soul; female vocalists; rnb; Erykah Badu,617.0,98.0,153.163312,0.0,6291.0,TRCFPJF128F428A872,7.680317187499997,,
TRECXRG128F426AF2B,,,,,,,,,,,,,,,,,TRCFPJF128F428A872,,0.7970538844156032,0.8014557433217919
TRFUJVJ128F426F2A2,SOONCPO12AF72A1986,AR8W8P31187B9A4063,Lauryn Hill,Interlude 5,MTV Unplugged No. 2.0,2002.0,734.48444,0.697206464376,0.580125198887,r&b/soul,ms hill; the realness; The Truth; true; rnb,1903.0,409.0,215.044182,0.0,7889.0,TRCFPJF128F428A872,9.362150000000003,,
TRLVWXW128F4253365,,,,,,,,,,,,,,,,,TRCFPJF128F428A872,,0.8572527623051486,0.8602212578815764
TRNZPAS128F148D3EB,,,,,,,,,,,,,,,,,TRCFPJF128F428A872,,0.8294796744438501,0.8335277879280489
TRWSYHO128F4282346,SOKHOQG12A8C13EBF2,ARSE5NP1187B9B98AB,Twista,I'm A Winner (Amended Album Version),The Day After,2005.0,260.23138,0.889613554744,0.593808365175,hip hop,rap; Hip-Hop; winner in bed twista,1253.0,166.0,218.622963,0.0,7104.0,TRCFPJF128F428A872,8.553821875,,
TRDPGXU128F9339C2A,SOELYON12AB01876A3,ARLHO5Z1187FB4C861,Beastie Boys,B-Boy Bouillabaisse: A.W.O.L. (2009 Digital Remaster),Paul's Boutique (20th Anniversary Remastered Edition),0.0,105.56036,0.853124523276,0.591628024008,hip hop,hip hop; leapsandbounds CDCollection,1746.0,505.0,153.652205,0.0,1679.0,TRCGRJV128F1477322,1.740990625000001,,
TRFEGGQ128E07898AA,,,,,,,,,,,,,,,,,TRCGRJV128F1477322,,0.5880641689006192,0.5981221005231611
TRFUJVJ128F426F2A2,SOONCPO12AF72A1986,AR8W8P31187B9A4063,Lauryn Hill,Interlude 5,MTV Unplugged No. 2.0,2002.0,734.48444,0.697206464376,0.580125198887,r&b/soul,ms hill; the realness; The Truth; true; rnb,1903.0,409.0,215.044182,0.0,2088.0,TRCGRJV128F1477322,2.1822000000000017,,
TRQAWKR128F425EEC3,SOFHEBR12CF5F892C7,ARXPPEY1187FB51DF4,Michael Jackson,Man In The Mirror,HIStory - PAST_ PRESENT AND FUTURE - Book I,1987.0,319.29424,0.855245195586,0.899991594263,pop,pop; michael jackson; 80s; soul; king of pop,1543.0,135.0,200.024998,0.0,1600.0,TRCGRJV128F1477322,1.6332312500000008,,
TRUOWXS128F4232239,,,,,,,,,,,,,,,,,TRCGRJV128F1477322,,0.5161077045587951,0.5365117497382341
TRWGVKC128F92EAB51,,,,,,,,,,,,,,,,,TRCGRJV128F1477322,,0.5003414974449243,0.5195669820234049
TRDPGXU128F9339C2A,SOELYON12AB01876A3,ARLHO5Z1187FB4C861,Beastie Boys,B-Boy Bouillabaisse: A.W.O.L. (2009 Digital Remaster),Paul's Boutique (20th Anniversary Remastered Edition),0.0,105.56036,0.853124523276,0.591628024008,hip hop,hip hop; leapsandbounds CDCollection,1746.0,505.0,153.652205,0.0,17013.0,TRCHZXW128E079288A,19.4793765625,,
TREBQOW128F92C4549,,,,,,,,,,,,,,,,,TRCHZXW128E079288A,,0.8921928015781533,0.896699433811434
TRFUJVJ128F426F2A2,SOONCPO12AF72A1986,AR8W8P31187B9A4063,Lauryn Hill,Interlude 5,MTV Unplugged No. 2.0,2002.0,734.48444,0.697206464376,0.580125198887,r&b/soul,ms hill; the realness; The Truth; true; rnb,1903.0,409.0,215.044182,0.0,16626.0,TRCHZXW128E079288A,18.645799999999994,,
TRKLJAG128F42B31CF,,,,,,,,,,,,,,,,,TRCHZXW128E079288A,16.449296874999973,,
TRQMGEQ128F145F0AF,,,,,,,,,,,,,,,,,TRCHZXW128E079288A,,0.8653391439458362,0.8727866174428162
TRTVTYS128E0792887,,,,,,,,,,,,,,,,,TRCHZXW128E079288A,,0.8693785025650032,0.8769762457980983
TRWSYHO128F4282346,SOKHOQG12A8C13EBF2,ARSE5NP1187B9B98AB,Twista,I'm A Winner (Amended Album Version),The Day After,2005.0,260.23138,0.889613554744,0.593808365175,hip hop,rap; Hip-Hop; winner in bed twista,1253.0,166.0,218.622963,0.0,14068.0,TRCHZXW128E079288A,,,
TRDPGXU128F9339C2A,SOELYON12AB01876A3,ARLHO5Z1187FB4C861,Beastie Boys,B-Boy Bouillabaisse: A.W.O.L. (2009 Digital Remaster),Paul's Boutique (20th Anniversary Remastered Edition),0.0,105.56036,0.853124523276,0.591628024008,hip hop,hip hop; leapsandbounds CDCollection,1746.0,505.0,153.652205,0.0,8578.0,TRCJADX128F428D3E0,,,
TREBGAA128E078FC52,,,,,,,,,,,,,,,,,TRCJADX128F428D3E0,10.159753125000003,,
TRFUJVJ128F426F2A2,SOONCPO12AF72A1986,AR8W8P31187B9A4063,Lauryn Hill,Interlude 5,MTV Unplugged No. 2.0,2002.0,734.48444,0.697206464376,0.580125198887,r&b/soul,ms hill; the realness; The Truth; true; rnb,1903.0,409.0,215.044182,0.0,11300.0,TRCJADX128F428D3E0,13.117599999999998,,
TRJCYOI128F9320EF6,,,,,,,,,,,,,,,,,TRCJADX128F428D3E0,,0.7749752103441903,0.7815844439734705
TRTXZGM128F428B62B,,,,,,,,,,,,,,,,,TRCJADX128F428D3E0,,0.763982698887039,0.7719389916322995
TRWSYHO128F4282346,SOKHOQG12A8C13EBF2,ARSE5NP1187B9B98AB,Twista,I'm A Winner (Amended Album Version),The Day After,2005.0,260.23138,0.889613554744,0.593808365175,hip hop,rap; Hip-Hop; winner in bed twista,1253.0,166.0,218.622963,0.0,8604.0,TRCJADX128F428D3E0,10.096631250000007,,
TRZCHKB128F92CB740,,,,,,,,,,,,,,,,,TRCJADX128F428D3E0,,0.7683530845057379,0.7761534299422532
TRABOIH128F9300B06,,,,,,,,,,,,,,,,,TRCKZBM128F425A2DD,,0.5271528991674382,0.5405233696340517
TRECZIB12903CB8033,,,,,,,,,,,,,,,,,TRCKZBM128F425A2DD,,0.5554113248611345,0.5664108791144276
TRFUJVJ128F426F2A2,SOONCPO12AF72A1986,AR8W8P31187B9A4063,Lauryn Hill,Interlude 5,MTV Unplugged No. 2.0,2002.0,734.48444,0.697206464376,0.580125198887,r&b/soul,ms hill; the realness; The Truth; true; rnb,1903.0,409.0,215.044182,0.0,1562.0,TRCKZBM128F425A2DD,1.6787999999999998,,
TRVRZZI128F426846B,,,,,,,,,,,,,,,,,TRCKZBM128F425A2DD,,0.5783845825398567,0.5914153703399583
TRYCBLK12903CE6A0E,SOWQRYJ12AB0189461,ARJ5LS21187B991003,Twiztid,She Ain't Afraid,Psychopathics From Outer Space,1998.0,361.50812,0.738651094386,0.490733207715,hip hop,psychopathic; Horrorcore; cocaine; Porno; porn,1102.0,277.0,117.826143,0.0,1429.0,TRCKZBM128F425A2DD,1.626901562500001,,
TRYOUMI128E078F4DE,SOUCZAI12A6701DF5D,AR0MC4G1187B9AE836,K-Ci & JoJo,Baby Come Back,Love Always,1997.0,256.05179,0.645988951263,0.544614576924,blues,rhythm and blues,538.0,99.0,111.171039,0.0,1412.0,TRCKZBM128F425A2DD,1.672960937500001,,
TRDPGXU128F9339C2A,SOELYON12AB01876A3,ARLHO5Z1187FB4C861,Beastie Boys,B-Boy Bouillabaisse: A.W.O.L. (2009 Digital Remaster),Paul's Boutique (20th Anniversary Remastered Edition),0.0,105.56036,0.853124523276,0.591628024008,hip hop,hip hop; leapsandbounds CDCollection,1746.0,505.0,153.652205,0.0,1243.0,TRCLERB12903CBBC8D,1.3902578124999996,,
TRFBASZ128F42317D3,,,,,,,,,,,,,,,,,TRCLERB12903CBBC8D,,0.5831553281937345,0.5958706870221957
TRFUJVJ128F426F2A2,SOONCPO12AF72A1986,AR8W8P31187B9A4063,Lauryn Hill,Interlude 5,MTV Unplugged No. 2.0,2002.0,734.48444,0.697206464376,0.580125198887,r&b/soul,ms hill; the realness; The Truth; true; rnb,1903.0,409.0,215.044182,0.0,1944.0,TRCLERB12903CBBC8D,2.2345000000000006,,
TRPRGEY128F42466DB,,,,,,,,,,,,,,,,,TRCLERB12903CBBC8D,,0.6892562575485356,0.6979276657996403
TRVWMKK128F422AD41,,,,,,,,,,,,,,,,,TRCLERB12903CBBC8D,,0.6394537290294539,0.6509717320768102
TRWSYHO128F4282346,SOKHOQG12A8C13EBF2,ARSE5NP1187B9B98AB,Twista,I'm A Winner (Amended Album Version),The Day After,2005.0,260.23138,0.889613554744,0.593808365175,hip hop,rap; Hip-Hop; winner in bed twista,1253.0,166.0,218.622963,0.0,1399.0,TRCLERB12903CBBC8D,1.6209843750000004,,
TRBEBJO128C719646B,SORXHBR12AF72A5DA5,ARCBD0U1187FB466EF,Nelly,Splurge,Nellyville,2002.0,309.49832,0.912368981478,0.787994622198,hip hop,Hip-Hop; rap; hip hop; rnb; 00s,911.0,225.0,131.289756,0.0,2584.0,TRCLZPO128F427CD3A,3.0215531250000014,,
TRDPGXU128F9339C2A,SOELYON12AB01876A3,ARLHO5Z1187FB4C861,Beastie Boys,B-Boy Bouillabaisse: A.W.O.L. (2009 Digital Remaster),Paul's Boutique (20th Anniversary Remastered Edition),0.0,105.56036,0.853124523276,0.591628024008,hip hop,hip hop; leapsandbounds CDCollection,1746.0,505.0,153.652205,0.0,3183.0,TRCLZPO128F427CD3A,3.6286843749999997,0.7115055402547761,0.7287728118461179
TREBQOW128F92C4549,,,,,,,,,,,,,,,,,TRCLZPO128F427CD3A,,0.701107023207444,
TRFUJVJ128F426F2A2,SOONCPO12AF72A1986,AR8W8P31187B9A4063,Lauryn Hill,Interlude 5,MTV Unplugged No. 2.0,2002.0,734.48444,0.697206464376,0.580125198887,r&b/soul,ms hill; the realness; The Truth; true; rnb,1903.0,409.0,215.044182,0.0,4157.0,TRCLZPO128F427CD3A,4.777649999999999,,
TRJIUQV128F92C654D,,,,,,,,,,,,,,,,,TRCLZPO128F427CD3A,,,0.7181582639713501
TRZPHVT128F4298109,,,,,,,,,,,,,,,,,TRCLZPO128F427CD3A,,0.7065540554632597,0.7211970909550356
TRDPGXU128F9339C2A,SOELYON12AB01876A3,ARLHO5Z1187FB4C861,Beastie Boys,B-Boy Bouillabaisse: A.W.O.L. (2009 Digital Remaster),Paul's Boutique (20th Anniversary Remastered Edition),0.0,105.56036,0.853124523276,0.591628024008,hip hop,hip hop; leapsandbounds CDCollection,1746.0,505.0,153.652205,0.0,2594.0,TRCNUNL128F93437CF,2.905898437499998,,
TRFUJVJ128F426F2A2,SOONCPO12AF72A1986,AR8W8P31187B9A4063,Lauryn Hill,Interlude 5,MTV Unplugged No. 2.0,2002.0,734.48444,0.697206464376,0.580125198887,r&b/soul,ms hill; the realness; The Truth; true; rnb,1903.0,409.0,215.044182,0.0,3529.0,TRCNUNL128F93437CF,4.0087499999999965,,
TRJADED128E078FB2A,,,,,,,,,,,,,,,,,TRCNUNL128F93437CF,,0.7098437463373442,0.7272648260569898
TRTAYPD128F42A4C9C,,,,,,,,,,,,,,,,,TRCNUNL128F93437CF,,0.6838021961195,0.702882205347534
TRWSYHO128F4282346,SOKHOQG12A8C13EBF2,ARSE5NP1187B9B98AB,Twista,I'm A Winner (Amended Album Version),The Day After,2005.0,260.23138,0.889613554744,0.593808365175,hip hop,rap; Hip-Hop; winner in bed twista,1253.0,166.0,218.622963,0.0,2319.0,TRCNUNL128F93437CF,2.635703124999996,,
TRXWSOU128F42662B0,,,,,,,,,,,,,,,,,TRCNUNL128F93437CF,,0.6829748169205637,0.7033017724963556
TRCHZXW128E079288A,,,,,,,,,,,,,,,,,TRCONIY128F932A7DA,4.533075000000002,,
TRDPGXU128F9339C2A,SOELYON12AB01876A3,ARLHO5Z1187FB4C861,Beastie Boys,B-Boy Bouillabaisse: A.W.O.L. (2009 Digital Remaster),Paul's Boutique (20th Anniversary Remastered Edition),0.0,105.56036,0.853124523276,0.591628024008,hip hop,hip hop; leapsandbounds CDCollection,1746.0,505.0,153.652205,0.0,4785.0,TRCONIY128F932A7DA,5.581175000000005,0.7940886101353708,0.8014098433669898
TRFUJVJ128F426F2A2,SOONCPO12AF72A1986,AR8W8P31187B9A4063,Lauryn Hill,Interlude 5,MTV Unplugged No. 2.0,2002.0,734.48444,0.697206464376,0.580125198887,r&b/soul,ms hill; the realness; The Truth; true; rnb,1903.0,409.0,215.044182,0.0,5271.0,TRCONIY128F932A7DA,6.1103499999999995,,
TROSKLK128F145806A,,,,,,,,,,,,,,,,,TRCONIY128F932A7DA,,0.7895522928983688,0.7979321421748253
TRWSYHO128F4282346,SOKHOQG12A8C13EBF2,ARSE5NP1187B9B98AB,Twista,I'm A Winner (Amended Album Version),The Day After,2005.0,260.23138,0.889613554744,0.593808365175,hip hop,rap; Hip-Hop; winner in bed twista,1253.0,166.0,218.622963,0.0,3872.0,TRCONIY128F932A7DA,,,
TRXYREI128F4261E8F,,,,,,,,,,,,,,,,,TRCONIY128F932A7DA,,0.7930863502053535,0.8009351075131131
TRBHNHZ128F42A6BEF,,,,,,,,,,,,,,,,,TRCQNWN128F92EA07D,,0.7183852001543045,0.7378569294732891
TRDPGXU128F9339C2A,SOELYON12AB01876A3,ARLHO5Z1187FB4C861,Beastie Boys,B-Boy Bouillabaisse: A.W.O.L. (2009 Digital Remaster),Paul's Boutique (20th Anniversary Remastered Edition),0.0,105.56036,0.853124523276,0.591628024008,hip hop,hip hop; leapsandbounds CDCollection,1746.0,505.0,153.652205,0.0,4091.0,TRCQNWN128F92EA07D,4.5194078125,,
TRFUJVJ128F426F2A2,SOONCPO12AF72A1986,AR8W8P31187B9A4063,Lauryn Hill,Interlude 5,MTV Unplugged No. 2.0,2002.0,734.48444,0.697206464376,0.580125198887,r&b/soul,ms hill; the realness; The Truth; true; rnb,1903.0,409.0,215.044182,0.0,5138.0,TRCQNWN128F92EA07D,5.7118,,
TRJVBYA128F93434FD,,,,,,,,,,,,,,,,,TRCQNWN128F92EA07D,,0.7229745743863896,0.7442728902025324
TRPWCMZ128F9300B63,,,,,,,,,,,,,,,,,TRCQNWN128F92EA07D,,0.722492012851034,0.7484972895490318
TRWSYHO128F4282346,SOKHOQG12A8C13EBF2,ARSE5NP1187B9B98AB,Twista,I'm A Winner (Amended Album Version),The Day After,2005.0,260.23138,0.889613554744,0.593808365175,hip hop,rap; Hip-Hop; winner in bed twista,1253.0,166.0,218.622963,0.0,4480.0,TRCQNWN128F92EA07D,5.135534375,,
TRBWQCV128F1460B80,,,,,,,,,,,,,,,,,TRCRHFK128F427FD8F,,0.7241281034684451,0.7401553649414182
TRDPGXU128F9339C2A,SOELYON12AB01876A3,ARLHO5Z1187FB4C861,Beastie Boys,B-Boy Bouillabaisse: A.W.O.L. (2009 Digital Remaster),Paul's Boutique (20th Anniversary Remastered Edition),0.0,105.56036,0.853124523276,0.591628024008,hip hop,hip hop; leapsandbounds CDCollection,1746.0,505.0,153.652205,0.0,2735.0,TRCRHFK128F427FD8F,3.1186937499999994,,
TREHMUM12903CA8188,,,,,,,,,,,,,,,,,TRCRHFK128F427FD8F,,0.7301753979225891,0.7458850623957862
TRFFJLM128F148BCEF,,,,,,,,,,,,,,,,,TRCRHFK128F427FD8F,,0.7436169401991423,0.7577498803644956
TRFUJVJ128F426F2A2,SOONCPO12AF72A1986,AR8W8P31187B9A4063,Lauryn Hill,Interlude 5,MTV Unplugged No. 2.0,2002.0,734.48444,0.697206464376,0.580125198887,r&b/soul,ms hill; the realness; The Truth; true; rnb,1903.0,409.0,215.044182,0.0,3707.0,TRCRHFK128F427FD8F,4.274950000000001,,
TRWSYHO128F4282346,SOKHOQG12A8C13EBF2,ARSE5NP1187B9B98AB,Twista,I'm A Winner (Amended Album Version),The Day After,2005.0,260.23138,0.889613554744,0.593808365175,hip hop,rap; Hip-Hop; winner in bed twista,1253.0,166.0,218.622963,0.0,2468.0,TRCRHFK128F427FD8F,2.8505125,,
TRFFSMS128F428BC88,SOEMVNF12A8C13C53A,ARDCFNZ1187FB3DDB0,Enrique Iglesias,Miss You,Insomniac,2007.0,201.24689,0.827357260054,0.752927890401,latin,latin; Love; dance; Enrique Iglesias; favourite,488.0,58.0,131.419177,0.0,3888.0,TRCRNBS128F9347F55,4.717499999999992,,
TRLUGVB128F428E704,SOWLYQH12A58A7A5F8,ARJWOHS1187FB4361D,Tracey Ullman,Breakaway,You Broke My Heart In Seventeen Places,1983.0,296.88118,0.561726465212,0.390790186576,pop,80s; pop; rock; female vocalists; performed on top of the pops,298.0,73.0,90.338253,0.0,3474.0,TRCRNBS128F9347F55,4.2558,,
TRQPNOU128F429488E,,,,,,,,,,,,,,,,,TRCRNBS128F9347F55,,0.7808296081882495,0.78266981996399
TRTFDDQ128F932252E,,,,,,,,,,,,,,,,,TRCRNBS128F9347F55,,0.8178395890882648,0.8202663217275167
TRTJLTW12903CFF1E9,SOJLHYI12AC46857C4,ARFJD5L1187B9A30BA,Los Van Van,El Negro Está Cocinando,Live At Miami Arena,1999.0,609.25342,0.604414492162,0.400517950689,latin,cuba; salsa; latin; cubano; latinas,407.0,81.0,86.792857,0.0,2940.0,TRCRNBS128F9347F55,3.5895000000000055,,
TRUSJCP128F9302495,,,,,,,,,,,,,,,,,TRCRNBS128F9347F55,,0.6822611974465054,0.6868530733604221
TREBGAA128E078FC52,,,,,,,,,,,,,,,,,TRCUKHR128F92DF656,8.475031250000002,,
TREIEOO128F42B0099,,,,,,,,,,,,,,,,,TRCUKHR128F92DF656,,0.8102715332769643,0.8174797111797105
TRFUJVJ128F426F2A2,SOONCPO12AF72A1986,AR8W8P31187B9A4063,Lauryn Hill,Interlude 5,MTV Unplugged No. 2.0,2002.0,734.48444,0.697206464376,0.580125198887,r&b/soul,ms hill; the realness; The Truth; true; rnb,1903.0,409.0,215.044182,0.0,9640.0,TRCUKHR128F92DF656,11.175999999999998,,
TRGLNKG128F9307689,SOFVLYU12AB017F502,ARTH9041187FB43E1F,Eminem,My Darling,Relapse [Deluxe],2009.0,320.49587,0.871010615313,0.879236744738,hip hop,rap; detroit; Hip-Hop; Horrorcore; MOONH8SUN,1055.0,293.0,140.089257,0.0,7152.0,TRCUKHR128F92DF656,,,
TRHMLCK128F93085F2,,,,,,,,,,,,,,,,,TRCUKHR128F92DF656,,0.7850346120125866,
TRMQQGH128F9301E4B,,,,,,,,,,,,,,,,,TRCUKHR128F92DF656,,,0.7920351793826961
TRNHSZN128F930FF03,,,,,,,,,,,,,,,,,TRCUKHR128F92DF656,,0.7885339231925993,0.7961043133471438
TRWSYHO128F4282346,SOKHOQG12A8C13EBF2,ARSE5NP1187B9B98AB,Twista,I'm A Winner (Amended Album Version),The Day After,2005.0,260.23138,0.889613554744,0.593808365175,hip hop,rap; Hip-Hop; winner in bed twista,1253.0,166.0,218.622963,0.0,9321.0,TRCUKHR128F92DF656,11.080062500000002,,
TRBVPVV128F425F14F,SOOHYOB12CF5F87A28,ARF8HTQ1187B9AE693,Daft Punk,Touch It / Technologic,Alive 2007,2007.0,329.45587,0.844450642835,1.01049028868,electronic,electronic; dance; techno; House; Daft Punk,687.0,175.0,153.756301,0.0,5163.0,TRCURQD128F427C75B,6.200470312500001,0.606833773683612,0.6156384251057921
TREXCMT128F933D825,,,,,,,,,,,,,,,,,TRCURQD128F427C75B,4.3336781250000005,,
TRFUJVJ128F426F2A2,SOONCPO12AF72A1986,AR8W8P31187B9A4063,Lauryn Hill,Interlude 5,MTV Unplugged No. 2.0,2002.0,734.48444,0.697206464376,0.580125198887,r&b/soul,ms hill; the realness; The Truth; true; rnb,1903.0,409.0,215.044182,0.0,3732.0,TRCURQD128F427C75B,,,
TRGUCIR128F933D817,SORMTGC12A6D4F6C8B,ARQUN9K1187B9B5BD7,Vanilla Ice,Ice Is Workin' It,To The Extreme,1990.0,275.43465,0.722075127339,0.463037021551,hip hop,rap; hiphop; 90s; cool as ice; leapsandbounds CDCollection,898.0,242.0,166.246804,0.0,4137.0,TRCURQD128F427C75B,4.8678375,,
TRHSWOG128F4257515,,,,,,,,,,,,,,,,,TRCURQD128F427C75B,,0.6097171299105184,0.6196653660624779
TRJHAQR12903CA7194,,,,,,,,,,,,,,,,,TRCURQD128F427C75B,,0.619880940561663,0.628830735698054
TRCHZXW128E079288A,,,,,,,,,,,,,,,,,TRCXKPC128F92FD04C,3.3624312500000015,,
TRDHQHB128F421FE15,,,,,,,,,,,,,,,,,TRCXKPC128F92FD04C,,0.656870320676347,0.6692922727596603
TRDPGXU128F9339C2A,SOELYON12AB01876A3,ARLHO5Z1187FB4C861,Beastie Boys,B-Boy Bouillabaisse: A.W.O.L. (2009 Digital Remaster),Paul's Boutique (20th Anniversary Remastered Edition),0.0,105.56036,0.853124523276,0.591628024008,hip hop,hip hop; leapsandbounds CDCollection,1746.0,505.0,153.652205,0.0,3132.0,TRCXKPC128F92FD04C,3.461068750000001,,
TRFUJVJ128F426F2A2,SOONCPO12AF72A1986,AR8W8P31187B9A4063,Lauryn Hill,Interlude 5,MTV Unplugged No. 2.0,2002.0,734.48444,0.697206464376,0.580125198887,r&b/soul,ms hill; the realness; The Truth; true; rnb,1903.0,409.0,215.044182,0.0,3012.0,TRCXKPC128F92FD04C,,,
TROIJDA128F9341E70,SOCUXGX12A8C13B78C,ARLMXEA1187B9A7D04,R. Kelly,I Mean (I Don't Mean It),TP-2.com,2000.0,205.00853,0.811092052861,0.783843023046,r&b/soul,soul; rnb; english lyrics; SDZ,701.0,190.0,135.443715,0.0,2988.0,TRCXKPC128F92FD04C,3.5052687499999986,,
TRTPMBB128F42934F8,,,,,,,,,,,,,,,,,TRCXKPC128F92FD04C,,0.613474035950767,0.6349611011001333
TRZSMVL128F4289D4C,,,,,,,,,,,,,,,,,TRCXKPC128F92FD04C,,0.6411269509264994,0.6557604034160445
TREVTQG128F9312034,,,,,,,,,,,,,,,,,TRCXWLU128F92F2A0D,,0.690277251599624,0.6985047749255158
TRFUJVJ128F426F2A2,SOONCPO12AF72A1986,AR8W8P31187B9A4063,Lauryn Hill,Interlude 5,MTV Unplugged No. 2.0,2002.0,734.48444,0.697206464376,0.580125198887,r&b/soul,ms hill; the realness; The Truth; true; rnb,1903.0,409.0,215.044182,0.0,1856.0,TRCXWLU128F92F2A0D,2.1544000000000008,,
TRGLNKG128F9307689,SOFVLYU12AB017F502,ARTH9041187FB43E1F,Eminem,My Darling,Relapse [Deluxe],2009.0,320.49587,0.871010615313,0.879236744738,hip hop,rap; detroit; Hip-Hop; Horrorcore; MOONH8SUN,1055.0,293.0,140.089257,0.0,1367.0,TRCXWLU128F92F2A0D,1.6073874999999997,,
TRLDRYJ128F930BBB4,SOTGJNY12AB017E23D,ARH7H5K1187B98FA67,Pain of Salvation,Spitfall,Scarsick,2007.0,437.002,0.692216738815,0.521275882557,metal,Progressive metal; Progressive; Progressive rock; Gangsta Rap; Pain Of Salvation,986.0,292.0,111.337325,0.0,1234.0,TRCXWLU128F92F2A0D,1.4628499999999998,0.6645160295322213,0.6745163695357015
TRUIJKW128F147C8DB,,,,,,,,,,,,,,,,,TRCXWLU128F92F2A0D,,0.678623613676433,0.6852745463773746
TRFUJVJ128F426F2A2,SOONCPO12AF72A1986,AR8W8P31187B9A4063,Lauryn Hill,Interlude 5,MTV Unplugged No. 2.0,2002.0,734.48444,0.697206464376,0.580125198887,r&b/soul,ms hill; the realness; The Truth; true; rnb,1903.0,409.0,215.044182,0.0,4979.0,TRCYAYD128F92F3758,5.685550000000001,,
TRJKOIH12903CE7D34,,,,,,,,,,,,,,,,,TRCYAYD128F92F3758,,0.620160416510168,0.6283285693322629
TRMBQDJ128F425F283,,,,,,,,,,,,,,,,,TRCYAYD128F92F3758,,0.5962427569999835,0.604518605708452
TRPOYGS128F426BF0C,,,,,,,,,,,,,,,,,TRCYAYD128F92F3758,,0.5978789187092537,0.6096649878630613
TRUGLTC128F4227B93,SOUSFNM12A6D4FCDAD,AR4503S1187FB43199,Danity Kane,Hold Me Down (Album Version),Danity Kane,2006.0,237.60934,0.854297752323,0.531302988552,r&b/soul,dance; Hold Me Down; Danity Kane; rnb; party,766.0,149.0,159.499216,0.0,4785.0,TRCYAYD128F92F3758,5.73189375,,
TRVLIZK128F428845E,SOGLUJL12A8C138E31,ARUN7IC1187FB3D392,Five,That's What You Told Me,Five,1998.0,222.92853,0.588017305158,0.435444888557,pop,5ive; pop; Favorite; boybands; Remember,593.0,95.0,153.277526,0.0,4464.0,TRCYAYD128F92F3758,5.3737875,,
TRDHLOW128F429BA29,,,,,,,,,,,,,,,,,TRCZLLQ128E0792778,,,0.7064460518795056
TRDPNYI12903D0517A,,,,,,,,,,,,,,,,,TRCZLLQ128E0792778,,0.6954959771666968,
TREBGAA128E078FC52,SOVYGAV12A58A7C3A9,AR24DZB1187FB3C869,Erykah Badu,I Want You,Worldwide Underground,2003.0,653.13914,0.855731901717,0.584841725537,r&b/soul,soul; Neo-Soul; female vocalists; rnb; Erykah Badu,617.0,98.0,153.163312,0.0,4630.0,TRCZLLQ128E0792778,5.576171875000008,,
TRFUJVJ128F426F2A2,SOONCPO12AF72A1986,AR8W8P31187B9A4063,Lauryn Hill,Interlude 5,MTV Unplugged No. 2.0,2002.0,734.48444,0.697206464376,0.580125198887,r&b/soul,ms hill; the realness; The Truth; true; rnb,1903.0,409.0,215.044182,0.0,5843.0,TRCZLLQ128E0792778,6.72875,,
TRMEKRF12903CC80A6,,,,,,,,,,,,,,,,,TRCZLLQ128E0792778,,0.7097192879324549,0.7191572913316754
TRTVTYS128E0792887,,,,,,,,,,,,,,,,,TRCZLLQ128E0792778,,0.7019291300778593,0.7142202978242902
TRWSYHO128F4282346,SOKHOQG12A8C13EBF2,ARSE5NP1187B9B98AB,Twista,I'm A Winner (Amended Album Version),The Day After,2005.0,260.23138,0.889613554744,0.593808365175,hip hop,rap; Hip-Hop; winner in bed twista,1253.0,166.0,218.622963,0.0,5555.0,TRCZLLQ128E0792778,6.56796875,,
TRBEWAM128F145CA91,,,,,,,,,,,,,,,,,TRDDDDX128E0793212,,0.6132646651337113,0.623717588308047
TRFUJVJ128F426F2A2,SOONCPO12AF72A1986,AR8W8P31187B9A4063,Lauryn Hill,Interlude 5,MTV Unplugged No. 2.0,2002.0,734.48444,0.697206464376,0.580125198887,r&b/soul,ms hill; the realness; The Truth; true; rnb,1903.0,409.0,215.044182,0.0,1647.0,TRDDDDX128E0793212,1.8701499999999998,,
TRGLNKG128F9307689,SOFVLYU12AB017F502,ARTH9041187FB43E1F,Eminem,My Darling,Relapse [Deluxe],2009.0,320.49587,0.871010615313,0.879236744738,hip hop,rap; detroit; Hip-Hop; Horrorcore; MOONH8SUN,1055.0,293.0,140.089257,0.0,1249.0,TRDDDDX128E0793212,1.445809375,,
TRWSYHO128F4282346,SOKHOQG12A8C13EBF2,ARSE5NP1187B9B98AB,Twista,I'm A Winner (Amended Album Version),The Day After,2005.0,260.23138,0.889613554744,0.593808365175,hip hop,rap; Hip-Hop; winner in bed twista,1253.0,166.0,218.622963,0.0,1532.0,TRDDDDX128E0793212,1.79174375,,
TRXNKTE128F427F992,,,,,,,,,,,,,,,,,TRDDDDX128E0793212,,0.6086252255072349,0.6182644199064222
TRYOFCJ128F425A6B6,,,,,,,,,,,,,,,,,TRDDDDX128E0793212,,0.6170007710107523,0.626346080342961
TRCUPON128F1494547,,,,,,,,,,,,,,,,,TRDEKRZ128E0791C7A,,0.7936686321381309,0.7983060717671225
TRIJHLY12903D0CE4D,SOAEBYL12AC468B119,AR1ZHZ51187FB37FEC,Violadores del Verso,Cantando,Vivir Para Contarlo,2006.0,312.92036,0.658189532108,0.503436953654,hip hop,Hip-Hop; spanish hip-hop; rap; spanish; hip hop,671.0,209.0,83.660026,0.0,1623.0,TRDEKRZ128E0791C7A,1.9470328125000007,,
TRRSIYK128F427CCE3,,,,,,,,,,,,,,,,,TRDEKRZ128E0791C7A,,0.7723260289125761,0.7779809488814922
TRTHNFG12903D0CE54,SONCVPT12AC468B123,AR1ZHZ51187FB37FEC,Violadores del Verso,Dale tiempo al rumor,Vivir Para Contarlo,2006.0,370.02404,0.658189532108,0.524275367928,hip hop,spanish; Hip-Hop; subelamusica; spanish rap; Doble V,749.0,199.0,99.95499,0.0,1694.0,TRDEKRZ128E0791C7A,2.0248140624999986,,
TRTJLTW12903CFF1E9,SOJLHYI12AC46857C4,ARFJD5L1187B9A30BA,Los Van Van,El Negro Está Cocinando,Live At Miami Arena,1999.0,609.25342,0.604414492162,0.400517950689,latin,cuba; salsa; latin; cubano; latinas,407.0,81.0,86.792857,0.0,1450.0,TRDEKRZ128E0791C7A,1.7603984375000032,,
TRWBQDG128F4272241,,,,,,,,,,,,,,,,,TRDEKRZ128E0791C7A,,0.7745757406709314,0.781184766205748
TRDPGXU128F9339C2A,SOELYON12AB01876A3,ARLHO5Z1187FB4C861,Beastie Boys,B-Boy Bouillabaisse: A.W.O.L. (2009 Digital Remaster),Paul's Boutique (20th Anniversary Remastered Edition),0.0,105.56036,0.853124523276,0.591628024008,hip hop,hip hop; leapsandbounds CDCollection,1746.0,505.0,153.652205,0.0,1160.0,TRDEVZQ128F931BAED,1.3538281249999984,,
TREBGAA128E078FC52,SOVYGAV12A58A7C3A9,AR24DZB1187FB3C869,Erykah Badu,I Want You,Worldwide Underground,2003.0,653.13914,0.855731901717,0.584841725537,r&b/soul,soul; Neo-Soul; female vocalists; rnb; Erykah Badu,617.0,98.0,153.163312,0.0,1140.0,TRDEVZQ128F931BAED,1.382734375,,
TRFUJVJ128F426F2A2,SOONCPO12AF72A1986,AR8W8P31187B9A4063,Lauryn Hill,Interlude 5,MTV Unplugged No. 2.0,2002.0,734.48444,0.697206464376,0.580125198887,r&b/soul,ms hill; the realness; The Truth; true; rnb,1903.0,409.0,215.044182,0.0,1163.0,TRDEVZQ128F931BAED,1.3387499999999983,,
TRPEAPG128F4294CC0,,,,,,,,,,,,,,,,,TRDEVZQ128F931BAED,,0.7593739172246403,0.7650891375745664
TRSWQYN128F92FAAB6,,,,,,,,,,,,,,,,,TRDEVZQ128F931BAED,,0.7287674858818649,0.7358109493375435
TRTPMBB128F42934F8,,,,,,,,,,,,,,,,,TRDEVZQ128F931BAED,,0.7274486509287529,0.7335432208111056
TRFCKGO128F92F0C78,,,,,,,,,,,,,,,,,TRDFNLR12903CB0FE4,,0.7807775059034049,0.7863864435880652
TRTHNFG12903D0CE54,SONCVPT12AC468B123,AR1ZHZ51187FB37FEC,Violadores del Verso,Dale tiempo al rumor,Vivir Para Contarlo,2006.0,370.02404,0.658189532108,0.524275367928,hip hop,spanish; Hip-Hop; subelamusica; spanish rap; Doble V,749.0,199.0,99.95499,0.0,2804.0,TRDFNLR12903CB0FE4,3.353692187500002,,
TRTJLTW12903CFF1E9,SOJLHYI12AC46857C4,ARFJD5L1187B9A30BA,Los Van Van,El Negro Está Cocinando,Live At Miami Arena,1999.0,609.25342,0.604414492162,0.400517950689,latin,cuba; salsa; latin; cubano; latinas,407.0,81.0,86.792857,0.0,2440.0,TRDFNLR12903CB0FE4,2.9649453125000003,,
TRTUZCM128F92F0530,,,,,,,,,,,,,,,,,TRDFNLR12903CB0FE4,,0.7678101767569807,0.7735494241238626
TRUGDLC128F428EA24,,,,,,,,,,,,,,,,,TRDFNLR12903CB0FE4,,0.7841278322562881,0.7898638191270088
TRWQZXS128F92DB731,SOLJOIC12A8C145316,ARVH6PU1187FB46B3F,Victor Manuelle,Lloré Lloré,Historia De Un Sonero,0.0,308.50567,0.668543746567,0.490615493311,latin,salsa; great to dance,365.0,79.0,77.369245,0.0,2504.0,TRDFNLR12903CB0FE4,3.050615624999998,,
TRDPGXU128F9339C2A,SOELYON12AB01876A3,ARLHO5Z1187FB4C861,Beastie Boys,B-Boy Bouillabaisse: A.W.O.L. (2009 Digital Remaster),Paul's Boutique (20th Anniversary Remastered Edition),0.0,105.56036,0.853124523276,0.591628024008,hip hop,hip hop; leapsandbounds CDCollection,1746.0,505.0,153.652205,0.0,2513.0,TRDFPTZ128F14B108C,2.898896875,,0.7270736977073202
TRFUJVJ128F426F2A2,SOONCPO12AF72A1986,AR8W8P31187B9A4063,Lauryn Hill,Interlude 5,MTV Unplugged No. 2.0,2002.0,734.48444,0.697206464376,0.580125198887,r&b/soul,ms hill; the realness; The Truth; true; rnb,1903.0,409.0,215.044182,0.0,2392.0,TRDFPTZ128F14B108C,2.7001999999999997,,
TRJPNAE128F425FAFB,,,,,,,,,,,,,,,,,TRDFPTZ128F14B108C,,0.7233995794695307,0.7361404325547102
TRNVKOI128E0799173,,,,,,,,,,,,,,,,,TRDFPTZ128F14B108C,,0.739326847061603,0.751170263555241
TRPIVIW128F42B63B0,,,,,,,,,,,,,,,,,TRDFPTZ128F14B108C,,0.7175666732967755,
TRWSYHO128F4282346,SOKHOQG12A8C13EBF2,ARSE5NP1187B9B98AB,Twista,I'm A Winner (Amended Album Version),The Day After,2005.0,260.23138,0.889613554744,0.593808365175,hip hop,rap; Hip-Hop; winner in bed twista,1253.0,166.0,218.622963,0.0,2121.0,TRDFPTZ128F14B108C,2.46185625,,
TRMXMTG128F428CE24,,,,,,,,,,,,,,,,,TRDFTPP128F427550C,,0.4485104356351893,0.45772139224764413
TRRZNYJ128F42B8819,SOCCXHT12A8C14214D,ARYISIS1187FB37E32,Jenny Lewis,Sing A Song,Acid Tongue,2008.0,249.0771,0.741466505928,0.490160415691,country,Alt-country; folk; indie; 6am; the way you look,248.0,45.0,62.617889,0.0,862.0,TRDFTPP128F427550C,1.0453359374999998,,
TRTCOWO128F930C444,SONWWDY12A6D4F7FB1,ARIHE7O1187FB47DED,The Streets,Weak Become Heroes,Summer Sessions,0.0,494.54975,0.772909488109,0.527872236021,hip hop,british; Hip-Hop; garage; 00s; hip hop,754.0,262.0,96.337947,0.0,1169.0,TRDFTPP128F427550C,1.3568515624999986,,
TRXXGET128F4259B88,SOGLKUJ12A8AE46B92,ARK99K41187B9AEC53,Travis,Sing,Sing,0.0,232.28036,0.816179302264,0.550680401145,pop,britpop; rock; indie; british; alternative,190.0,63.0,48.867167,0.0,949.0,TRDFTPP128F427550C,1.1557031250000003,0.5430517263162132,0.5495001711304566
TRYPKXM128F932A9EE,,,,,,,,,,,,,,,,,TRDFTPP128F427550C,,0.39742930485657074,0.40971024655971094
TRCEIDF128F1452C5F,,,,,,,,,,,,,,,,,TRDFWPG128F148D4DF,,0.6837579398186379,0.6895672809576248
TRCHZXW128E079288A,SOMEJDK12D0219BB71,ARTH9041187FB43E1F,Eminem,8 Mile,8 Mile,2002.0,359.3922,0.886183647684,0.852677055416,hip hop,rap; Hip-Hop; Eminem; Soundtrack; hip hop,1141.0,328.0,132.992481,0.0,6677.0,TRDFWPG128F148D4DF,7.932554687500001,,
TRDPGXU128F9339C2A,SOELYON12AB01876A3,ARLHO5Z1187FB4C861,Beastie Boys,B-Boy Bouillabaisse: A.W.O.L. (2009 Digital Remaster),Paul's Boutique (20th Anniversary Remastered Edition),0.0,105.56036,0.853124523276,0.591628024008,hip hop,hip hop; leapsandbounds CDCollection,1746.0,505.0,153.652205,0.0,6560.0,TRDFWPG128F148D4DF,7.651820312500002,,
TRKLJAG128F42B31CF,SOTGRDJ12A8C13FE2A,ARB8DSE1187FB3CFC4,Mario Vazquez,Everytime I...,Mario Vazquez,2006.0,241.71057,0.723005147335,0.395148687525,r&b/soul,mario vazquez; Everytime I; soul; rnb; r&b,511.0,114.0,125.658267,0.0,6749.0,TRDFWPG128F148D4DF,8.235859374999984,,
TRVOXNR128F421A58C,,,,,,,,,,,,,,,,,TRDFWPG128F148D4DF,,0.7041875228920781,0.7094642914514258
TRYLSNH12903CF1373,,,,,,,,,,,,,,,,,TRDFWPG128F148D4DF,,0.6952795734270457,0.7007093700486069
TRDPGXU128F9339C2A,SOELYON12AB01876A3,ARLHO5Z1187FB4C861,Beastie Boys,B-Boy Bouillabaisse: A.W.O.L. (2009 Digital Remaster),Paul's Boutique (20th Anniversary Remastered Edition),0.0,105.56036,0.853124523276,0.591628024008,hip hop,hip hop; leapsandbounds CDCollection,1746.0,505.0,153.652205,0.0,3914.0,TRDFWVZ128F4284EF0,4.382789062499999,,
TREBGAA128E078FC52,,,,,,,,,,,,,,,,,TRDFWVZ128F4284EF0,4.224742187500002,,
TRFUJVJ128F426F2A2,SOONCPO12AF72A1986,AR8W8P31187B9A4063,Lauryn Hill,Interlude 5,MTV Unplugged No. 2.0,2002.0,734.48444,0.697206464376,0.580125198887,r&b/soul,ms hill; the realness; The Truth; true; rnb,1903.0,409.0,215.044182,0.0,4790.0,TRDFWVZ128F4284EF0,5.378000000000002,,
TRJVYHL128F14B042C,,,,,,,,,,,,,,,,,TRDFWVZ128F4284EF0,,0.6231852304928325,0.6381369851541883
TROIJDA128F9341E70,SOCUXGX12A8C13B78C,ARLMXEA1187B9A7D04,R. Kelly,I Mean (I Don't Mean It),TP-2.com,2000.0,205.00853,0.811092052861,0.783843023046,r&b/soul,soul; rnb; english lyrics; SDZ,701.0,190.0,135.443715,0.0,3563.0,TRDFWVZ128F4284EF0,,,
TROYGTB128F14564F4,,,,,,,,,,,,,,,,,TRDFWVZ128F4284EF0,,0.6298417705784743,0.6445239751840335
TRVVBPB128F4250C72,,,,,,,,,,,,,,,,,TRDFWVZ128F4284EF0,,0.6269207802431399,0.6420790364874662
TRDPGXU128F9339C2A,SOELYON12AB01876A3,ARLHO5Z1187FB4C861,Beastie Boys,B-Boy Bouillabaisse: A.W.O.L. (2009 Digital Remaster),Paul's Boutique (20th Anniversary Remastered Edition),0.0,105.56036,0.853124523276,0.591628024008,hip hop,hip hop; leapsandbounds CDCollection,1746.0,505.0,153.652205,0.0,3103.0,TRDHPGJ128F4289C44,3.386350000000001,,
TRFUJVJ128F426F2A2,SOONCPO12AF72A1986,AR8W8P31187B9A4063,Lauryn Hill,Interlude 5,MTV Unplugged No. 2.0,2002.0,734.48444,0.697206464376,0.580125198887,r&b/soul,ms hill; the realness; The Truth; true; rnb,1903.0,409.0,215.044182,0.0,4574.0,TRDHPGJ128F4289C44,5.1287,,
TRGXIWD128F1464482,,,,,,,,,,,,,,,,,TRDHPGJ128F4289C44,,0.582595733005173,0.6009380536653515
TRQRKOW128F42BC127,,,,,,,,,,,,,,,,,TRDHPGJ128F4289C44,,0.5979906907297169,0.6164540227043704
TRVOIPE128F149C472,,,,,,,,,,,,,,,,,TRDHPGJ128F4289C44,,0.581623972743572,0.5990691303805199
TRWSYHO128F4282346,SOKHOQG12A8C13EBF2,ARSE5NP1187B9B98AB,Twista,I'm A Winner (Amended Album Version),The Day After,2005.0,260.23138,0.889613554744,0.593808365175,hip hop,rap; Hip-Hop; winner in bed twista,1253.0,166.0,218.622963,0.0,3212.0,TRDHPGJ128F4289C44,3.6302,,
TRDPGXU128F9339C2A,SOELYON12AB01876A3,ARLHO5Z1187FB4C861,Beastie Boys,B-Boy Bouillabaisse: A.W.O.L. (2009 Digital Remaster),Paul's Boutique (20th Anniversary Remastered Edition),0.0,105.56036,0.853124523276,0.591628024008,hip hop,hip hop; leapsandbounds CDCollection,1746.0,505.0,153.652205,0.0,1294.0,TRDIAZY12903CB6532,1.3636062499999997,,
TRFUJVJ128F426F2A2,SOONCPO12AF72A1986,AR8W8P31187B9A4063,Lauryn Hill,Interlude 5,MTV Unplugged No. 2.0,2002.0,734.48444,0.697206464376,0.580125198887,r&b/soul,ms hill; the realness; The Truth; true; rnb,1903.0,409.0,215.044182,0.0,1744.0,TRDIAZY12903CB6532,1.8764000000000005,,
TRGAEVY128F428BEF6,,,,,,,,,,,,,,,,,TRDIAZY12903CB6532,,0.44841412695586175,0.4722981058001945
TRRKJTN128F1464EDD,,,,,,,,,,,,,,,,,TRDIAZY12903CB6532,,0.4592891307750488,0.4823046022550818
TRWSYHO128F4282346,SOKHOQG12A8C13EBF2,ARSE5NP1187B9B98AB,Twista,I'm A Winner (Amended Album Version),The Day After,2005.0,260.23138,0.889613554744,0.593808365175,hip hop,rap; Hip-Hop; winner in bed twista,1253.0,166.0,218.622963,0.0,1283.0,TRDIAZY12903CB6532,1.4053375000000006,,
TRWZWOX128F935A084,,,,,,,,,,,,,,,,,TRDIAZY12903CB6532,,0.45819817020506615,0.4778119969101455
TRBZXAC12903CBB0CE,,,,,,,,,,,,,,,,,TRDIJKP12903CDCAF4,,0.6116074730362397,0.6292424298161395
TRDPGXU128F9339C2A,SOELYON12AB01876A3,ARLHO5Z1187FB4C861,Beastie Boys,B-Boy Bouillabaisse: A.W.O.L. (2009 Digital Remaster),Paul's Boutique (20th Anniversary Remastered Edition),0.0,105.56036,0.853124523276,0.591628024008,hip hop,hip hop; leapsandbounds CDCollection,1746.0,505.0,153.652205,0.0,1390.0,TRDIJKP12903CDCAF4,1.5643906250000006,,
TRFUJVJ128F426F2A2,SOONCPO12AF72A1986,AR8W8P31187B9A4063,Lauryn Hill,Interlude 5,MTV Unplugged No. 2.0,2002.0,734.48444,0.697206464376,0.580125198887,r&b/soul,ms hill; the realness; The Truth; true; rnb,1903.0,409.0,215.044182,0.0,1761.0,TRDIJKP12903CDCAF4,1.9942499999999999,,
TRGLNKG128F9307689,SOFVLYU12AB017F502,ARTH9041187FB43E1F,Eminem,My Darling,Relapse [Deluxe],2009.0,320.49587,0.871010615313,0.879236744738,hip hop,rap; detroit; Hip-Hop; Horrorcore; MOONH8SUN,1055.0,293.0,140.089257,0.0,1161.0,TRDIJKP12903CDCAF4,1.3245468750000007,,
TRIWYZR128F92D289A,,,,,,,,,,,,,,,,,TRDIJKP12903CDCAF4,,0.6154378684274526,0.6321840409012528
TROAPHC12903CF8CCB,,,,,,,,,,,,,,,,,TRDIJKP12903CDCAF4,,0.6095927644683616,0.6228251496053563
TRFUJVJ128F426F2A2,SOONCPO12AF72A1986,AR8W8P31187B9A4063,Lauryn Hill,Interlude 5,MTV Unplugged No. 2.0,2002.0,734.48444,0.697206464376,0.580125198887,r&b/soul,ms hill; the realness; The Truth; true; rnb,1903.0,409.0,215.044182,0.0,4829.0,TRDIOJU128F931BF15,5.52795,,
TRMQQGH128F9301E4B,,,,,,,,,,,,,,,,,TRDIOJU128F931BF15,,0.7087265340880111,0.7181279436425172
TRMVGKO128E078552F,,,,,,,,,,,,,,,,,TRDIOJU128F931BF15,,0.6864304361861876,0.6950701136452101
TRRREHG128F9319163,,,,,,,,,,,,,,,,,TRDIOJU128F931BF15,,0.6912720310629537,0.6992731139591825
TRUGLTC128F4227B93,SOUSFNM12A6D4FCDAD,AR4503S1187FB43199,Danity Kane,Hold Me Down (Album Version),Danity Kane,2006.0,237.60934,0.854297752323,0.531302988552,r&b/soul,dance; Hold Me Down; Danity Kane; rnb; party,766.0,149.0,159.499216,0.0,4154.0,TRDIOJU128F931BF15,4.956996875,,
TRWSYHO128F4282346,SOKHOQG12A8C13EBF2,ARSE5NP1187B9B98AB,Twista,I'm A Winner (Amended Album Version),The Day After,2005.0,260.23138,0.889613554744,0.593808365175,hip hop,rap; Hip-Hop; winner in bed twista,1253.0,166.0,218.622963,0.0,4158.0,TRDIOJU128F931BF15,4.865309375000001,,
TRCHZXW128E079288A,SOMEJDK12D0219BB71,ARTH9041187FB43E1F,Eminem,8 Mile,8 Mile,2002.0,359.3922,0.886183647684,0.852677055416,hip hop,rap; Hip-Hop; Eminem; Soundtrack; hip hop,1141.0,328.0,132.992481,0.0,3023.0,TRDJCNG128F9339544,3.5392421875000015,,
TRDPGXU128F9339C2A,SOELYON12AB01876A3,ARLHO5Z1187FB4C861,Beastie Boys,B-Boy Bouillabaisse: A.W.O.L. (2009 Digital Remaster),Paul's Boutique (20th Anniversary Remastered Edition),0.0,105.56036,0.853124523276,0.591628024008,hip hop,hip hop; leapsandbounds CDCollection,1746.0,505.0,153.652205,0.0,2830.0,TRDJCNG128F9339544,3.2201328124999997,,
TREHMYJ128F42BA1E6,,,,,,,,,,,,,,,,,TRDJCNG128F9339544,,0.7001736511253698,0.7053637150042182
TRFMKNB128F92D065C,,,,,,,,,,,,,,,,,TRDJCNG128F9339544,,0.6826631077539494,0.6918250411879877
TRXHFMI128F429B2F2,SOPSDTK12A8C13C52D,ARIRE5Q1187FB4DC13,Rufio,Over It (Acoustic),Punk Goes Acoustic,0.0,114.23302,0.707525588474,0.493312154342,punk,punk; emo; rock; acoustic; punk rock,526.0,92.0,135.716617,0.0,3033.0,TRDJCNG128F9339544,3.6626015624999955,,
TRZKMDX128F4277845,,,,,,,,,,,,,,,,,TRDJCNG128F9339544,,0.6830995939417775,0.6886253612165252
TRDPGXU128F9339C2A,SOELYON12AB01876A3,ARLHO5Z1187FB4C861,Beastie Boys,B-Boy Bouillabaisse: A.W.O.L. (2009 Digital Remaster),Paul's Boutique (20th Anniversary Remastered Edition),0.0,105.56036,0.853124523276,0.591628024008,hip hop,hip hop; leapsandbounds CDCollection,1746.0,505.0,153.652205,0.0,6292.0,TRDJOCY128F4294CD5,6.8725062499999945,,
TRFUJVJ128F426F2A2,SOONCPO12AF72A1986,AR8W8P31187B9A4063,Lauryn Hill,Interlude 5,MTV Unplugged No. 2.0,2002.0,734.48444,0.697206464376,0.580125198887,r&b/soul,ms hill; the realness; The Truth; true; rnb,1903.0,409.0,215.044182,0.0,7877.0,TRDJOCY128F4294CD5,8.65945,,
TRLUOOO128F42B3BF4,,,,,,,,,,,,,,,,,TRDJOCY128F4294CD5,,0.677498721835922,0.6965440087632736
TRNYSCS128F427055D,,,,,,,,,,,,,,,,,TRDJOCY128F4294CD5,,0.5897832951715135,0.6087633742965205
TRWFFHM128F92F99C4,,,,,,,,,,,,,,,,,TRDJOCY128F4294CD5,,0.5807370983004024,0.6018680423221451
TRWSYHO128F4282346,SOKHOQG12A8C13EBF2,ARSE5NP1187B9B98AB,Twista,I'm A Winner (Amended Album Version),The Day After,2005.0,260.23138,0.889613554744,0.593808365175,hip hop,rap; Hip-Hop; winner in bed twista,1253.0,166.0,218.622963,0.0,5811.0,TRDJOCY128F4294CD5,6.488137500000002,,
TRDPGXU128F9339C2A,SOELYON12AB01876A3,ARLHO5Z1187FB4C861,Beastie Boys,B-Boy Bouillabaisse: A.W.O.L. (2009 Digital Remaster),Paul's Boutique (20th Anniversary Remastered Edition),0.0,105.56036,0.853124523276,0.591628024008,hip hop,hip hop; leapsandbounds CDCollection,1746.0,505.0,153.652205,0.0,2114.0,TRDLWAP128F428F6B9,2.2270374999999993,,
TRFUJVJ128F426F2A2,SOONCPO12AF72A1986,AR8W8P31187B9A4063,Lauryn Hill,Interlude 5,MTV Unplugged No. 2.0,2002.0,734.48444,0.697206464376,0.580125198887,r&b/soul,ms hill; the realness; The Truth; true; rnb,1903.0,409.0,215.044182,0.0,2374.0,TRDLWAP128F428F6B9,2.4707000000000003,,
TRMQMTC128F428A516,,,,,,,,,,,,,,,,,TRDLWAP128F428F6B9,,0.6136401008442066,0.6288748355708191
TROFSLV128F92E389A,,,,,,,,,,,,,,,,,TRDLWAP128F428F6B9,,0.6312732669389767,0.6556354648529685
TRTLIKK128E07862DA,SOKTWCO12A67020DC0,ARM9HR61187B9AD75A,Ja Rule,One of Us,Rule 3:36,2000.0,356.85832,0.77983324054,0.541519545221,hip hop,Ja Rule; Hip-Hop; east coast rap; 2000; rappers,996.0,215.0,158.347719,0.0,2024.0,TRDLWAP128F428F6B9,2.229625000000001,,
TRTLLMP128F9307700,,,,,,,,,,,,,,,,,TRDLWAP128F428F6B9,,0.6214458595136191,0.6376046190404733
TRCHZXW128E079288A,SOMEJDK12D0219BB71,ARTH9041187FB43E1F,Eminem,8 Mile,8 Mile,2002.0,359.3922,0.886183647684,0.852677055416,hip hop,rap; Hip-Hop; Eminem; Soundtrack; hip hop,1141.0,328.0,132.992481,0.0,5761.0,TRDMUWU128E078EDDB,6.928356249999999,,
TREHMYJ128F42BA1E6,,,,,,,,,,,,,,,,,TRDMUWU128E078EDDB,,0.8177266369576541,0.8202833315542979
TRKLJAG128F42B31CF,SOTGRDJ12A8C13FE2A,ARB8DSE1187FB3CFC4,Mario Vazquez,Everytime I...,Mario Vazquez,2006.0,241.71057,0.723005147335,0.395148687525,r&b/soul,mario vazquez; Everytime I; soul; rnb; r&b,511.0,114.0,125.658267,0.0,5532.0,TRDMUWU128E078EDDB,6.782812499999998,,
TRUSIQC128F4253677,,,,,,,,,,,,,,,,,TRDMUWU128E078EDDB,,0.8149460905084953,0.8176680877007546
TRXHFMI128F429B2F2,SOPSDTK12A8C13C52D,ARIRE5Q1187FB4DC13,Rufio,Over It (Acoustic),Punk Goes Acoustic,0.0,114.23302,0.707525588474,0.493312154342,punk,punk; emo; rock; acoustic; punk rock,526.0,92.0,135.716617,0.0,5293.0,TRDMUWU128E078EDDB,6.469668750000006,,
TRZKMDX128F4277845,,,,,,,,,,,,,,,,,TRDMUWU128E078EDDB,,0.852249927389573,0.854320402942529
TRBJDUF128F92D74D1,,,,,,,,,,,,,,,,,TRDNAVT128F428A246,,0.6274481189109142,0.6432944513954494
TRDPGXU128F9339C2A,SOELYON12AB01876A3,ARLHO5Z1187FB4C861,Beastie Boys,B-Boy Bouillabaisse: A.W.O.L. (2009 Digital Remaster),Paul's Boutique (20th Anniversary Remastered Edition),0.0,105.56036,0.853124523276,0.591628024008,hip hop,hip hop; leapsandbounds CDCollection,1746.0,505.0,153.652205,0.0,1338.0,TRDNAVT128F428A246,1.4070656249999995,,
TRFUJVJ128F426F2A2,SOONCPO12AF72A1986,AR8W8P31187B9A4063,Lauryn Hill,Interlude 5,MTV Unplugged No. 2.0,2002.0,734.48444,0.697206464376,0.580125198887,r&b/soul,ms hill; the realness; The Truth; true; rnb,1903.0,409.0,215.044182,0.0,2195.0,TRDNAVT128F428A246,2.4263500000000007,,
TROPIPE128F92EEDC3,,,,,,,,,,,,,,,,,TRDNAVT128F428A246,,0.6110769113532809,
TRPZEWS128F92F585E,,,,,,,,,,,,,,,,,TRDNAVT128F428A246,,0.6411415645622961,0.657535505639407
TRQAWKR128F425EEC3,SOFHEBR12CF5F892C7,ARXPPEY1187FB51DF4,Michael Jackson,Man In The Mirror,HIStory - PAST_ PRESENT AND FUTURE - Book I,1987.0,319.29424,0.855245195586,0.899991594263,pop,pop; michael jackson; 80s; soul; king of pop,1543.0,135.0,200.024998,0.0,1431.0,TRDNAVT128F428A246,1.5166312500000003,,
TRSPCDB128F1464F66,,,,,,,,,,,,,,,,,TRDNAVT128F428A246,,,0.6290135716103537
TRCDMRL12903CB105C,,,,,,,,,,,,,,,,,TRDOVAF128F93112F7,2.4678031249999997,,
TRFUJVJ128F426F2A2,SOONCPO12AF72A1986,AR8W8P31187B9A4063,Lauryn Hill,Interlude 5,MTV Unplugged No. 2.0,2002.0,734.48444,0.697206464376,0.580125198887,r&b/soul,ms hill; the realness; The Truth; true; rnb,1903.0,409.0,215.044182,0.0,2783.0,TRDOVAF128F93112F7,3.142950000000001,,
TRKBZBS128F148328F,,,,,,,,,,,,,,,,,TRDOVAF128F93112F7,,0.5837471954337082,0.5941177712013598
TRLCWTH128F92C7F82,SOYTFRL12A8C143157,ARJT1PO1187FB52E7D,Marques Houston,Cancel (Album Version),Marques Houston,0.0,238.8371,0.740455341569,0.492729093193,r&b/soul,rnb; slowjamz; Hip-Hop; nikki; soulpower,525.0,112.0,118.680243,0.0,2124.0,TRDOVAF128F93112F7,2.5407093749999996,,
TRLYAKZ128F42A3750,,,,,,,,,,,,,,,,,TRDOVAF128F93112F7,,0.5651490092363557,0.5773178593548627
TRQAWKR128F425EEC3,SOFHEBR12CF5F892C7,ARXPPEY1187FB51DF4,Michael Jackson,Man In The Mirror,HIStory - PAST_ PRESENT AND FUTURE - Book I,1987.0,319.29424,0.855245195586,0.899991594263,pop,pop; michael jackson; 80s; soul; king of pop,1543.0,135.0,200.024998,0.0,2126.0,TRDOVAF128F93112F7,,,
TRWWVGC12903CB5C50,,,,,,,,,,,,,,,,,TRDOVAF128F93112F7,,0.5593264021266147,0.5692627890631652
TRDPNYI12903D0517A,,,,,,,,,,,,,,,,,TRDQLTF128E0787809,,0.810995556916328,0.8176179338967285
TREBGAA128E078FC52,SOVYGAV12A58A7C3A9,AR24DZB1187FB3C869,Erykah Badu,I Want You,Worldwide Underground,2003.0,653.13914,0.855731901717,0.584841725537,r&b/soul,soul; Neo-Soul; female vocalists; rnb; Erykah Badu,617.0,98.0,153.163312,0.0,3892.0,TRDQLTF128E0787809,4.709462499999992,,
TRFSJRW128F4292A99,,,,,,,,,,,,,,,,,TRDQLTF128E0787809,,,0.8027262142956695
TRFUJVJ128F426F2A2,SOONCPO12AF72A1986,AR8W8P31187B9A4063,Lauryn Hill,Interlude 5,MTV Unplugged No. 2.0,2002.0,734.48444,0.697206464376,0.580125198887,r&b/soul,ms hill; the realness; The Truth; true; rnb,1903.0,409.0,215.044182,0.0,4866.0,TRDQLTF128E0787809,5.659299999999998,,
TRGDGKP128F42A34A7,,,,,,,,,,,,,,,,,TRDQLTF128E0787809,,0.9990835607231935,0.9991177766257915
TRKLJAG128F42B31CF,,,,,,,,,,,,,,,,,TRDQLTF128E0787809,,0.7977621163644583,
TRWSYHO128F4282346,SOKHOQG12A8C13EBF2,ARSE5NP1187B9B98AB,Twista,I'm A Winner (Amended Album Version),The Day After,2005.0,260.23138,0.889613554744,0.593808365175,hip hop,rap; Hip-Hop; winner in bed twista,1253.0,166.0,218.622963,0.0,4115.0,TRDQLTF128E0787809,4.867174999999998,,
TREBGAA128E078FC52,SOVYGAV12A58A7C3A9,AR24DZB1187FB3C869,Erykah Badu,I Want You,Worldwide Underground,2003.0,653.13914,0.855731901717,0.584841725537,r&b/soul,soul; Neo-Soul; female vocalists; rnb; Erykah Badu,617.0,98.0,153.163312,0.0,4284.0,TRDTEUX12903CB4AD7,5.1174671874999955,,
TRFUJVJ128F426F2A2,SOONCPO12AF72A1986,AR8W8P31187B9A4063,Lauryn Hill,Interlude 5,MTV Unplugged No. 2.0,2002.0,734.48444,0.697206464376,0.580125198887,r&b/soul,ms hill; the realness; The Truth; true; rnb,1903.0,409.0,215.044182,0.0,6045.0,TRDTEUX12903CB4AD7,6.9099499999999985,,
TRKOFWG128F42437E1,,,,,,,,,,,,,,,,,TRDTEUX12903CB4AD7,,0.6460380299340913,0.6594102908830897
TRKSXRS128F14AA089,,,,,,,,,,,,,,,,,TRDTEUX12903CB4AD7,,0.6509760172104418,0.6683205443231683
TRTAYPD128F42A4C9C,,,,,,,,,,,,,,,,,TRDTEUX12903CB4AD7,,0.6247655997466807,0.6436963108871904
TRWSYHO128F4282346,SOKHOQG12A8C13EBF2,ARSE5NP1187B9B98AB,Twista,I'm A Winner (Amended Album Version),The Day After,2005.0,260.23138,0.889613554744,0.593808365175,hip hop,rap; Hip-Hop; winner in bed twista,1253.0,166.0,218.622963,0.0,4927.0,TRDTEUX12903CB4AD7,5.736371874999999,,
TRCIVXK128F426936A,,,,,,,,,,,,,,,,,TRDVELE128F932810A,,0.5696720469269049,
TRDPGXU128F9339C2A,SOELYON12AB01876A3,ARLHO5Z1187FB4C861,Beastie Boys,B-Boy Bouillabaisse: A.W.O.L. (2009 Digital Remaster),Paul's Boutique (20th Anniversary Remastered Edition),0.0,105.56036,0.853124523276,0.591628024008,hip hop,hip hop; leapsandbounds CDCollection,1746.0,505.0,153.652205,0.0,2066.0,TRDVELE128F932810A,2.2151234375000017,,
TRFLWJZ128F425C9E4,SOZTZRR12A58A80C97,AR82DJK1187B991107,The Pharcyde,Otha Fish,Bizarre Ride II The Pharcyde,1992.0,321.43628,0.756063870843,0.491468881637,hip hop,Hip-Hop; hip hop; oldschool; rap; oldskool,997.0,247.0,147.895233,0.0,1452.0,TRDVELE128F932810A,1.5866953124999983,,
TRFUJVJ128F426F2A2,SOONCPO12AF72A1986,AR8W8P31187B9A4063,Lauryn Hill,Interlude 5,MTV Unplugged No. 2.0,2002.0,734.48444,0.697206464376,0.580125198887,r&b/soul,ms hill; the realness; The Truth; true; rnb,1903.0,409.0,215.044182,0.0,2450.0,TRDVELE128F932810A,2.6232000000000006,,
TRJSEVX128F14633FD,,,,,,,,,,,,,,,,,TRDVELE128F932810A,,,0.5930172769734592
TRKVITQ128F4271B31,,,,,,,,,,,,,,,,,TRDVELE128F932810A,,0.5874314502412159,0.6116343519536278
TRORMHQ128F92CB796,,,,,,,,,,,,,,,,,TRDVELE128F932810A,,0.5768284997622578,0.5962167831877467
TRCNQIU128F1469E36,,,,,,,,,,,,,,,,,TRDVYVJ128F426F7C0,,0.6713103670352553,0.6962439773360479
TRDPGXU128F9339C2A,SOELYON12AB01876A3,ARLHO5Z1187FB4C861,Beastie Boys,B-Boy Bouillabaisse: A.W.O.L. (2009 Digital Remaster),Paul's Boutique (20th Anniversary Remastered Edition),0.0,105.56036,0.853124523276,0.591628024008,hip hop,hip hop; leapsandbounds CDCollection,1746.0,505.0,153.652205,0.0,3634.0,TRDVYVJ128F426F7C0,4.0443296874999985,,
TRFUJVJ128F426F2A2,SOONCPO12AF72A1986,AR8W8P31187B9A4063,Lauryn Hill,Interlude 5,MTV Unplugged No. 2.0,2002.0,734.48444,0.697206464376,0.580125198887,r&b/soul,ms hill; the realness; The Truth; true; rnb,1903.0,409.0,215.044182,0.0,3985.0,TRDVYVJ128F426F7C0,4.385550000000001,,
TRGUCIR128F933D817,SORMTGC12A6D4F6C8B,ARQUN9K1187B9B5BD7,Vanilla Ice,Ice Is Workin' It,To The Extreme,1990.0,275.43465,0.722075127339,0.463037021551,hip hop,rap; hiphop; 90s; cool as ice; leapsandbounds CDCollection,898.0,242.0,166.246804,0.0,2801.0,TRDVYVJ128F426F7C0,3.2195874999999954,,
TRJADED128E078FB2A,,,,,,,,,,,,,,,,,TRDVYVJ128F426F7C0,,0.7048937862645831,0.7258165704315714
TRWFXWM128F148D2D1,,,,,,,,,,,,,,,,,TRDVYVJ128F426F7C0,,0.6934558728704461,0.7158439676971885
TREGBAS128F145EC8B,,,,,,,,,,,,,,,,,TRDWUTF12903CA9249,,0.6868878800974598,0.693488685426632
TRENEPN128F148867B,,,,,,,,,,,,,,,,,TRDWUTF12903CA9249,,0.6900673011204177,0.6967956337518377
TRIJHLY12903D0CE4D,SOAEBYL12AC468B119,AR1ZHZ51187FB37FEC,Violadores del Verso,Cantando,Vivir Para Contarlo,2006.0,312.92036,0.658189532108,0.503436953654,hip hop,Hip-Hop; spanish hip-hop; rap; spanish; hip hop,671.0,209.0,83.660026,0.0,1265.0,TRDWUTF12903CA9249,1.5002312499999995,,
TRTHNFG12903D0CE54,SONCVPT12AC468B123,AR1ZHZ51187FB37FEC,Violadores del Verso,Dale tiempo al rumor,Vivir Para Contarlo,2006.0,370.02404,0.658189532108,0.524275367928,hip hop,spanish; Hip-Hop; subelamusica; spanish rap; Doble V,749.0,199.0,99.95499,0.0,1368.0,TRDWUTF12903CA9249,1.618106249999999,,
TRUKWZW128F92CADC2,SOHZGGE12A8C1400A4,ARBNXYA1187FB51C50,Daddy Yankee,Como Y Vete,Talento De Barrio,2008.0,221.41342,0.90898429564,0.562506672289,reggae,Reggaeton; spanish; basura; Daddy Yankee; songs with foreign language: spanish,489.0,115.0,74.269779,0.0,1257.0,TRDWUTF12903CA9249,1.5002000000000004,,
TRWHWCD128E0788AF3,,,,,,,,,,,,,,,,,TRDWUTF12903CA9249,,0.6970393645830342,0.7033607175156156
TRABNVL128F14A9685,,,,,,,,,,,,,,,,,TRDXHIR128F930E030,,0.6006225375280065,0.6164113028235356
TRFUJVJ128F426F2A2,SOONCPO12AF72A1986,AR8W8P31187B9A4063,Lauryn Hill,Interlude 5,MTV Unplugged No. 2.0,2002.0,734.48444,0.697206464376,0.580125198887,r&b/soul,ms hill; the realness; The Truth; true; rnb,1903.0,409.0,215.044182,0.0,2678.0,TRDXHIR128F930E030,3.0094000000000007,,
TRGLNKG128F9307689,SOFVLYU12AB017F502,ARTH9041187FB43E1F,Eminem,My Darling,Relapse [Deluxe],2009.0,320.49587,0.871010615313,0.879236744738,hip hop,rap; detroit; Hip-Hop; Horrorcore; MOONH8SUN,1055.0,293.0,140.089257,0.0,2077.0,TRDXHIR128F930E030,2.3893015625,,
TRHFADH128F92E2BE3,,,,,,,,,,,,,,,,,TRDXHIR128F930E030,,0.5448261418018918,0.5601927958235988
TRMQQGH128F9301E4B,,,,,,,,,,,,,,,,,TRDXHIR128F930E030,,0.5461881056890141,0.5643912701866034
TRUGLTC128F4227B93,SOUSFNM12A6D4FCDAD,AR4503S1187FB43199,Danity Kane,Hold Me Down (Album Version),Danity Kane,2006.0,237.60934,0.854297752323,0.531302988552,r&b/soul,dance; Hold Me Down; Danity Kane; rnb; party,766.0,149.0,159.499216,0.0,2272.0,TRDXHIR128F930E030,2.683353125,,
TRDPGXU128F9339C2A,SOELYON12AB01876A3,ARLHO5Z1187FB4C861,Beastie Boys,B-Boy Bouillabaisse: A.W.O.L. (2009 Digital Remaster),Paul's Boutique (20th Anniversary Remastered Edition),0.0,105.56036,0.853124523276,0.591628024008,hip hop,hip hop; leapsandbounds CDCollection,1746.0,505.0,153.652205,0.0,588.0,TRDXSGX128F425F173,,,
TREAQSX128E07818CA,,,,,,,,,,,,,,,,,TRDXSGX128F425F173,,0.4897199584040834,0.5057275636779099
TRFUJVJ128F426F2A2,SOONCPO12AF72A1986,AR8W8P31187B9A4063,Lauryn Hill,Interlude 5,MTV Unplugged No. 2.0,2002.0,734.48444,0.697206464376,0.580125198887,r&b/soul,ms hill; the realness; The Truth; true; rnb,1903.0,409.0,215.044182,0.0,886.0,TRDXSGX128F425F173,0.9649000000000002,,
TRLINLH128F9346400,,,,,,,,,,,,,,,,,TRDXSGX128F425F173,0.6445875,,
TRUGLTC128F4227B93,SOUSFNM12A6D4FCDAD,AR4503S1187FB43199,Danity Kane,Hold Me Down (Album Version),Danity Kane,2006.0,237.60934,0.854297752323,0.531302988552,r&b/soul,dance; Hold Me Down; Danity Kane; rnb; party,766.0,149.0,159.499216,0.0,685.0,TRDXSGX128F425F173,0.7901812499999997,,
TRVBBVN128E078A608,,,,,,,,,,,,,,,,,TRDXSGX128F425F173,,0.5106393392788917,0.527447359312641
TRVPPSC128F92EC9C2,,,,,,,,,,,,,,,,,TRDXSGX128F425F173,,0.4775923085151296,0.4960549176969501
TRBMGCF128F42785D0,,,,,,,,,,,,,,,,,TRDYKYQ12903CAD2B8,,0.7303017281159622,0.7356504997947901
TRDVUEH12903D0FAA9,SOIAVVA12AC468AAAE,AR1ZHZ51187FB37FEC,Violadores del Verso,La ciudad nunca duerme,Vicios y Virtudes,2001.0,339.3824,0.658189532108,0.524275367928,hip hop,Hip-Hop,499.0,168.0,65.543878,0.0,811.0,TRDYKYQ12903CAD2B8,0.9731374999999997,,
TRIJHLY12903D0CE4D,SOAEBYL12AC468B119,AR1ZHZ51187FB37FEC,Violadores del Verso,Cantando,Vivir Para Contarlo,2006.0,312.92036,0.658189532108,0.503436953654,hip hop,Hip-Hop; spanish hip-hop; rap; spanish; hip hop,671.0,209.0,83.660026,0.0,963.0,TRDYKYQ12903CAD2B8,1.1506687500000006,,
TROGMKJ128F92F0924,,,,,,,,,,,,,,,,,TRDYKYQ12903CAD2B8,,0.7387701560116844,0.7448531250656283
TRTHNFG12903D0CE54,SONCVPT12AC468B123,AR1ZHZ51187FB37FEC,Violadores del Verso,Dale tiempo al rumor,Vivir Para Contarlo,2006.0,370.02404,0.658189532108,0.524275367928,hip hop,spanish; Hip-Hop; subelamusica; spanish rap; Doble V,749.0,199.0,99.95499,0.0,1123.0,TRDYKYQ12903CAD2B8,1.3435437499999983,,
TRUQGGJ128F427E02B,,,,,,,,,,,,,,,,,TRDYKYQ12903CAD2B8,,0.771672792998201,0.7766371888415745
TRCQTAG128F4260E18,,,,,,,,,,,,,,,,,TRDYUVI128E078F725,,0.5751007267239426,0.5948603239449886
TRDPGXU128F9339C2A,SOELYON12AB01876A3,ARLHO5Z1187FB4C861,Beastie Boys,B-Boy Bouillabaisse: A.W.O.L. (2009 Digital Remaster),Paul's Boutique (20th Anniversary Remastered Edition),0.0,105.56036,0.853124523276,0.591628024008,hip hop,hip hop; leapsandbounds CDCollection,1746.0,505.0,153.652205,0.0,1690.0,TRDYUVI128E078F725,1.8528359375000014,,
TRDVELE128F932810A,,,,,,,,,,,,,,,,,TRDYUVI128E078F725,,,0.5608716071395795
TRFLWJZ128F425C9E4,SOZTZRR12A58A80C97,AR82DJK1187B991107,The Pharcyde,Otha Fish,Bizarre Ride II The Pharcyde,1992.0,321.43628,0.756063870843,0.491468881637,hip hop,Hip-Hop; hip hop; oldschool; rap; oldskool,997.0,247.0,147.895233,0.0,1438.0,TRDYUVI128E078F725,1.6361328125000014,,
TRFUJVJ128F426F2A2,SOONCPO12AF72A1986,AR8W8P31187B9A4063,Lauryn Hill,Interlude 5,MTV Unplugged No. 2.0,2002.0,734.48444,0.697206464376,0.580125198887,r&b/soul,ms hill; the realness; The Truth; true; rnb,1903.0,409.0,215.044182,0.0,2010.0,TRDYUVI128E078F725,2.202000000000001,,
TRGJJTY12903CF8E82,,,,,,,,,,,,,,,,,TRDYUVI128E078F725,,0.5804213294157996,0.6004376258723121
TRLEOAU128F932B646,,,,,,,,,,,,,,,,,TRDYUVI128E078F725,,0.539966996149398,
TRCEFOS128F933D79B,,,,,,,,,,,,,,,,,TREADOS128E078EC1F,,0.6942984443687418,0.7108053288697619
TRCHZXW128E079288A,SOMEJDK12D0219BB71,ARTH9041187FB43E1F,Eminem,8 Mile,8 Mile,2002.0,359.3922,0.886183647684,0.852677055416,hip hop,rap; Hip-Hop; Eminem; Soundtrack; hip hop,1141.0,328.0,132.992481,0.0,8214.0,TREADOS128E078EC1F,9.4270453125,,
TRDPGXU128F9339C2A,SOELYON12AB01876A3,ARLHO5Z1187FB4C861,Beastie Boys,B-Boy Bouillabaisse: A.W.O.L. (2009 Digital Remaster),Paul's Boutique (20th Anniversary Remastered Edition),0.0,105.56036,0.853124523276,0.591628024008,hip hop,hip hop; leapsandbounds CDCollection,1746.0,505.0,153.652205,0.0,9469.0,TREADOS128E078EC1F,10.7225796875,,
TREYKNZ128F92F41C1,,,,,,,,,,,,,,,,,TREADOS128E078EC1F,,0.6889559816502869,0.7058563994824767
TRFUJVJ128F426F2A2,SOONCPO12AF72A1986,AR8W8P31187B9A4063,Lauryn Hill,Interlude 5,MTV Unplugged No. 2.0,2002.0,734.48444,0.697206464376,0.580125198887,r&b/soul,ms hill; the realness; The Truth; true; rnb,1903.0,409.0,215.044182,0.0,9605.0,TREADOS128E078EC1F,10.67455,,
TRPNIKB12903CE690B,,,,,,,,,,,,,,,,,TREADOS128E078EC1F,,0.7339131273986793,0.7344757735871994
TRFUJVJ128F426F2A2,SOONCPO12AF72A1986,AR8W8P31187B9A4063,Lauryn Hill,Interlude 5,MTV Unplugged No. 2.0,2002.0,734.48444,0.697206464376,0.580125198887,r&b/soul,ms hill; the realness; The Truth; true; rnb,1903.0,409.0,215.044182,0.0,6576.0,TREAJBV12903CCDA96,7.546099999999999,,
TRQYLYP12903CC26F6,,,,,,,,,,,,,,,,,TREAJBV12903CCDA96,,0.7361024823542616,0.7471438392071987
TRRXFHO128EF3550BC,,,,,,,,,,,,,,,,,TREAJBV12903CCDA96,,0.7283450461951216,0.7386625116069997
TRSDDPK128F146AF76,,,,,,,,,,,,,,,,,TREAJBV12903CCDA96,,0.7230047045140304,0.7337378235957301
TRUGLTC128F4227B93,SOUSFNM12A6D4FCDAD,AR4503S1187FB43199,Danity Kane,Hold Me Down (Album Version),Danity Kane,2006.0,237.60934,0.854297752323,0.531302988552,r&b/soul,dance; Hold Me Down; Danity Kane; rnb; party,766.0,149.0,159.499216,0.0,5179.0,TREAJBV12903CCDA96,6.1615218749999965,,
TRWSYHO128F4282346,SOKHOQG12A8C13EBF2,ARSE5NP1187B9B98AB,Twista,I'm A Winner (Amended Album Version),The Day After,2005.0,260.23138,0.889613554744,0.593808365175,hip hop,rap; Hip-Hop; winner in bed twista,1253.0,166.0,218.622963,0.0,6558.0,TREAJBV12903CCDA96,7.757084375,,
TRCXWON128F424936F,,,,,,,,,,,,,,,,,TREAQSX128E07818CA,,0.6728828098696813,0.6793139097191931
TRFUJVJ128F426F2A2,SOONCPO12AF72A1986,AR8W8P31187B9A4063,Lauryn Hill,Interlude 5,MTV Unplugged No. 2.0,2002.0,734.48444,0.697206464376,0.580125198887,r&b/soul,ms hill; the realness; The Truth; true; rnb,1903.0,409.0,215.044182,0.0,3417.0,TREAQSX128E07818CA,3.852650000000001,,
TRLOZGV128F42A06E6,,,,,,,,,,,,,,,,,TREAQSX128E07818CA,,0.5739555978494548,0.5912492162203798
TRTLIKK128E07862DA,SOKTWCO12A67020DC0,ARM9HR61187B9AD75A,Ja Rule,One of Us,Rule 3:36,2000.0,356.85832,0.77983324054,0.541519545221,hip hop,Ja Rule; Hip-Hop; east coast rap; 2000; rappers,996.0,215.0,158.347719,0.0,2193.0,TREAQSX128E07818CA,2.488156250000001,,
TRUQLCG12903CC5630,,,,,,,,,,,,,,,,,TREAQSX128E07818CA,,0.6853881370252316,0.6955450382677406
TRWSYHO128F4282346,SOKHOQG12A8C13EBF2,ARSE5NP1187B9B98AB,Twista,I'm A Winner (Amended Album Version),The Day After,2005.0,260.23138,0.889613554744,0.593808365175,hip hop,rap; Hip-Hop; winner in bed twista,1253.0,166.0,218.622963,0.0,2264.0,TREAQSX128E07818CA,2.5564312499999993,,
TRDPGXU128F9339C2A,SOELYON12AB01876A3,ARLHO5Z1187FB4C861,Beastie Boys,B-Boy Bouillabaisse: A.W.O.L. (2009 Digital Remaster),Paul's Boutique (20th Anniversary Remastered Edition),0.0,105.56036,0.853124523276,0.591628024008,hip hop,hip hop; leapsandbounds CDCollection,1746.0,505.0,153.652205,0.0,3735.0,TREBQMO128F42828DB,,,
TRFUJVJ128F426F2A2,SOONCPO12AF72A1986,AR8W8P31187B9A4063,Lauryn Hill,Interlude 5,MTV Unplugged No. 2.0,2002.0,734.48444,0.697206464376,0.580125198887,r&b/soul,ms hill; the realness; The Truth; true; rnb,1903.0,409.0,215.044182,0.0,4731.0,TREBQMO128F42828DB,5.3778500000000005,,
TRGUCIR128F933D817,,,,,,,,,,,,,,,,,TREBQMO128F42828DB,4.370362499999996,,
TRNBWQY128F42425D0,,,,,,,,,,,,,,,,,TREBQMO128F42828DB,,0.6728202770664773,
TROXHLM128F4266510,,,,,,,,,,,,,,,,,TREBQMO128F42828DB,,0.6808831495857779,0.6948590830891974
TRPJCEM128F424ECC8,,,,,,,,,,,,,,,,,TREBQMO128F42828DB,,0.6695478507569051,0.6838619934925734
TRTAYPD128F42A4C9C,,,,,,,,,,,,,,,,,TREBQMO128F42828DB,,,0.6849975944183156
TRWSYHO128F4282346,SOKHOQG12A8C13EBF2,ARSE5NP1187B9B98AB,Twista,I'm A Winner (Amended Album Version),The Day After,2005.0,260.23138,0.889613554744,0.593808365175,hip hop,rap; Hip-Hop; winner in bed twista,1253.0,166.0,218.622963,0.0,3964.0,TREBQMO128F42828DB,4.604771875,,
TRDPGXU128F9339C2A,SOELYON12AB01876A3,ARLHO5Z1187FB4C861,Beastie Boys,B-Boy Bouillabaisse: A.W.O.L. (2009 Digital Remaster),Paul's Boutique (20th Anniversary Remastered Edition),0.0,105.56036,0.853124523276,0.591628024008,hip hop,hip hop; leapsandbounds CDCollection,1746.0,505.0,153.652205,0.0,3221.0,TREENNZ128F145B67D,3.726193749999999,,
TRFUJVJ128F426F2A2,SOONCPO12AF72A1986,AR8W8P31187B9A4063,Lauryn Hill,Interlude 5,MTV Unplugged No. 2.0,2002.0,734.48444,0.697206464376,0.580125198887,r&b/soul,ms hill; the realness; The Truth; true; rnb,1903.0,409.0,215.044182,0.0,3712.0,TREENNZ128F145B67D,4.2812,,
TRFUZQB128F4235491,,,,,,,,,,,,,,,,,TREENNZ128F145B67D,,0.8118769735659342,0.8169047955167411
TRGLNKG128F9307689,SOFVLYU12AB017F502,ARTH9041187FB43E1F,Eminem,My Darling,Relapse [Deluxe],2009.0,320.49587,0.871010615313,0.879236744738,hip hop,rap; detroit; Hip-Hop; Horrorcore; MOONH8SUN,1055.0,293.0,140.089257,0.0,3085.0,TREENNZ128F145B67D,3.63663125,,
TRKAEFD128F428C723,,,,,,,,,,,,,,,,,TREENNZ128F145B67D,,0.7947174268107969,0.8020789901428723
TRZCHKB128F92CB740,,,,,,,,,,,,,,,,,TREENNZ128F145B67D,,0.7662608459268359,0.7754714430742043
TRAVDBM128EF35E257,,,,,,,,,,,,,,,,,TREFLCZ128F4236589,,0.5633799221145629,0.575011056267938
TRFFSMS128F428BC88,SOEMVNF12A8C13C53A,ARDCFNZ1187FB3DDB0,Enrique Iglesias,Miss You,Insomniac,2007.0,201.24689,0.827357260054,0.752927890401,latin,latin; Love; dance; Enrique Iglesias; favourite,488.0,58.0,131.419177,0.0,1498.0,TREFLCZ128F4236589,1.7715624999999968,,
TRFUJVJ128F426F2A2,SOONCPO12AF72A1986,AR8W8P31187B9A4063,Lauryn Hill,Interlude 5,MTV Unplugged No. 2.0,2002.0,734.48444,0.697206464376,0.580125198887,r&b/soul,ms hill; the realness; The Truth; true; rnb,1903.0,409.0,215.044182,0.0,1777.0,TREFLCZ128F4236589,1.9084499999999998,,
TRFXOCI128F42972B5,,,,,,,,,,,,,,,,,TREFLCZ128F4236589,,0.5335869830557824,0.5454685055683166
TRYQAJC128F145A2CF,SOEPDZY12A6D4F72DD,ARDA9NZ1187FB3A825,Röyksopp,Remind Me (Live),Röyksopp's Night Out (Live EP),0.0,227.49995,0.793644920798,0.545834724662,electronic,electronic; electronica; royksopp; dance; electronica chillout,405.0,96.0,107.242715,0.0,1776.0,TREFLCZ128F4236589,2.1645375,,
TRZYFBE12903C9B44E,,,,,,,,,,,,,,,,,TREFLCZ128F4236589,,0.6246646920627774,0.6340553127318005
TRENEPN128F148867B,,,,,,,,,,,,,,,,,TREGBAS128F145EC8B,,0.793271575620901,0.7977568423979617
TRFCKGO128F92F0C78,,,,,,,,,,,,,,,,,TREGBAS128F145EC8B,,0.8003101559540535,0.8048735205818199
TRFGZXT128F1492BA2,,,,,,,,,,,,,,,,,TREGBAS128F145EC8B,,0.7922491929960733,0.7971076508349461
TRIJHLY12903D0CE4D,SOAEBYL12AC468B119,AR1ZHZ51187FB37FEC,Violadores del Verso,Cantando,Vivir Para Contarlo,2006.0,312.92036,0.658189532108,0.503436953654,hip hop,Hip-Hop; spanish hip-hop; rap; spanish; hip hop,671.0,209.0,83.660026,0.0,1550.0,TREGBAS128F145EC8B,1.8585765624999988,,
TRTHNFG12903D0CE54,SONCVPT12AC468B123,AR1ZHZ51187FB37FEC,Violadores del Verso,Dale tiempo al rumor,Vivir Para Contarlo,2006.0,370.02404,0.658189532108,0.524275367928,hip hop,spanish; Hip-Hop; subelamusica; spanish rap; Doble V,749.0,199.0,99.95499,0.0,1622.0,TREGBAS128F145EC8B,1.9379828125000005,,
TRWQZXS128F92DB731,SOLJOIC12A8C145316,ARVH6PU1187FB46B3F,Victor Manuelle,Lloré Lloré,Historia De Un Sonero,0.0,308.50567,0.668543746567,0.490615493311,latin,salsa; great to dance,365.0,79.0,77.369245,0.0,1633.0,TREGBAS128F145EC8B,1.9942843749999997,,
TREPEYQ128F9334F30,,,,,,,,,,,,,,,,,TREGRRQ128F145EC8D,,0.8378540706906122,0.8419892355587912
TRFASPF128F4277844,,,,,,,,,,,,,,,,,TREGRRQ128F145EC8D,,0.8258469914832142,0.8305141623440622
TRIFSVO128F429F94F,,,,,,,,,,,,,,,,,TREGRRQ128F145EC8D,,0.8202069574987275,0.8251332986321729
TRIJHLY12903D0CE4D,SOAEBYL12AC468B119,AR1ZHZ51187FB37FEC,Violadores del Verso,Cantando,Vivir Para Contarlo,2006.0,312.92036,0.658189532108,0.503436953654,hip hop,Hip-Hop; spanish hip-hop; rap; spanish; hip hop,671.0,209.0,83.660026,0.0,2313.0,TREGRRQ128F145EC8D,2.768325000000001,,
TRTHNFG12903D0CE54,SONCVPT12AC468B123,AR1ZHZ51187FB37FEC,Violadores del Verso,Dale tiempo al rumor,Vivir Para Contarlo,2006.0,370.02404,0.658189532108,0.524275367928,hip hop,spanish; Hip-Hop; subelamusica; spanish rap; Doble V,749.0,199.0,99.95499,0.0,2723.0,TREGRRQ128F145EC8D,3.2643250000000013,,
TRWQZXS128F92DB731,SOLJOIC12A8C145316,ARVH6PU1187FB46B3F,Victor Manuelle,Lloré Lloré,Historia De Un Sonero,0.0,308.50567,0.668543746567,0.490615493311,latin,salsa; great to dance,365.0,79.0,77.369245,0.0,1972.0,TREGRRQ128F145EC8D,2.3918499999999994,,
TRCTLQY128F92F1539,,,,,,,,,,,,,,,,,TREIANS128F147AD97,,0.8165544081743606,0.822059213363587
TRDPGXU128F9339C2A,SOELYON12AB01876A3,ARLHO5Z1187FB4C861,Beastie Boys,B-Boy Bouillabaisse: A.W.O.L. (2009 Digital Remaster),Paul's Boutique (20th Anniversary Remastered Edition),0.0,105.56036,0.853124523276,0.591628024008,hip hop,hip hop; leapsandbounds CDCollection,1746.0,505.0,153.652205,0.0,8300.0,TREIANS128F147AD97,9.590237499999999,,
TRDPNYI12903D0517A,,,,,,,,,,,,,,,,,TREIANS128F147AD97,,0.8340307808301421,0.8400588906766766
TRFUJVJ128F426F2A2,SOONCPO12AF72A1986,AR8W8P31187B9A4063,Lauryn Hill,Interlude 5,MTV Unplugged No. 2.0,2002.0,734.48444,0.697206464376,0.580125198887,r&b/soul,ms hill; the realness; The Truth; true; rnb,1903.0,409.0,215.044182,0.0,9817.0,TREIANS128F147AD97,11.33285,,
TRKLJAG128F42B31CF,,,,,,,,,,,,,,,,,TREIANS128F147AD97,,0.8314025448720255,0.8329673339203951
TRWSYHO128F4282346,SOKHOQG12A8C13EBF2,ARSE5NP1187B9B98AB,Twista,I'm A Winner (Amended Album Version),The Day After,2005.0,260.23138,0.889613554744,0.593808365175,hip hop,rap; Hip-Hop; winner in bed twista,1253.0,166.0,218.622963,0.0,7863.0,TREIANS128F147AD97,9.215475000000001,,
TRENNUC128F427B111,,,,,,,,,,,,,,,,,TREIEOO128F42B0099,,0.8226916249738008,0.8288904529638831
TRFUJVJ128F426F2A2,SOONCPO12AF72A1986,AR8W8P31187B9A4063,Lauryn Hill,Interlude 5,MTV Unplugged No. 2.0,2002.0,734.48444,0.697206464376,0.580125198887,r&b/soul,ms hill; the realness; The Truth; true; rnb,1903.0,409.0,215.044182,0.0,13073.0,TREIEOO128F42B0099,15.278649999999997,,
TRFYGMB128F425A7A2,,,,,,,,,,,,,,,,,TREIEOO128F42B0099,,0.826400554670769,0.8328130724606821
TRGTQCP128F932573A,,,,,,,,,,,,,,,,,TREIEOO128F42B0099,,0.8166435280352649,0.8237734472214339
TRUGLTC128F4227B93,SOUSFNM12A6D4FCDAD,AR4503S1187FB43199,Danity Kane,Hold Me Down (Album Version),Danity Kane,2006.0,237.60934,0.854297752323,0.531302988552,r&b/soul,dance; Hold Me Down; Danity Kane; rnb; party,766.0,149.0,159.499216,0.0,10158.0,TREIEOO128F42B0099,12.205181249999995,,
TRWSYHO128F4282346,SOKHOQG12A8C13EBF2,ARSE5NP1187B9B98AB,Twista,I'm A Winner (Amended Album Version),The Day After,2005.0,260.23138,0.889613554744,0.593808365175,hip hop,rap; Hip-Hop; winner in bed twista,1253.0,166.0,218.622963,0.0,11783.0,TREIEOO128F42B0099,14.03430625,,
TREWIVO128E0782339,,,,,,,,,,,,,,,,,TREKDZI128F146A972,,0.7467897125708018,0.7564987115415288
TRFUJVJ128F426F2A2,SOONCPO12AF72A1986,AR8W8P31187B9A4063,Lauryn Hill,Interlude 5,MTV Unplugged No. 2.0,2002.0,734.48444,0.697206464376,0.580125198887,r&b/soul,ms hill; the realness; The Truth; true; rnb,1903.0,409.0,215.044182,0.0,5488.0,TREKDZI128F146A972,6.284999999999999,,
TRLNCCP128F426504E,,,,,,,,,,,,,,,,,TREKDZI128F146A972,,0.7547833925241764,0.7626239386627091
TRLZRCQ128F425E102,,,,,,,,,,,,,,,,,TREKDZI128F146A972,,0.7749381286509387,0.7854551562363201
TRUGLTC128F4227B93,SOUSFNM12A6D4FCDAD,AR4503S1187FB43199,Danity Kane,Hold Me Down (Album Version),Danity Kane,2006.0,237.60934,0.854297752323,0.531302988552,r&b/soul,dance; Hold Me Down; Danity Kane; rnb; party,766.0,149.0,159.499216,0.0,4568.0,TREKDZI128F146A972,5.443593749999996,,
TRVLIZK128F428845E,SOGLUJL12A8C138E31,ARUN7IC1187FB3D392,Five,That's What You Told Me,Five,1998.0,222.92853,0.588017305158,0.435444888557,pop,5ive; pop; Favorite; boybands; Remember,593.0,95.0,153.277526,0.0,4255.0,TREKDZI128F146A972,5.098437499999996,,
TREBGAA128E078FC52,SOVYGAV12A58A7C3A9,AR24DZB1187FB3C869,Erykah Badu,I Want You,Worldwide Underground,2003.0,653.13914,0.855731901717,0.584841725537,r&b/soul,soul; Neo-Soul; female vocalists; rnb; Erykah Badu,617.0,98.0,153.163312,0.0,2368.0,TREKVGV128E0788976,2.8703968749999995,,
TRFUJVJ128F426F2A2,SOONCPO12AF72A1986,AR8W8P31187B9A4063,Lauryn Hill,Interlude 5,MTV Unplugged No. 2.0,2002.0,734.48444,0.697206464376,0.580125198887,r&b/soul,ms hill; the realness; The Truth; true; rnb,1903.0,409.0,215.044182,0.0,2977.0,TREKVGV128E0788976,3.4774499999999993,,
TRSOZIK128F934C856,,,,,,,,,,,,,,,,,TREKVGV128E0788976,,0.6739731453621965,0.6809746977294956
TRSTDLM128EF3431B6,,,,,,,,,,,,,,,,,TREKVGV128E0788976,,0.6764096026138858,0.6852653143008917
TRVVIWJ128F42697BA,,,,,,,,,,,,,,,,,TREKVGV128E0788976,,0.6865053958938891,0.6963398906057763
TRWSYHO128F4282346,SOKHOQG12A8C13EBF2,ARSE5NP1187B9B98AB,Twista,I'm A Winner (Amended Album Version),The Day After,2005.0,260.23138,0.889613554744,0.593808365175,hip hop,rap; Hip-Hop; winner in bed twista,1253.0,166.0,218.622963,0.0,2510.0,TREKVGV128E0788976,2.9781687499999987,,
TRDPGXU128F9339C2A,SOELYON12AB01876A3,ARLHO5Z1187FB4C861,Beastie Boys,B-Boy Bouillabaisse: A.W.O.L. (2009 Digital Remaster),Paul's Boutique (20th Anniversary Remastered Edition),0.0,105.56036,0.853124523276,0.591628024008,hip hop,hip hop; leapsandbounds CDCollection,1746.0,505.0,153.652205,0.0,1514.0,TREKVTY128E0784BA3,1.534740625,,
TRFUJVJ128F426F2A2,SOONCPO12AF72A1986,AR8W8P31187B9A4063,Lauryn Hill,Interlude 5,MTV Unplugged No. 2.0,2002.0,734.48444,0.697206464376,0.580125198887,r&b/soul,ms hill; the realness; The Truth; true; rnb,1903.0,409.0,215.044182,0.0,2367.0,TREKVTY128E0784BA3,2.5309500000000003,,
TRQAWKR128F425EEC3,SOFHEBR12CF5F892C7,ARXPPEY1187FB51DF4,Michael Jackson,Man In The Mirror,HIStory - PAST_ PRESENT AND FUTURE - Book I,1987.0,319.29424,0.855245195586,0.899991594263,pop,pop; michael jackson; 80s; soul; king of pop,1543.0,135.0,200.024998,0.0,1355.0,TREKVTY128E0784BA3,1.3269812499999998,,
TRROKDH128F4262405,,,,,,,,,,,,,,,,,TREKVTY128E0784BA3,,0.4955270649658378,
TRVGBNB128F92FA809,,,,,,,,,,,,,,,,,TREKVTY128E0784BA3,,0.5055528952192908,0.5392784452354596
TRVJYQS128F428E2EA,,,,,,,,,,,,,,,,,TREKVTY128E0784BA3,,0.5190026997832143,0.5382528517857033
TRWRUQO128F14733DD,,,,,,,,,,,,,,,,,TREKVTY128E0784BA3,,,0.5233054874891184
TRFUJVJ128F426F2A2,SOONCPO12AF72A1986,AR8W8P31187B9A4063,Lauryn Hill,Interlude 5,MTV Unplugged No. 2.0,2002.0,734.48444,0.697206464376,0.580125198887,r&b/soul,ms hill; the realness; The Truth; true; rnb,1903.0,409.0,215.044182,0.0,4951.0,TRELLQK128F147AD94,5.77475,,
TRGLNKG128F9307689,SOFVLYU12AB017F502,ARTH9041187FB43E1F,Eminem,My Darling,Relapse [Deluxe],2009.0,320.49587,0.871010615313,0.879236744738,hip hop,rap; detroit; Hip-Hop; Horrorcore; MOONH8SUN,1055.0,293.0,140.089257,0.0,3365.0,TRELLQK128F147AD94,3.952843750000001,,
TRMVVDP128E0787806,,,,,,,,,,,,,,,,,TRELLQK128F147AD94,,0.7236170512759962,0.7337352353811268
TRONQKR12903CA1A0B,,,,,,,,,,,,,,,,,TRELLQK128F147AD94,,0.7227309073597669,0.7309337625427584
TRWLKBS12903CC57D7,,,,,,,,,,,,,,,,,TRELLQK128F147AD94,,0.7321694762737694,0.7428970589282737
TRWSYHO128F4282346,SOKHOQG12A8C13EBF2,ARSE5NP1187B9B98AB,Twista,I'm A Winner (Amended Album Version),The Day After,2005.0,260.23138,0.889613554744,0.593808365175,hip hop,rap; Hip-Hop; winner in bed twista,1253.0,166.0,218.622963,0.0,3945.0,TRELLQK128F147AD94,4.6606875,,
TRDEIBZ128F14A2336,,,,,,,,,,,,,,,,,TREMCSO128F4215877,,0.7538834485062865,0.7600404918828338
TROOIOM128F423D00D,,,,,,,,,,,,,,,,,TREMCSO128F4215877,,0.754944846013558,0.7593498242919043
TRQEFSL12903CAAC57,,,,,,,,,,,,,,,,,TREMCSO128F4215877,,0.7437941526091724,0.7500954419169308
TRRKWPY12903CAAC5D,SOUEYGS12AB0189345,ARFY9RL1187B9AE9AF,Johnny Prez,Te Vuelvo Loca,El Dragon,0.0,230.05995,0.531225462552,0.314265591942,reggae,Reggaeton; Marc Anthony; gatowope; johnny prez; reggaeton Romantica,407.0,103.0,73.525506,0.0,2139.0,TREMCSO128F4215877,2.588218750000002,,
TRTHNFG12903D0CE54,SONCVPT12AC468B123,AR1ZHZ51187FB37FEC,Violadores del Verso,Dale tiempo al rumor,Vivir Para Contarlo,2006.0,370.02404,0.658189532108,0.524275367928,hip hop,spanish; Hip-Hop; subelamusica; spanish rap; Doble V,749.0,199.0,99.95499,0.0,2382.0,TREMCSO128F4215877,2.8428281250000014,,
TRWAGNG128F4286598,SOHRFLK12A8C13B9C2,AR5Z97E1187FB36169,Tego Calderon,Al Natural (Amended Version),El Abayarde,2003.0,213.60281,0.631219639983,0.450950881507,latin,latin,434.0,92.0,83.114379,0.0,2070.0,TREMCSO128F4215877,2.496125,,
TRDPGXU128F9339C2A,SOELYON12AB01876A3,ARLHO5Z1187FB4C861,Beastie Boys,B-Boy Bouillabaisse: A.W.O.L. (2009 Digital Remaster),Paul's Boutique (20th Anniversary Remastered Edition),0.0,105.56036,0.853124523276,0.591628024008,hip hop,hip hop; leapsandbounds CDCollection,1746.0,505.0,153.652205,0.0,806.0,TREMJFY12903CF1630,0.8151562500000008,,
TRFUJVJ128F426F2A2,SOONCPO12AF72A1986,AR8W8P31187B9A4063,Lauryn Hill,Interlude 5,MTV Unplugged No. 2.0,2002.0,734.48444,0.697206464376,0.580125198887,r&b/soul,ms hill; the realness; The Truth; true; rnb,1903.0,409.0,215.044182,0.0,1400.0,TREMJFY12903CF1630,1.5200000000000005,,
TRGDFQG128F4264F30,,,,,,,,,,,,,,,,,TREMJFY12903CF1630,,0.518834847852949,0.5324500101412878
TRJDKEI128F9337CDF,,,,,,,,,,,,,,,,,TREMJFY12903CF1630,,0.4815758991125397,0.5051737784923711
TRMXXLD12903CD5C1B,,,,,,,,,,,,,,,,,TREMJFY12903CF1630,,0.5102111362907643,0.5321206915650755
TRUWTMI128F92E3892,SOEGFVI12A8C14221A,ARFNJLY1187FB3E735,Binary Star,Indy 500,Masters Of The Universe,1999.0,279.17016,0.633365676221,0.427067011815,hip hop,Hip-Hop; hip hop; underground rap; underground hip-hop; rap,977.0,225.0,105.891454,0.0,714.0,TREMJFY12903CF1630,0.7785937499999999,,
TRDPGXU128F9339C2A,SOELYON12AB01876A3,ARLHO5Z1187FB4C861,Beastie Boys,B-Boy Bouillabaisse: A.W.O.L. (2009 Digital Remaster),Paul's Boutique (20th Anniversary Remastered Edition),0.0,105.56036,0.853124523276,0.591628024008,hip hop,hip hop; leapsandbounds CDCollection,1746.0,505.0,153.652205,0.0,7549.0,TRENECR128F92DAC48,8.6361,,
TREIANS128F147AD97,,,,,,,,,,,,,,,,,TRENECR128F92DAC48,,,0.7655448766595113
TRFUJVJ128F426F2A2,SOONCPO12AF72A1986,AR8W8P31187B9A4063,Lauryn Hill,Interlude 5,MTV Unplugged No. 2.0,2002.0,734.48444,0.697206464376,0.580125198887,r&b/soul,ms hill; the realness; The Truth; true; rnb,1903.0,409.0,215.044182,0.0,9634.0,TRENECR128F92DAC48,11.0857,,
TRGHYGG12903CAC100,,,,,,,,,,,,,,,,,TRENECR128F92DAC48,,0.7619136381720062,0.7726274757426965
TRKLJAG128F42B31CF,,,,,,,,,,,,,,,,,TRENECR128F92DAC48,,0.7608741205530681,0.764487062958129
TRSTJFQ128F428DA21,,,,,,,,,,,,,,,,,TRENECR128F92DAC48,,0.7561268850930977,
TRWSYHO128F4282346,SOKHOQG12A8C13EBF2,ARSE5NP1187B9B98AB,Twista,I'm A Winner (Amended Album Version),The Day After,2005.0,260.23138,0.889613554744,0.593808365175,hip hop,rap; Hip-Hop; winner in bed twista,1253.0,166.0,218.622963,0.0,7770.0,TRENECR128F92DAC48,9.087200000000003,,
TRFUJVJ128F426F2A2,SOONCPO12AF72A1986,AR8W8P31187B9A4063,Lauryn Hill,Interlude 5,MTV Unplugged No. 2.0,2002.0,734.48444,0.697206464376,0.580125198887,r&b/soul,ms hill; the realness; The Truth; true; rnb,1903.0,409.0,215.044182,0.0,6506.0,TRENMSO128F42AF485,7.493100000000003,,
TRGLNKG128F9307689,SOFVLYU12AB017F502,ARTH9041187FB43E1F,Eminem,My Darling,Relapse [Deluxe],2009.0,320.49587,0.871010615313,0.879236744738,hip hop,rap; detroit; Hip-Hop; Horrorcore; MOONH8SUN,1055.0,293.0,140.089257,0.0,4687.0,TRENMSO128F42AF485,5.467378125,0.7851881946889975,0.7966009691032254
TRIJRST128E0793392,,,,,,,,,,,,,,,,,TRENMSO128F42AF485,,0.7895894412033144,0.7985221585138622
TRPZKHL128F1456B3B,,,,,,,,,,,,,,,,,TRENMSO128F42AF485,,0.7909399977424442,0.8008762357886852
TRWSYHO128F4282346,SOKHOQG12A8C13EBF2,ARSE5NP1187B9B98AB,Twista,I'm A Winner (Amended Album Version),The Day After,2005.0,260.23138,0.889613554744,0.593808365175,hip hop,rap; Hip-Hop; winner in bed twista,1253.0,166.0,218.622963,0.0,5421.0,TRENMSO128F42AF485,6.358381249999997,,
TRDPGXU128F9339C2A,SOELYON12AB01876A3,ARLHO5Z1187FB4C861,Beastie Boys,B-Boy Bouillabaisse: A.W.O.L. (2009 Digital Remaster),Paul's Boutique (20th Anniversary Remastered Edition),0.0,105.56036,0.853124523276,0.591628024008,hip hop,hip hop; leapsandbounds CDCollection,1746.0,505.0,153.652205,0.0,1667.0,TREOPOB128F427CD42,1.8183156250000008,,
TRFLWJZ128F425C9E4,SOZTZRR12A58A80C97,AR82DJK1187B991107,The Pharcyde,Otha Fish,Bizarre Ride II The Pharcyde,1992.0,321.43628,0.756063870843,0.491468881637,hip hop,Hip-Hop; hip hop; oldschool; rap; oldskool,997.0,247.0,147.895233,0.0,1444.0,TREOPOB128F427CD42,1.6400468749999997,,
TRFUJVJ128F426F2A2,SOONCPO12AF72A1986,AR8W8P31187B9A4063,Lauryn Hill,Interlude 5,MTV Unplugged No. 2.0,2002.0,734.48444,0.697206464376,0.580125198887,r&b/soul,ms hill; the realness; The Truth; true; rnb,1903.0,409.0,215.044182,0.0,2258.0,TREOPOB128F427CD42,2.5050999999999997,,
TRJIBBZ128F425149A,,,,,,,,,,,,,,,,,TREOPOB128F427CD42,,0.5988710560468398,0.6264482454202317
TRXWSOU128F42662B0,,,,,,,,,,,,,,,,,TREOPOB128F427CD42,,0.6016500807007966,0.6294858390015771
TRYEMLL128F42796B1,,,,,,,,,,,,,,,,,TREOPOB128F427CD42,,0.5995306711101389,0.6198494574872324
TRDPGXU128F9339C2A,SOELYON12AB01876A3,ARLHO5Z1187FB4C861,Beastie Boys,B-Boy Bouillabaisse: A.W.O.L. (2009 Digital Remaster),Paul's Boutique (20th Anniversary Remastered Edition),0.0,105.56036,0.853124523276,0.591628024008,hip hop,hip hop; leapsandbounds CDCollection,1746.0,505.0,153.652205,0.0,6427.0,TREPPUG128F9301FAB,7.337465624999998,,
TRFUJVJ128F426F2A2,SOONCPO12AF72A1986,AR8W8P31187B9A4063,Lauryn Hill,Interlude 5,MTV Unplugged No. 2.0,2002.0,734.48444,0.697206464376,0.580125198887,r&b/soul,ms hill; the realness; The Truth; true; rnb,1903.0,409.0,215.044182,0.0,8731.0,TREPPUG128F9301FAB,10.081150000000001,,
TRFYGMB128F425A7A2,,,,,,,,,,,,,,,,,TREPPUG128F9301FAB,,0.7928167495154013,0.8013219695593266
TRTNLQZ128F425C3D2,,,,,,,,,,,,,,,,,TREPPUG128F9301FAB,,0.7910204605077436,
TRWSYHO128F4282346,SOKHOQG12A8C13EBF2,ARSE5NP1187B9B98AB,Twista,I'm A Winner (Amended Album Version),The Day After,2005.0,260.23138,0.889613554744,0.593808365175,hip hop,rap; Hip-Hop; winner in bed twista,1253.0,166.0,218.622963,0.0,7236.0,TREPPUG128F9301FAB,8.50086875,,
TRYQPDL128F4265A48,,,,,,,,,,,,,,,,,TREPPUG128F9301FAB,,0.7988137786752568,0.8086650794028996
TRZCHKB128F92CB740,,,,,,,,,,,,,,,,,TREPPUG128F9301FAB,,,0.7996723191919811
TRBPDOM128F9316691,,,,,,,,,,,,,,,,,TREPYPE128F92EB38C,,0.7945504816947326,0.7979626251385126
TRKKUWM128F92E4E1C,SOHEIBB12AB01827CA,AR4T2NV1187B997CF3,Gemelli Diversi,Istruzioni Per L'(Ill)uso,Istruzioni per l'(ill)uso,2009.0,250.33098,0.641150864963,0.460028873289,hip hop,Hip Hop Italiano; italian; Jeff Mills; 123,413.0,102.0,59.388551,0.0,545.0,TREPYPE128F92EB38C,0.6595906249999994,,
TRQXNGQ128F4266139,,,,,,,,,,,,,,,,,TREPYPE128F92EB38C,,0.9080379585676647,0.9098364354359195
TRRVXQX128F429A0C4,SOECCGV12A8C13C130,ARI5PL11187FB35F7A,Fabrizio De Andrè,Sinan Capudan Pascià,1991 Concerti,0.0,324.46649,0.612914470451,0.408716004941,folk,folk; singer-songwriter; italian; blue; intelligent,351.0,80.0,56.480085,0.0,476.0,TREPYPE128F92EB38C,0.5750624999999985,,
TRWYIWJ128F42BC158,,,,,,,,,,,,,,,,,TREPYPE128F92EB38C,,0.9160747184901796,0.9176725071835744
TRZRTPI12903D0954A,SOWUGGD12AC3DF92AF,ARCM3XF1187B9A9A0C,Flaminio Maphia,Quelli Che,Er Mejo 1997-2010,0.0,258.87302,0.560511722251,0.340719721917,hip hop,rap; Hip-Hop; italian rap; italian hip-hop,311.0,83.0,46.861498,0.0,487.0,TREPYPE128F92EB38C,0.5926187500000005,,
TRAEPAC12903CE5DC8,,,,,,,,,,,,,,,,,TREQYGT128E07859FA,,0.6873740898651638,0.6958892324018713
TREBGAA128E078FC52,SOVYGAV12A58A7C3A9,AR24DZB1187FB3C869,Erykah Badu,I Want You,Worldwide Underground,2003.0,653.13914,0.855731901717,0.584841725537,r&b/soul,soul; Neo-Soul; female vocalists; rnb; Erykah Badu,617.0,98.0,153.163312,0.0,3608.0,TREQYGT128E07859FA,4.323185937499999,,
TRFUJVJ128F426F2A2,SOONCPO12AF72A1986,AR8W8P31187B9A4063,Lauryn Hill,Interlude 5,MTV Unplugged No. 2.0,2002.0,734.48444,0.697206464376,0.580125198887,r&b/soul,ms hill; the realness; The Truth; true; rnb,1903.0,409.0,215.044182,0.0,4601.0,TREQYGT128E07859FA,5.2429499999999996,,
TRIJWAB128F148AA50,,,,,,,,,,,,,,,,,TREQYGT128E07859FA,,0.6915751644784767,0.700632809590511
TRWSYHO128F4282346,SOKHOQG12A8C13EBF2,ARSE5NP1187B9B98AB,Twista,I'm A Winner (Amended Album Version),The Day After,2005.0,260.23138,0.889613554744,0.593808365175,hip hop,rap; Hip-Hop; winner in bed twista,1253.0,166.0,218.622963,0.0,3701.0,TREQYGT128E07859FA,4.294059375000002,,
TRZFWHP12903D13D18,,,,,,,,,,,,,,,,,TREQYGT128E07859FA,,0.700139265137978,0.7093228630758824
TRBJPJS128F932F173,,,,,,,,,,,,,,,,,TRETJUU128F426402A,,0.789977905064151,0.7914090893574053
TRDPGXU128F9339C2A,SOELYON12AB01876A3,ARLHO5Z1187FB4C861,Beastie Boys,B-Boy Bouillabaisse: A.W.O.L. (2009 Digital Remaster),Paul's Boutique (20th Anniversary Remastered Edition),0.0,105.56036,0.853124523276,0.591628024008,hip hop,hip hop; leapsandbounds CDCollection,1746.0,505.0,153.652205,0.0,3347.0,TRETJUU128F426402A,3.749053124999998,,
TRFHZWK128F427068B,,,,,,,,,,,,,,,,,TRETJUU128F426402A,,0.5288989868982454,0.5409967898181834
TRFUJVJ128F426F2A2,SOONCPO12AF72A1986,AR8W8P31187B9A4063,Lauryn Hill,Interlude 5,MTV Unplugged No. 2.0,2002.0,734.48444,0.697206464376,0.580125198887,r&b/soul,ms hill; the realness; The Truth; true; rnb,1903.0,409.0,215.044182,0.0,3332.0,TRETJUU128F426402A,3.6451999999999987,,
TROIJDA128F9341E70,SOCUXGX12A8C13B78C,ARLMXEA1187B9A7D04,R. Kelly,I Mean (I Don't Mean It),TP-2.com,2000.0,205.00853,0.811092052861,0.783843023046,r&b/soul,soul; rnb; english lyrics; SDZ,701.0,190.0,135.443715,0.0,3416.0,TRETJUU128F426402A,4.050003125,,
TRPKSBZ128F423EDB3,,,,,,,,,,,,,,,,,TRETJUU128F426402A,,0.5841660214865247,0.592999738458225
TRDBNWO12903CC8E18,,,,,,,,,,,,,,,,,TRETXLU12903CD5688,,0.7584909214891525,0.7688021592271441
TRDPGXU128F9339C2A,SOELYON12AB01876A3,ARLHO5Z1187FB4C861,Beastie Boys,B-Boy Bouillabaisse: A.W.O.L. (2009 Digital Remaster),Paul's Boutique (20th Anniversary Remastered Edition),0.0,105.56036,0.853124523276,0.591628024008,hip hop,hip hop; leapsandbounds CDCollection,1746.0,505.0,153.652205,0.0,2556.0,TRETXLU12903CD5688,2.8680156249999995,,
TRFUJVJ128F426F2A2,SOONCPO12AF72A1986,AR8W8P31187B9A4063,Lauryn Hill,Interlude 5,MTV Unplugged No. 2.0,2002.0,734.48444,0.697206464376,0.580125198887,r&b/soul,ms hill; the realness; The Truth; true; rnb,1903.0,409.0,215.044182,0.0,3806.0,TRETXLU12903CD5688,4.366500000000002,,
TROMMRU128F4250C74,,,,,,,,,,,,,,,,,TRETXLU12903CD5688,,0.7178248063855526,0.73169100437109
TRRGWST128F930E4AE,,,,,,,,,,,,,,,,,TRETXLU12903CD5688,,0.7009285801973585,0.7139231121911069
TRWSYHO128F4282346,SOKHOQG12A8C13EBF2,ARSE5NP1187B9B98AB,Twista,I'm A Winner (Amended Album Version),The Day After,2005.0,260.23138,0.889613554744,0.593808365175,hip hop,rap; Hip-Hop; winner in bed twista,1253.0,166.0,218.622963,0.0,2567.0,TRETXLU12903CD5688,2.9532187500000013,,
TRANDPI128F425AF41,,,,,,,,,,,,,,,,,TREUPHA128F4278F34,,0.7570053656774902,0.7679262438085412
TRDPGXU128F9339C2A,SOELYON12AB01876A3,ARLHO5Z1187FB4C861,Beastie Boys,B-Boy Bouillabaisse: A.W.O.L. (2009 Digital Remaster),Paul's Boutique (20th Anniversary Remastered Edition),0.0,105.56036,0.853124523276,0.591628024008,hip hop,hip hop; leapsandbounds CDCollection,1746.0,505.0,153.652205,0.0,5254.0,TREUPHA128F4278F34,,,
TREBGAA128E078FC52,,,,,,,,,,,,,,,,,TREUPHA128F4278F34,6.112665625000004,,
TRFUJVJ128F426F2A2,SOONCPO12AF72A1986,AR8W8P31187B9A4063,Lauryn Hill,Interlude 5,MTV Unplugged No. 2.0,2002.0,734.48444,0.697206464376,0.580125198887,r&b/soul,ms hill; the realness; The Truth; true; rnb,1903.0,409.0,215.044182,0.0,7579.0,TREUPHA128F4278F34,8.705549999999999,,
TRVVIWJ128F42697BA,,,,,,,,,,,,,,,,,TREUPHA128F4278F34,,0.7260830175609747,0.7391723196073088
TRWSYHO128F4282346,SOKHOQG12A8C13EBF2,ARSE5NP1187B9B98AB,Twista,I'm A Winner (Amended Album Version),The Day After,2005.0,260.23138,0.889613554744,0.593808365175,hip hop,rap; Hip-Hop; winner in bed twista,1253.0,166.0,218.622963,0.0,6234.0,TREUPHA128F4278F34,7.290456249999997,,
TRZNHJN128F4293FC2,,,,,,,,,,,,,,,,,TREUPHA128F4278F34,,0.7605082734012663,0.7709399009187753
TRDPGXU128F9339C2A,SOELYON12AB01876A3,ARLHO5Z1187FB4C861,Beastie Boys,B-Boy Bouillabaisse: A.W.O.L. (2009 Digital Remaster),Paul's Boutique (20th Anniversary Remastered Edition),0.0,105.56036,0.853124523276,0.591628024008,hip hop,hip hop; leapsandbounds CDCollection,1746.0,505.0,153.652205,0.0,2148.0,TREVCQU12903CCD318,2.3907140625000007,,
TREBGAA128E078FC52,SOVYGAV12A58A7C3A9,AR24DZB1187FB3C869,Erykah Badu,I Want You,Worldwide Underground,2003.0,653.13914,0.855731901717,0.584841725537,r&b/soul,soul; Neo-Soul; female vocalists; rnb; Erykah Badu,617.0,98.0,153.163312,0.0,1884.0,TREVCQU12903CCD318,2.2256671875000005,,
TRFUJVJ128F426F2A2,SOONCPO12AF72A1986,AR8W8P31187B9A4063,Lauryn Hill,Interlude 5,MTV Unplugged No. 2.0,2002.0,734.48444,0.697206464376,0.580125198887,r&b/soul,ms hill; the realness; The Truth; true; rnb,1903.0,409.0,215.044182,0.0,2558.0,TREVCQU12903CCD318,2.8456000000000006,,
TRKDVQI128F4271B77,,,,,,,,,,,,,,,,,TREVCQU12903CCD318,,0.6577582435087537,0.670605161857436
TRLAEHY128F4262611,,,,,,,,,,,,,,,,,TREVCQU12903CCD318,,0.6141180233274937,0.6307612191887608
TRVMHRC128F9308C9A,,,,,,,,,,,,,,,,,TREVCQU12903CCD318,,0.601615712468455,0.6219959378222331
TRDENDW128F42747AE,,,,,,,,,,,,,,,,,TREXAZN128F425A825,,0.6978586134139807,0.7081814897881549
TRFUJVJ128F426F2A2,SOONCPO12AF72A1986,AR8W8P31187B9A4063,Lauryn Hill,Interlude 5,MTV Unplugged No. 2.0,2002.0,734.48444,0.697206464376,0.580125198887,r&b/soul,ms hill; the realness; The Truth; true; rnb,1903.0,409.0,215.044182,0.0,4849.0,TREXAZN128F425A825,5.548349999999999,,
TRPDVBK128F92FFEA1,,,,,,,,,,,,,,,,,TREXAZN128F425A825,,0.6955586950005662,0.7073473561605901
TRUGLTC128F4227B93,SOUSFNM12A6D4FCDAD,AR4503S1187FB43199,Danity Kane,Hold Me Down (Album Version),Danity Kane,2006.0,237.60934,0.854297752323,0.531302988552,r&b/soul,dance; Hold Me Down; Danity Kane; rnb; party,766.0,149.0,159.499216,0.0,3340.0,TREXAZN128F425A825,3.9373656249999995,,
TRWSYHO128F4282346,SOKHOQG12A8C13EBF2,ARSE5NP1187B9B98AB,Twista,I'm A Winner (Amended Album Version),The Day After,2005.0,260.23138,0.889613554744,0.593808365175,hip hop,rap; Hip-Hop; winner in bed twista,1253.0,166.0,218.622963,0.0,3575.0,TREXAZN128F425A825,4.133553124999999,,
TRXYPVB12903CD976E,,,,,,,,,,,,,,,,,TREXAZN128F425A825,,0.7080947715811051,0.7196103777143457
TRDPGXU128F9339C2A,SOELYON12AB01876A3,ARLHO5Z1187FB4C861,Beastie Boys,B-Boy Bouillabaisse: A.W.O.L. (2009 Digital Remaster),Paul's Boutique (20th Anniversary Remastered Edition),0.0,105.56036,0.853124523276,0.591628024008,hip hop,hip hop; leapsandbounds CDCollection,1746.0,505.0,153.652205,0.0,4482.0,TREXZYC12903CA281A,5.144721875000001,,
TREBQOW128F92C4549,,,,,,,,,,,,,,,,,TREXZYC12903CA281A,,0.7904553736750387,0.7988579052116475
TRFUJVJ128F426F2A2,SOONCPO12AF72A1986,AR8W8P31187B9A4063,Lauryn Hill,Interlude 5,MTV Unplugged No. 2.0,2002.0,734.48444,0.697206464376,0.580125198887,r&b/soul,ms hill; the realness; The Truth; true; rnb,1903.0,409.0,215.044182,0.0,4904.0,TREXZYC12903CA281A,5.582599999999998,,
TRHSMEG128F42BC646,,,,,,,,,,,,,,,,,TREXZYC12903CA281A,,0.7649359733051753,0.7747084000132225
TRKLJAG128F42B31CF,,,,,,,,,,,,,,,,,TREXZYC12903CA281A,,0.7638827224623034,0.767811373847845
TRWSYHO128F4282346,SOKHOQG12A8C13EBF2,ARSE5NP1187B9B98AB,Twista,I'm A Winner (Amended Album Version),The Day After,2005.0,260.23138,0.889613554744,0.593808365175,hip hop,rap; Hip-Hop; winner in bed twista,1253.0,166.0,218.622963,0.0,4328.0,TREXZYC12903CA281A,5.052256249999997,,
TRCDMRL12903CB105C,,,,,,,,,,,,,,,,,TRFBNCQ128F9302AD9,7.7487578125,,
TRCFOQP128F42A8E14,,,,,,,,,,,,,,,,,TRFBNCQ128F9302AD9,,0.6510524993666079,0.6631079631531586
TRFUJVJ128F426F2A2,SOONCPO12AF72A1986,AR8W8P31187B9A4063,Lauryn Hill,Interlude 5,MTV Unplugged No. 2.0,2002.0,734.48444,0.697206464376,0.580125198887,r&b/soul,ms hill; the realness; The Truth; true; rnb,1903.0,409.0,215.044182,0.0,6947.0,TRFBNCQ128F9302AD9,,,
TRGLNKG128F9307689,SOFVLYU12AB017F502,ARTH9041187FB43E1F,Eminem,My Darling,Relapse [Deluxe],2009.0,320.49587,0.871010615313,0.879236744738,hip hop,rap; detroit; Hip-Hop; Horrorcore; MOONH8SUN,1055.0,293.0,140.089257,0.0,6664.0,TRFBNCQ128F9302AD9,7.7035234375,,
TRLCWTH128F92C7F82,SOYTFRL12A8C143157,ARJT1PO1187FB52E7D,Marques Houston,Cancel (Album Version),Marques Houston,0.0,238.8371,0.740455341569,0.492729093193,r&b/soul,rnb; slowjamz; Hip-Hop; nikki; soulpower,525.0,112.0,118.680243,0.0,6474.0,TRFBNCQ128F9302AD9,7.744148437500001,,
TRNDLHW128F424EF6B,,,,,,,,,,,,,,,,,TRFBNCQ128F9302AD9,,0.640003027899628,0.6512464047732749
TRYJQQG128EF34A50A,,,,,,,,,,,,,,,,,TRFBNCQ128F9302AD9,,0.6261639036648703,0.6366280096464723
TRFUJVJ128F426F2A2,SOONCPO12AF72A1986,AR8W8P31187B9A4063,Lauryn Hill,Interlude 5,MTV Unplugged No. 2.0,2002.0,734.48444,0.697206464376,0.580125198887,r&b/soul,ms hill; the realness; The Truth; true; rnb,1903.0,409.0,215.044182,0.0,2681.0,TRFBNZN128F9340B0E,2.9533500000000004,,
TRGLNKG128F9307689,,,,,,,,,,,,,,,,,TRFBNZN128F9340B0E,1.6401984375,,
TRHRXAE128F92C1CDE,,,,,,,,,,,,,,,,,TRFBNZN128F9340B0E,,0.47191782769568813,0.4971205446381256
TRHWJQG128F92FD821,,,,,,,,,,,,,,,,,TRFBNZN128F9340B0E,,0.4733953967025421,0.4888152706435525
TRQAWKR128F425EEC3,SOFHEBR12CF5F892C7,ARXPPEY1187FB51DF4,Michael Jackson,Man In The Mirror,HIStory - PAST_ PRESENT AND FUTURE - Book I,1987.0,319.29424,0.855245195586,0.899991594263,pop,pop; michael jackson; 80s; soul; king of pop,1543.0,135.0,200.024998,0.0,1542.0,TRFBNZN128F9340B0E,,,
TRWSYHO128F4282346,SOKHOQG12A8C13EBF2,ARSE5NP1187B9B98AB,Twista,I'm A Winner (Amended Album Version),The Day After,2005.0,260.23138,0.889613554744,0.593808365175,hip hop,rap; Hip-Hop; winner in bed twista,1253.0,166.0,218.622963,0.0,1936.0,TRFBNZN128F9340B0E,2.1599593750000006,,
TRWUEMB128F148CCAC,,,,,,,,,,,,,,,,,TRFBNZN128F9340B0E,,0.47047447228676176,0.4878990560684231
TRDPGXU128F9339C2A,SOELYON12AB01876A3,ARLHO5Z1187FB4C861,Beastie Boys,B-Boy Bouillabaisse: A.W.O.L. (2009 Digital Remaster),Paul's Boutique (20th Anniversary Remastered Edition),0.0,105.56036,0.853124523276,0.591628024008,hip hop,hip hop; leapsandbounds CDCollection,1746.0,505.0,153.652205,0.0,3401.0,TRFBWEC128F42B8346,3.8723328124999985,,
TREEAAM128F4278BF4,,,,,,,,,,,,,,,,,TRFBWEC128F42B8346,,0.7589073932774835,0.7729686927188213
TRFUJVJ128F426F2A2,SOONCPO12AF72A1986,AR8W8P31187B9A4063,Lauryn Hill,Interlude 5,MTV Unplugged No. 2.0,2002.0,734.48444,0.697206464376,0.580125198887,r&b/soul,ms hill; the realness; The Truth; true; rnb,1903.0,409.0,215.044182,0.0,4500.0,TRFBWEC128F42B8346,5.171899999999998,,
TROJYOU12903CBD2A8,,,,,,,,,,,,,,,,,TRFBWEC128F42B8346,,0.7790156913243091,0.7910491929359419
TRQCXUL128E078A9D6,,,,,,,,,,,,,,,,,TRFBWEC128F42B8346,,0.7532121135683431,0.7677562712748037
TRWSYHO128F4282346,SOKHOQG12A8C13EBF2,ARSE5NP1187B9B98AB,Twista,I'm A Winner (Amended Album Version),The Day After,2005.0,260.23138,0.889613554744,0.593808365175,hip hop,rap; Hip-Hop; winner in bed twista,1253.0,166.0,218.622963,0.0,3122.0,TRFBWEC128F42B8346,3.606384375,,
TRDPGXU128F9339C2A,SOELYON12AB01876A3,ARLHO5Z1187FB4C861,Beastie Boys,B-Boy Bouillabaisse: A.W.O.L. (2009 Digital Remaster),Paul's Boutique (20th Anniversary Remastered Edition),0.0,105.56036,0.853124523276,0.591628024008,hip hop,hip hop; leapsandbounds CDCollection,1746.0,505.0,153.652205,0.0,2058.0,TRFBXJZ128F92D25C0,2.1570374999999995,,
TRFUJVJ128F426F2A2,SOONCPO12AF72A1986,AR8W8P31187B9A4063,Lauryn Hill,Interlude 5,MTV Unplugged No. 2.0,2002.0,734.48444,0.697206464376,0.580125198887,r&b/soul,ms hill; the realness; The Truth; true; rnb,1903.0,409.0,215.044182,0.0,2566.0,TRFBXJZ128F92D25C0,2.710699999999999,,
TRJZTLY128F426B469,,,,,,,,,,,,,,,,,TRFBXJZ128F92D25C0,,0.48237284578994305,0.5105247911486431
TRNRFJU128F1468B8E,,,,,,,,,,,,,,,,,TRFBXJZ128F92D25C0,,0.5012728597937013,0.5160011665636731
TRUZMND128F14B0EFF,,,,,,,,,,,,,,,,,TRFBXJZ128F92D25C0,,0.5181697298261128,0.5471104547616711
TRWSYHO128F4282346,SOKHOQG12A8C13EBF2,ARSE5NP1187B9B98AB,Twista,I'm A Winner (Amended Album Version),The Day After,2005.0,260.23138,0.889613554744,0.593808365175,hip hop,rap; Hip-Hop; winner in bed twista,1253.0,166.0,218.622963,0.0,2056.0,TRFBXJZ128F92D25C0,2.2453250000000002,,
TRDPGXU128F9339C2A,SOELYON12AB01876A3,ARLHO5Z1187FB4C861,Beastie Boys,B-Boy Bouillabaisse: A.W.O.L. (2009 Digital Remaster),Paul's Boutique (20th Anniversary Remastered Edition),0.0,105.56036,0.853124523276,0.591628024008,hip hop,hip hop; leapsandbounds CDCollection,1746.0,505.0,153.652205,0.0,5605.0,TRFCCKL128F426EE8E,6.113775,,
TRFUJVJ128F426F2A2,SOONCPO12AF72A1986,AR8W8P31187B9A4063,Lauryn Hill,Interlude 5,MTV Unplugged No. 2.0,2002.0,734.48444,0.697206464376,0.580125198887,r&b/soul,ms hill; the realness; The Truth; true; rnb,1903.0,409.0,215.044182,0.0,7190.0,TRFCCKL128F426EE8E,7.9202999999999975,,
TRJISRM128F9328AD4,,,,,,,,,,,,,,,,,TRFCCKL128F426EE8E,,0.6160583982478242,
TRLVRJP128F93519FB,,,,,,,,,,,,,,,,,TRFCCKL128F426EE8E,,,0.6437198518961156
TRMZUWA12903C9AF06,,,,,,,,,,,,,,,,,TRFCCKL128F426EE8E,,0.635396550928104,0.6678006172278396
TRWSYHO128F4282346,SOKHOQG12A8C13EBF2,ARSE5NP1187B9B98AB,Twista,I'm A Winner (Amended Album Version),The Day After,2005.0,260.23138,0.889613554744,0.593808365175,hip hop,rap; Hip-Hop; winner in bed twista,1253.0,166.0,218.622963,0.0,4521.0,TRFCCKL128F426EE8E,4.953800000000001,,
TRZGDIA128F4294E98,,,,,,,,,,,,,,,,,TRFCCKL128F426EE8E,,0.6167885032279088,0.6462188123703354
TRDPGXU128F9339C2A,SOELYON12AB01876A3,ARLHO5Z1187FB4C861,Beastie Boys,B-Boy Bouillabaisse: A.W.O.L. (2009 Digital Remaster),Paul's Boutique (20th Anniversary Remastered Edition),0.0,105.56036,0.853124523276,0.591628024008,hip hop,hip hop; leapsandbounds CDCollection,1746.0,505.0,153.652205,0.0,3481.0,TRFCNIJ128F423F32E,4.070428124999999,,
TRDQNSS128F4240C31,,,,,,,,,,,,,,,,,TRFCNIJ128F423F32E,,0.7754608983961461,0.7808365982363298
TRFUJVJ128F426F2A2,SOONCPO12AF72A1986,AR8W8P31187B9A4063,Lauryn Hill,Interlude 5,MTV Unplugged No. 2.0,2002.0,734.48444,0.697206464376,0.580125198887,r&b/soul,ms hill; the realness; The Truth; true; rnb,1903.0,409.0,215.044182,0.0,3363.0,TRFCNIJ128F423F32E,,,
TRKLJAG128F42B31CF,,,,,,,,,,,,,,,,,TRFCNIJ128F423F32E,3.8923437499999993,,
TROIJDA128F9341E70,SOCUXGX12A8C13B78C,ARLMXEA1187B9A7D04,R. Kelly,I Mean (I Don't Mean It),TP-2.com,2000.0,205.00853,0.811092052861,0.783843023046,r&b/soul,soul; rnb; english lyrics; SDZ,701.0,190.0,135.443715,0.0,3249.0,TRFCNIJ128F423F32E,3.9191281250000025,,
TRURGUR128F149409A,,,,,,,,,,,,,,,,,TRFCNIJ128F423F32E,,0.7964535510271371,0.8008764409912635
TRVVBPB128F4250C72,,,,,,,,,,,,,,,,,TRFCNIJ128F423F32E,,0.7678561831880036,0.7738191946775766
TREAUAV128EF33FE50,SOGTUPY12A67ADBD9D,ARDIHUE1187FB5783D,Electrelane,Cut And Run,No Shouts_ No Calls,2007.0,207.90812,0.669548918068,0.457274839916,punk,Alternative  Punk; bounce and be happy; my heart is a jerk; all my failed romantic interests wrapped up in a beautiful little bow called this song; sigh,364.0,85.0,80.572948,0.0,1879.0,TRFEGGQ128E07898AA,2.2835562499999984,,
TRFUJVJ128F426F2A2,SOONCPO12AF72A1986,AR8W8P31187B9A4063,Lauryn Hill,Interlude 5,MTV Unplugged No. 2.0,2002.0,734.48444,0.697206464376,0.580125198887,r&b/soul,ms hill; the realness; The Truth; true; rnb,1903.0,409.0,215.044182,0.0,2237.0,TRFEGGQ128E07898AA,2.5156499999999995,,
TRKKSER128F4241C16,,,,,,,,,,,,,,,,,TRFEGGQ128E07898AA,,0.7352704095327465,0.7408304133687239
TRPNSHU128F428049F,,,,,,,,,,,,,,,,,TRFEGGQ128E07898AA,,0.7313282315519782,0.7350005406724144
TRUOWXS128F4232239,,,,,,,,,,,,,,,,,TRFEGGQ128E07898AA,,0.7258297353358591,0.7317444599241864
TRWSYHO128F4282346,SOKHOQG12A8C13EBF2,ARSE5NP1187B9B98AB,Twista,I'm A Winner (Amended Album Version),The Day After,2005.0,260.23138,0.889613554744,0.593808365175,hip hop,rap; Hip-Hop; winner in bed twista,1253.0,166.0,218.622963,0.0,1744.0,TRFEGGQ128E07898AA,1.99661875,,
TREBGAA128E078FC52,SOVYGAV12A58A7C3A9,AR24DZB1187FB3C869,Erykah Badu,I Want You,Worldwide Underground,2003.0,653.13914,0.855731901717,0.584841725537,r&b/soul,soul; Neo-Soul; female vocalists; rnb; Erykah Badu,617.0,98.0,153.163312,0.0,10887.0,TRFFSMS128F428BC88,13.207226562500018,,
TRFUJVJ128F426F2A2,SOONCPO12AF72A1986,AR8W8P31187B9A4063,Lauryn Hill,Interlude 5,MTV Unplugged No. 2.0,2002.0,734.48444,0.697206464376,0.580125198887,r&b/soul,ms hill; the realness; The Truth; true; rnb,1903.0,409.0,215.044182,0.0,13632.0,TRFFSMS128F428BC88,15.947499999999996,,
TRLUGVB128F428E704,,,,,,,,,,,,,,,,,TRFFSMS128F428BC88,,0.751533544962315,0.7550425327997425
TRURSTR12903CD0F40,,,,,,,,,,,,,,,,,TRFFSMS128F428BC88,,0.7285545036092994,0.7335975568454328
TRWSYHO128F4282346,SOKHOQG12A8C13EBF2,ARSE5NP1187B9B98AB,Twista,I'm A Winner (Amended Album Version),The Day After,2005.0,260.23138,0.889613554744,0.593808365175,hip hop,rap; Hip-Hop; winner in bed twista,1253.0,166.0,218.622963,0.0,12008.0,TRFFSMS128F428BC88,14.296015625,,
TRXDCIY128F93112FB,,,,,,,,,,,,,,,,,TRFFSMS128F428BC88,,0.7702333765360831,0.7737294430604407
TRCHZXW128E079288A,SOMEJDK12D0219BB71,ARTH9041187FB43E1F,Eminem,8 Mile,8 Mile,2002.0,359.3922,0.886183647684,0.852677055416,hip hop,rap; Hip-Hop; Eminem; Soundtrack; hip hop,1141.0,328.0,132.992481,0.0,1918.0,TRFGGSX128F427A723,2.208796875000001,,
TRDPGXU128F9339C2A,SOELYON12AB01876A3,ARLHO5Z1187FB4C861,Beastie Boys,B-Boy Bouillabaisse: A.W.O.L. (2009 Digital Remaster),Paul's Boutique (20th Anniversary Remastered Edition),0.0,105.56036,0.853124523276,0.591628024008,hip hop,hip hop; leapsandbounds CDCollection,1746.0,505.0,153.652205,0.0,2215.0,TRFGGSX128F427A723,2.5187031249999996,,
TRFUJVJ128F426F2A2,SOONCPO12AF72A1986,AR8W8P31187B9A4063,Lauryn Hill,Interlude 5,MTV Unplugged No. 2.0,2002.0,734.48444,0.697206464376,0.580125198887,r&b/soul,ms hill; the realness; The Truth; true; rnb,1903.0,409.0,215.044182,0.0,2328.0,TRFGGSX128F427A723,2.611,,
TRGLGNR128F1487A6F,,,,,,,,,,,,,,,,,TRFGGSX128F427A723,,0.70382498796955,0.7156599537949512
TRMDSAH12903CAF58C,,,,,,,,,,,,,,,,,TRFGGSX128F427A723,,0.6864159482424178,0.7006955849653108
TRZPHVT128F4298109,,,,,,,,,,,,,,,,,TRFGGSX128F427A723,,0.6949109189982317,0.7093541132995728
TRDPGXU128F9339C2A,SOELYON12AB01876A3,ARLHO5Z1187FB4C861,Beastie Boys,B-Boy Bouillabaisse: A.W.O.L. (2009 Digital Remaster),Paul's Boutique (20th Anniversary Remastered Edition),0.0,105.56036,0.853124523276,0.591628024008,hip hop,hip hop; leapsandbounds CDCollection,1746.0,505.0,153.652205,0.0,3168.0,TRFGOUF128F9348838,,,
TRFLMQX128F9341492,,,,,,,,,,,,,,,,,TRFGOUF128F9348838,,0.7844586000403305,0.790234069658965
TRFMMQY128F931855B,,,,,,,,,,,,,,,,,TRFGOUF128F9348838,,0.7559253904201826,0.7687326152611303
TRFUJVJ128F426F2A2,SOONCPO12AF72A1986,AR8W8P31187B9A4063,Lauryn Hill,Interlude 5,MTV Unplugged No. 2.0,2002.0,734.48444,0.697206464376,0.580125198887,r&b/soul,ms hill; the realness; The Truth; true; rnb,1903.0,409.0,215.044182,0.0,3817.0,TRFGOUF128F9348838,4.329649999999998,,
TRGLNKG128F9307689,SOFVLYU12AB017F502,ARTH9041187FB43E1F,Eminem,My Darling,Relapse [Deluxe],2009.0,320.49587,0.871010615313,0.879236744738,hip hop,rap; detroit; Hip-Hop; Horrorcore; MOONH8SUN,1055.0,293.0,140.089257,0.0,3186.0,TRFGOUF128F9348838,3.712199999999998,,
TRMQQGH128F9301E4B,,,,,,,,,,,,,,,,,TRFGOUF128F9348838,,0.7559251374551824,0.7672056400262521
TRWSYHO128F4282346,,,,,,,,,,,,,,,,,TRFGOUF128F9348838,3.658900000000001,,
TREBGAA128E078FC52,,,,,,,,,,,,,,,,,TRFHVTT12903CF7CD9,2.4414500000000006,,
TRFUJVJ128F426F2A2,SOONCPO12AF72A1986,AR8W8P31187B9A4063,Lauryn Hill,Interlude 5,MTV Unplugged No. 2.0,2002.0,734.48444,0.697206464376,0.580125198887,r&b/soul,ms hill; the realness; The Truth; true; rnb,1903.0,409.0,215.044182,0.0,3085.0,TRFHVTT12903CF7CD9,3.414649999999999,,
TRKSXRS128F14AA089,,,,,,,,,,,,,,,,,TRFHVTT12903CF7CD9,,0.5974637708639137,0.624425897727655
TRQAWKR128F425EEC3,SOFHEBR12CF5F892C7,ARXPPEY1187FB51DF4,Michael Jackson,Man In The Mirror,HIStory - PAST_ PRESENT AND FUTURE - Book I,1987.0,319.29424,0.855245195586,0.899991594263,pop,pop; michael jackson; 80s; soul; king of pop,1543.0,135.0,200.024998,0.0,2206.0,TRFHVTT12903CF7CD9,,,
TRUXRZH128F92F703B,,,,,,,,,,,,,,,,,TRFHVTT12903CF7CD9,,0.596651787080178,0.6137182963203741
TRWSYHO128F4282346,SOKHOQG12A8C13EBF2,ARSE5NP1187B9B98AB,Twista,I'm A Winner (Amended Album Version),The Day After,2005.0,260.23138,0.889613554744,0.593808365175,hip hop,rap; Hip-Hop; winner in bed twista,1253.0,166.0,218.622963,0.0,2497.0,TRFHVTT12903CF7CD9,2.8326500000000006,,
TRYXYFR128E078C6B5,,,,,,,,,,,,,,,,,TRFHVTT12903CF7CD9,,0.5928117920857617,0.6149362439930187
TRFUJVJ128F426F2A2,SOONCPO12AF72A1986,AR8W8P31187B9A4063,Lauryn Hill,Interlude 5,MTV Unplugged No. 2.0,2002.0,734.48444,0.697206464376,0.580125198887,r&b/soul,ms hill; the realness; The Truth; true; rnb,1903.0,409.0,215.044182,0.0,1490.0,TRFJKWU12903CC37B1,1.6784999999999997,,
TRGLNKG128F9307689,SOFVLYU12AB017F502,ARTH9041187FB43E1F,Eminem,My Darling,Relapse [Deluxe],2009.0,320.49587,0.871010615313,0.879236744738,hip hop,rap; detroit; Hip-Hop; Horrorcore; MOONH8SUN,1055.0,293.0,140.089257,0.0,1447.0,TRFJKWU12903CC37B1,1.696125,,
TRPXWYY12903CEA77A,,,,,,,,,,,,,,,,,TRFJKWU12903CC37B1,,0.7055497163291714,0.7145395062704731
TRWSYHO128F4282346,SOKHOQG12A8C13EBF2,ARSE5NP1187B9B98AB,Twista,I'm A Winner (Amended Album Version),The Day After,2005.0,260.23138,0.889613554744,0.593808365175,hip hop,rap; Hip-Hop; winner in bed twista,1253.0,166.0,218.622963,0.0,1492.0,TRFJKWU12903CC37B1,1.7447500000000002,,
TRWYBIP128F1456ADE,,,,,,,,,,,,,,,,,TRFJKWU12903CC37B1,,0.6636685644333841,0.673855179021523
TRYYRLU12903D082FF,,,,,,,,,,,,,,,,,TRFJKWU12903CC37B1,,0.6607105949221505,0.6739130434782609
TRIBWOP128F92E4E17,,,,,,,,,,,,,,,,,TRFKPYW128F92F21C5,,0.8319353726922665,0.8350606568769703
TRIJHLY12903D0CE4D,SOAEBYL12AC468B119,AR1ZHZ51187FB37FEC,Violadores del Verso,Cantando,Vivir Para Contarlo,2006.0,312.92036,0.658189532108,0.503436953654,hip hop,Hip-Hop; spanish hip-hop; rap; spanish; hip hop,671.0,209.0,83.660026,0.0,1947.0,TRFKPYW128F92F21C5,2.338762500000001,,
TRKFYYC128F9342443,,,,,,,,,,,,,,,,,TRFKPYW128F92F21C5,,0.8344049196672116,0.8379461754934256
TRTHNFG12903D0CE54,SONCVPT12AC468B123,AR1ZHZ51187FB37FEC,Violadores del Verso,Dale tiempo al rumor,Vivir Para Contarlo,2006.0,370.02404,0.658189532108,0.524275367928,hip hop,spanish; Hip-Hop; subelamusica; spanish rap; Doble V,749.0,199.0,99.95499,0.0,2295.0,TRFKPYW128F92F21C5,2.761012500000001,,
TRTJLTW12903CFF1E9,SOJLHYI12AC46857C4,ARFJD5L1187B9A30BA,Los Van Van,El Negro Está Cocinando,Live At Miami Arena,1999.0,609.25342,0.604414492162,0.400517950689,latin,cuba; salsa; latin; cubano; latinas,407.0,81.0,86.792857,0.0,1893.0,TRFKPYW128F92F21C5,2.3056875,,
TRUGDLC128F428EA24,,,,,,,,,,,,,,,,,TRFKPYW128F92F21C5,,0.8448204165353124,0.8486064974777672
TRFUJVJ128F426F2A2,SOONCPO12AF72A1986,AR8W8P31187B9A4063,Lauryn Hill,Interlude 5,MTV Unplugged No. 2.0,2002.0,734.48444,0.697206464376,0.580125198887,r&b/soul,ms hill; the realness; The Truth; true; rnb,1903.0,409.0,215.044182,0.0,5089.0,TRFKPZK128F935A08D,5.671249999999998,,
TRIRVHL128F92F5ECF,,,,,,,,,,,,,,,,,TRFKPZK128F935A08D,,0.6415283655082863,0.6507598774277561
TRKZRCW128F4233621,,,,,,,,,,,,,,,,,TRFKPZK128F935A08D,,0.6994488668706811,0.7042804296396256
TRUGLTC128F4227B93,SOUSFNM12A6D4FCDAD,AR4503S1187FB43199,Danity Kane,Hold Me Down (Album Version),Danity Kane,2006.0,237.60934,0.854297752323,0.531302988552,r&b/soul,dance; Hold Me Down; Danity Kane; rnb; party,766.0,149.0,159.499216,0.0,6024.0,TRFKPZK128F935A08D,7.210312499999998,,
TRVLIZK128F428845E,SOGLUJL12A8C138E31,ARUN7IC1187FB3D392,Five,That's What You Told Me,Five,1998.0,222.92853,0.588017305158,0.435444888557,pop,5ive; pop; Favorite; boybands; Remember,593.0,95.0,153.277526,0.0,5223.0,TRFKPZK128F935A08D,6.264374999999993,,
TRXKSAZ12903CAFB8E,,,,,,,,,,,,,,,,,TRFKPZK128F935A08D,,0.6651443334644149,0.67081577954257
TRBEWAM128F145CA91,,,,,,,,,,,,,,,,,TRFLJNE12903CB44F1,,0.5648937104498979,0.5795693115308373
TREBGAA128E078FC52,SOVYGAV12A58A7C3A9,AR24DZB1187FB3C869,Erykah Badu,I Want You,Worldwide Underground,2003.0,653.13914,0.855731901717,0.584841725537,r&b/soul,soul; Neo-Soul; female vocalists; rnb; Erykah Badu,617.0,98.0,153.163312,0.0,1457.0,TRFLJNE12903CB44F1,1.7231937500000003,,
TRFUJVJ128F426F2A2,SOONCPO12AF72A1986,AR8W8P31187B9A4063,Lauryn Hill,Interlude 5,MTV Unplugged No. 2.0,2002.0,734.48444,0.697206464376,0.580125198887,r&b/soul,ms hill; the realness; The Truth; true; rnb,1903.0,409.0,215.044182,0.0,2209.0,TRFLJNE12903CB44F1,2.49445,,
TRGESLP12903CE31C8,,,,,,,,,,,,,,,,,TRFLJNE12903CB44F1,,0.5602434622845068,0.5774632974445119
TRVLVOT128F1460C61,,,,,,,,,,,,,,,,,TRFLJNE12903CB44F1,,0.5652622259575351,0.5781506783083159
TRWSYHO128F4282346,SOKHOQG12A8C13EBF2,ARSE5NP1187B9B98AB,Twista,I'm A Winner (Amended Album Version),The Day After,2005.0,260.23138,0.889613554744,0.593808365175,hip hop,rap; Hip-Hop; winner in bed twista,1253.0,166.0,218.622963,0.0,1781.0,TRFLJNE12903CB44F1,2.0518875000000008,,
TRDPGXU128F9339C2A,SOELYON12AB01876A3,ARLHO5Z1187FB4C861,Beastie Boys,B-Boy Bouillabaisse: A.W.O.L. (2009 Digital Remaster),Paul's Boutique (20th Anniversary Remastered Edition),0.0,105.56036,0.853124523276,0.591628024008,hip hop,hip hop; leapsandbounds CDCollection,1746.0,505.0,153.652205,0.0,2279.0,TRFLRXQ128F4280CCC,2.4563687499999998,,
TRFLWJZ128F425C9E4,SOZTZRR12A58A80C97,AR82DJK1187B991107,The Pharcyde,Otha Fish,Bizarre Ride II The Pharcyde,1992.0,321.43628,0.756063870843,0.491468881637,hip hop,Hip-Hop; hip hop; oldschool; rap; oldskool,997.0,247.0,147.895233,0.0,1809.0,TRFLRXQ128F4280CCC,2.017406250000001,,
TRFUJVJ128F426F2A2,SOONCPO12AF72A1986,AR8W8P31187B9A4063,Lauryn Hill,Interlude 5,MTV Unplugged No. 2.0,2002.0,734.48444,0.697206464376,0.580125198887,r&b/soul,ms hill; the realness; The Truth; true; rnb,1903.0,409.0,215.044182,0.0,3523.0,TRFLRXQ128F4280CCC,3.93455,,
TRFVYRV128F42BBAA0,,,,,,,,,,,,,,,,,TRFLRXQ128F4280CCC,,0.612532435202624,0.6360508790162288
TRTVXUZ128F1466475,,,,,,,,,,,,,,,,,TRFLRXQ128F4280CCC,,0.6741674511813389,0.6941691458972855
TRUVVFR128F4248609,,,,,,,,,,,,,,,,,TRFLRXQ128F4280CCC,,0.6025781309495495,0.6276982836863315
TRALZXZ128F92E26EF,,,,,,,,,,,,,,,,,TRFMGIO128F42591F0,,0.7053896461729835,0.7178060087572243
TRCHZXW128E079288A,SOMEJDK12D0219BB71,ARTH9041187FB43E1F,Eminem,8 Mile,8 Mile,2002.0,359.3922,0.886183647684,0.852677055416,hip hop,rap; Hip-Hop; Eminem; Soundtrack; hip hop,1141.0,328.0,132.992481,0.0,3098.0,TRFMGIO128F42591F0,3.558962499999999,,
TRDPGXU128F9339C2A,SOELYON12AB01876A3,ARLHO5Z1187FB4C861,Beastie Boys,B-Boy Bouillabaisse: A.W.O.L. (2009 Digital Remaster),Paul's Boutique (20th Anniversary Remastered Edition),0.0,105.56036,0.853124523276,0.591628024008,hip hop,hip hop; leapsandbounds CDCollection,1746.0,505.0,153.652205,0.0,3393.0,TRFMGIO128F42591F0,3.825787499999999,,
TRFLRFH12903CB021D,,,,,,,,,,,,,,,,,TRFMGIO128F42591F0,,0.7206050145585913,0.7329268484732367
TRFUJVJ128F426F2A2,SOONCPO12AF72A1986,AR8W8P31187B9A4063,Lauryn Hill,Interlude 5,MTV Unplugged No. 2.0,2002.0,734.48444,0.697206464376,0.580125198887,r&b/soul,ms hill; the realness; The Truth; true; rnb,1903.0,409.0,215.044182,0.0,3479.0,TRFMGIO128F42591F0,3.851950000000001,,
TRIGERV128F1478764,,,,,,,,,,,,,,,,,TRFMGIO128F42591F0,,0.7022729560194432,0.7172697428045745
TRDPGXU128F9339C2A,SOELYON12AB01876A3,ARLHO5Z1187FB4C861,Beastie Boys,B-Boy Bouillabaisse: A.W.O.L. (2009 Digital Remaster),Paul's Boutique (20th Anniversary Remastered Edition),0.0,105.56036,0.853124523276,0.591628024008,hip hop,hip hop; leapsandbounds CDCollection,1746.0,505.0,153.652205,0.0,461.0,TRFMWVJ128E0791E70,0.4762312499999996,,
TRFUJVJ128F426F2A2,SOONCPO12AF72A1986,AR8W8P31187B9A4063,Lauryn Hill,Interlude 5,MTV Unplugged No. 2.0,2002.0,734.48444,0.697206464376,0.580125198887,r&b/soul,ms hill; the realness; The Truth; true; rnb,1903.0,409.0,215.044182,0.0,613.0,TRFMWVJ128E0791E70,0.6466500000000001,,
TRFXAIO12903CF2567,,,,,,,,,,,,,,,,,TRFMWVJ128E0791E70,,0.429812467600516,
TRPDTGI128F425E1E4,,,,,,,,,,,,,,,,,TRFMWVJ128E0791E70,,0.4731157847452221,0.49465706503974505
TRSTBZC128F4257BEC,,,,,,,,,,,,,,,,,TRFMWVJ128E0791E70,,,0.4545166287977355
TRTLIKK128E07862DA,SOKTWCO12A67020DC0,ARM9HR61187B9AD75A,Ja Rule,One of Us,Rule 3:36,2000.0,356.85832,0.77983324054,0.541519545221,hip hop,Ja Rule; Hip-Hop; east coast rap; 2000; rappers,996.0,215.0,158.347719,0.0,541.0,TRFMWVJ128E0791E70,0.6039375000000006,,
TRXUNRT12903CF1024,,,,,,,,,,,,,,,,,TRFMWVJ128E0791E70,,0.4366263292243045,0.45727531472419775
TRBEEEO128F146B9F1,,,,,,,,,,,,,,,,,TRFNRGN128E0791E0E,,0.6125180453386321,0.6304138813128498
TRDPGXU128F9339C2A,SOELYON12AB01876A3,ARLHO5Z1187FB4C861,Beastie Boys,B-Boy Bouillabaisse: A.W.O.L. (2009 Digital Remaster),Paul's Boutique (20th Anniversary Remastered Edition),0.0,105.56036,0.853124523276,0.591628024008,hip hop,hip hop; leapsandbounds CDCollection,1746.0,505.0,153.652205,0.0,3012.0,TRFNRGN128E0791E0E,3.35723125,,
TRFUJVJ128F426F2A2,SOONCPO12AF72A1986,AR8W8P31187B9A4063,Lauryn Hill,Interlude 5,MTV Unplugged No. 2.0,2002.0,734.48444,0.697206464376,0.580125198887,r&b/soul,ms hill; the realness; The Truth; true; rnb,1903.0,409.0,215.044182,0.0,4443.0,TRFNRGN128E0791E0E,5.066149999999997,,
TRPYKXK128F145F107,,,,,,,,,,,,,,,,,TRFNRGN128E0791E0E,,0.6322931374034715,0.6445612454740545
TRSMHTC128F4282341,,,,,,,,,,,,,,,,,TRFNRGN128E0791E0E,,0.6298289238099647,0.6478263358315635
TRWSYHO128F4282346,SOKHOQG12A8C13EBF2,ARSE5NP1187B9B98AB,Twista,I'm A Winner (Amended Album Version),The Day After,2005.0,260.23138,0.889613554744,0.593808365175,hip hop,rap; Hip-Hop; winner in bed twista,1253.0,166.0,218.622963,0.0,3252.0,TRFNRGN128E0791E0E,3.746337499999999,,
TRCHZXW128E079288A,SOMEJDK12D0219BB71,ARTH9041187FB43E1F,Eminem,8 Mile,8 Mile,2002.0,359.3922,0.886183647684,0.852677055416,hip hop,rap; Hip-Hop; Eminem; Soundtrack; hip hop,1141.0,328.0,132.992481,0.0,2899.0,TRFNVPY128F92D2626,3.320373437500001,,
TRDPGXU128F9339C2A,SOELYON12AB01876A3,ARLHO5Z1187FB4C861,Beastie Boys,B-Boy Bouillabaisse: A.W.O.L. (2009 Digital Remaster),Paul's Boutique (20th Anniversary Remastered Edition),0.0,105.56036,0.853124523276,0.591628024008,hip hop,hip hop; leapsandbounds CDCollection,1746.0,505.0,153.652205,0.0,3252.0,TRFNVPY128F92D2626,3.663001562500001,,
TRDSUZH128F425BAC3,,,,,,,,,,,,,,,,,TRFNVPY128F92D2626,,0.7274307230129856,0.7411651089584385
TREBQOW128F92C4549,,,,,,,,,,,,,,,,,TRFNVPY128F92D2626,,0.7291292995498264,0.7417775692200579
TRFUJVJ128F426F2A2,SOONCPO12AF72A1986,AR8W8P31187B9A4063,Lauryn Hill,Interlude 5,MTV Unplugged No. 2.0,2002.0,734.48444,0.697206464376,0.580125198887,r&b/soul,ms hill; the realness; The Truth; true; rnb,1903.0,409.0,215.044182,0.0,3062.0,TRFNVPY128F92D2626,3.3467999999999978,,
TRXRINO128F4264CCB,,,,,,,,,,,,,,,,,TRFNVPY128F92D2626,,0.7166599105005195,0.7311551614511401
TRDJYOH128F429B2F8,,,,,,,,,,,,,,,,,TRFOGQC12903CA9D2E,,0.6133117060829776,0.6268797913336144
TRFUJVJ128F426F2A2,SOONCPO12AF72A1986,AR8W8P31187B9A4063,Lauryn Hill,Interlude 5,MTV Unplugged No. 2.0,2002.0,734.48444,0.697206464376,0.580125198887,r&b/soul,ms hill; the realness; The Truth; true; rnb,1903.0,409.0,215.044182,0.0,2219.0,TRFOGQC12903CA9D2E,2.5552500000000005,0.6102791149807213,0.6291489352766583
TRGLNKG128F9307689,SOFVLYU12AB017F502,ARTH9041187FB43E1F,Eminem,My Darling,Relapse [Deluxe],2009.0,320.49587,0.871010615313,0.879236744738,hip hop,rap; detroit; Hip-Hop; Horrorcore; MOONH8SUN,1055.0,293.0,140.089257,0.0,1236.0,TRFOGQC12903CA9D2E,,,
TRUGLTC128F4227B93,,,,,,,,,,,,,,,,,TRFOGQC12903CA9D2E,1.4300156249999991,,
TRWSYHO128F4282346,SOKHOQG12A8C13EBF2,ARSE5NP1187B9B98AB,Twista,I'm A Winner (Amended Album Version),The Day After,2005.0,260.23138,0.889613554744,0.593808365175,hip hop,rap; Hip-Hop; winner in bed twista,1253.0,166.0,218.622963,0.0,1494.0,TRFOGQC12903CA9D2E,1.7247031250000004,,
TRYXYFR128E078C6B5,,,,,,,,,,,,,,,,,TRFOGQC12903CA9D2E,,0.6126989488661175,0.6299231171848717
TRCDUCG128F4262F0C,,,,,,,,,,,,,,,,,TRFORZM12903CDF88C,,0.9497017650005115,0.9522158241939748
TRDPGXU128F9339C2A,SOELYON12AB01876A3,ARLHO5Z1187FB4C861,Beastie Boys,B-Boy Bouillabaisse: A.W.O.L. (2009 Digital Remaster),Paul's Boutique (20th Anniversary Remastered Edition),0.0,105.56036,0.853124523276,0.591628024008,hip hop,hip hop; leapsandbounds CDCollection,1746.0,505.0,153.652205,0.0,1136.0,TRFORZM12903CDF88C,1.2584312500000003,,
TRFUJVJ128F426F2A2,SOONCPO12AF72A1986,AR8W8P31187B9A4063,Lauryn Hill,Interlude 5,MTV Unplugged No. 2.0,2002.0,734.48444,0.697206464376,0.580125198887,r&b/soul,ms hill; the realness; The Truth; true; rnb,1903.0,409.0,215.044182,0.0,1674.0,TRFORZM12903CDF88C,1.899300000000001,,
TRKHTKI128F92EA339,,,,,,,,,,,,,,,,,TRFORZM12903CDF88C,,0.5951070970181491,0.6182285620531937
TRQAWKR128F425EEC3,SOFHEBR12CF5F892C7,ARXPPEY1187FB51DF4,Michael Jackson,Man In The Mirror,HIStory - PAST_ PRESENT AND FUTURE - Book I,1987.0,319.29424,0.855245195586,0.899991594263,pop,pop; michael jackson; 80s; soul; king of pop,1543.0,135.0,200.024998,0.0,944.0,TRFORZM12903CDF88C,1.0143625000000005,,
TRVOQHA12903CF601C,,,,,,,,,,,,,,,,,TRFORZM12903CDF88C,,0.6086829337448709,0.6323971716269889
TRCKMDM128F148BEA7,,,,,,,,,,,,,,,,,TRFQWAQ128F14B084D,,0.7310229209739108,0.7449862482077669
TRDPGXU128F9339C2A,SOELYON12AB01876A3,ARLHO5Z1187FB4C861,Beastie Boys,B-Boy Bouillabaisse: A.W.O.L. (2009 Digital Remaster),Paul's Boutique (20th Anniversary Remastered Edition),0.0,105.56036,0.853124523276,0.591628024008,hip hop,hip hop; leapsandbounds CDCollection,1746.0,505.0,153.652205,0.0,2184.0,TRFQWAQ128F14B084D,2.4568718749999987,,
TRFUJVJ128F426F2A2,SOONCPO12AF72A1986,AR8W8P31187B9A4063,Lauryn Hill,Interlude 5,MTV Unplugged No. 2.0,2002.0,734.48444,0.697206464376,0.580125198887,r&b/soul,ms hill; the realness; The Truth; true; rnb,1903.0,409.0,215.044182,0.0,3021.0,TRFQWAQ128F14B084D,3.4496500000000014,,
TRLQBZP12903CECC4A,,,,,,,,,,,,,,,,,TRFQWAQ128F14B084D,,0.7172162374203599,0.7267941008784884
TRWSYHO128F4282346,SOKHOQG12A8C13EBF2,ARSE5NP1187B9B98AB,Twista,I'm A Winner (Amended Album Version),The Day After,2005.0,260.23138,0.889613554744,0.593808365175,hip hop,rap; Hip-Hop; winner in bed twista,1253.0,166.0,218.622963,0.0,2329.0,TRFQWAQ128F14B084D,2.697806250000001,,
TRYDNTB128F9331278,,,,,,,,,,,,,,,,,TRFQWAQ128F14B084D,,0.7195886914474399,0.733394067028018
TRDPGXU128F9339C2A,SOELYON12AB01876A3,ARLHO5Z1187FB4C861,Beastie Boys,B-Boy Bouillabaisse: A.W.O.L. (2009 Digital Remaster),Paul's Boutique (20th Anniversary Remastered Edition),0.0,105.56036,0.853124523276,0.591628024008,hip hop,hip hop; leapsandbounds CDCollection,1746.0,505.0,153.652205,0.0,6895.0,TRFRDZW128F429C337,8.134043749999998,,
TREBGAA128E078FC52,SOVYGAV12A58A7C3A9,AR24DZB1187FB3C869,Erykah Badu,I Want You,Worldwide Underground,2003.0,653.13914,0.855731901717,0.584841725537,r&b/soul,soul; Neo-Soul; female vocalists; rnb; Erykah Badu,617.0,98.0,153.163312,0.0,6915.0,TRFRDZW128F429C337,8.430731249999992,,
TRFUJVJ128F426F2A2,SOONCPO12AF72A1986,AR8W8P31187B9A4063,Lauryn Hill,Interlude 5,MTV Unplugged No. 2.0,2002.0,734.48444,0.697206464376,0.580125198887,r&b/soul,ms hill; the realness; The Truth; true; rnb,1903.0,409.0,215.044182,0.0,7876.0,TRFRDZW128F429C337,9.265400000000001,,
TRGEZSO128F426268D,,,,,,,,,,,,,,,,,TRFRDZW128F429C337,,0.7504284091754664,0.7560001819507821
TRMEKRF12903CC80A6,,,,,,,,,,,,,,,,,TRFRDZW128F429C337,,0.7617312197364937,0.7674733890742158
TRQMGEQ128F145F0AF,,,,,,,,,,,,,,,,,TRFRDZW128F429C337,,0.7375985211391786,0.7437197471761641
TRDPGXU128F9339C2A,SOELYON12AB01876A3,ARLHO5Z1187FB4C861,Beastie Boys,B-Boy Bouillabaisse: A.W.O.L. (2009 Digital Remaster),Paul's Boutique (20th Anniversary Remastered Edition),0.0,105.56036,0.853124523276,0.591628024008,hip hop,hip hop; leapsandbounds CDCollection,1746.0,505.0,153.652205,0.0,3735.0,TRFROET128F148CF1F,4.201354687499999,,
TRFUJVJ128F426F2A2,SOONCPO12AF72A1986,AR8W8P31187B9A4063,Lauryn Hill,Interlude 5,MTV Unplugged No. 2.0,2002.0,734.48444,0.697206464376,0.580125198887,r&b/soul,ms hill; the realness; The Truth; true; rnb,1903.0,409.0,215.044182,0.0,5745.0,TRFROET128F148CF1F,6.622349999999999,0.7189756077845486,0.7350399228983442
TRFYGMB128F425A7A2,,,,,,,,,,,,,,,,,TRFROET128F148CF1F,,0.7124575910656308,
TRJKREO128E07821BB,,,,,,,,,,,,,,,,,TRFROET128F148CF1F,,0.715922434078634,0.7278782236379071
TROWDOO128F9361D3E,,,,,,,,,,,,,,,,,TRFROET128F148CF1F,,,0.7255718294255774
TRWSYHO128F4282346,SOKHOQG12A8C13EBF2,ARSE5NP1187B9B98AB,Twista,I'm A Winner (Amended Album Version),The Day After,2005.0,260.23138,0.889613554744,0.593808365175,hip hop,rap; Hip-Hop; winner in bed twista,1253.0,166.0,218.622963,0.0,4144.0,TRFROET128F148CF1F,4.814740625,,
TREBGAA128E078FC52,SOVYGAV12A58A7C3A9,AR24DZB1187FB3C869,Erykah Badu,I Want You,Worldwide Underground,2003.0,653.13914,0.855731901717,0.584841725537,r&b/soul,soul; Neo-Soul; female vocalists; rnb; Erykah Badu,617.0,98.0,153.163312,0.0,3631.0,TRFRUCJ128F4284EF2,4.383212500000002,,
TRFUJVJ128F426F2A2,SOONCPO12AF72A1986,AR8W8P31187B9A4063,Lauryn Hill,Interlude 5,MTV Unplugged No. 2.0,2002.0,734.48444,0.697206464376,0.580125198887,r&b/soul,ms hill; the realness; The Truth; true; rnb,1903.0,409.0,215.044182,0.0,5212.0,TRFRUCJ128F4284EF2,6.091799999999999,,
TRLVLVB128F4262D4E,,,,,,,,,,,,,,,,,TRFRUCJ128F4284EF2,,0.7179394169433764,0.7254014990236552
TRMAMOW128F145EC1E,,,,,,,,,,,,,,,,,TRFRUCJ128F4284EF2,,0.6976826480524528,0.705784941127987
TRQFRHF128C71968AA,,,,,,,,,,,,,,,,,TRFRUCJ128F4284EF2,,0.6973701640573695,0.7042652437384412
TRWSYHO128F4282346,SOKHOQG12A8C13EBF2,ARSE5NP1187B9B98AB,Twista,I'm A Winner (Amended Album Version),The Day After,2005.0,260.23138,0.889613554744,0.593808365175,hip hop,rap; Hip-Hop; winner in bed twista,1253.0,166.0,218.622963,0.0,4441.0,TRFRUCJ128F4284EF2,5.274674999999999,,
TRAURYK128F92C490D,,,,,,,,,,,,,,,,,TRFRXGD128F42717FF,,0.6056473753693258,0.6243052045826373
TRDPGXU128F9339C2A,SOELYON12AB01876A3,ARLHO5Z1187FB4C861,Beastie Boys,B-Boy Bouillabaisse: A.W.O.L. (2009 Digital Remaster),Paul's Boutique (20th Anniversary Remastered Edition),0.0,105.56036,0.853124523276,0.591628024008,hip hop,hip hop; leapsandbounds CDCollection,1746.0,505.0,153.652205,0.0,2168.0,TRFRXGD128F42717FF,2.3214656250000005,,
TRDQIWP128F9342105,,,,,,,,,,,,,,,,,TRFRXGD128F42717FF,,,0.628286960495905
TRFUJVJ128F426F2A2,SOONCPO12AF72A1986,AR8W8P31187B9A4063,Lauryn Hill,Interlude 5,MTV Unplugged No. 2.0,2002.0,734.48444,0.697206464376,0.580125198887,r&b/soul,ms hill; the realness; The Truth; true; rnb,1903.0,409.0,215.044182,0.0,2983.0,TRFRXGD128F42717FF,3.2641500000000008,,
TRPWCMZ128F9300B63,,,,,,,,,,,,,,,,,TRFRXGD128F42717FF,,0.601350250544798,0.6354993566190082
TRQAWKR128F425EEC3,SOFHEBR12CF5F892C7,ARXPPEY1187FB51DF4,Michael Jackson,Man In The Mirror,HIStory - PAST_ PRESENT AND FUTURE - Book I,1987.0,319.29424,0.855245195586,0.899991594263,pop,pop; michael jackson; 80s; soul; king of pop,1543.0,135.0,200.024998,0.0,2310.0,TRFRXGD128F42717FF,2.48918125,,
TRUQTEZ128F9314E5D,,,,,,,,,,,,,,,,,TRFRXGD128F42717FF,,0.601366595081686,
TRCETEN128F42AD6D0,SOXSRBF12D021B1340,AR4KTMS1187B9B4873,Bowling For Soup,Here We Go,Goes To The Movies,2004.0,188.36853,0.790405558589,0.56193424678,punk,pop punk; The Good Stuff; Bowling For Soup; pra skit,374.0,92.0,98.863542,0.0,5217.0,TRFSCLD12903CD213F,6.355950000000002,,
TRCXMEY12903CD1FB6,SOVYVRE12AB018A7CD,ARJZOEE11F4C83C864,Apollo 440,Stop The Rock,Stop The Rock,1999.0,402.12853,0.671515300915,0.0,electronic,electronic; dance; rock; big beat; electronica,312.0,24.0,83.719771,0.0,5616.0,TRFSCLD12903CD213F,6.898875000000001,,
TREBBJP128F4275C4D,,,,,,,,,,,,,,,,,TRFSCLD12903CD213F,,0.5274072335093813,0.5313037291440534
TREXCMT128F933D825,SOWVWEG12AF72A37C7,ARQUN9K1187B9B5BD7,Vanilla Ice,It's A Party,To The Extreme,1989.0,278.49098,0.722075127339,0.463037021551,hip hop,rap; 80s; Jam; leapsandbounds CDCollection,832.0,201.0,139.942845,0.0,4548.0,TRFSCLD12903CD213F,5.364850000000001,,
TRNKIVH128F421D429,,,,,,,,,,,,,,,,,TRFSCLD12903CD213F,,0.4797700221226949,0.48373375565738
TRTSGEL128EF34F8BA,,,,,,,,,,,,,,,,,TRFSCLD12903CD213F,,0.4732267903958194,0.4750964702244586
TRCHZXW128E079288A,SOMEJDK12D0219BB71,ARTH9041187FB43E1F,Eminem,8 Mile,8 Mile,2002.0,359.3922,0.886183647684,0.852677055416,hip hop,rap; Hip-Hop; Eminem; Soundtrack; hip hop,1141.0,328.0,132.992481,0.0,5184.0,TRFSQXF128F9311B25,6.26516875,,
TRDPGXU128F9339C2A,SOELYON12AB01876A3,ARLHO5Z1187FB4C861,Beastie Boys,B-Boy Bouillabaisse: A.W.O.L. (2009 Digital Remaster),Paul's Boutique (20th Anniversary Remastered Edition),0.0,105.56036,0.853124523276,0.591628024008,hip hop,hip hop; leapsandbounds CDCollection,1746.0,505.0,153.652205,0.0,4730.0,TRFSQXF128F9311B25,,,
TREHMYJ128F42BA1E6,,,,,,,,,,,,,,,,,TRFSQXF128F9311B25,,0.8558602835677438,0.8576710520204935
TRGAGNZ128F42712C3,,,,,,,,,,,,,,,,,TRFSQXF128F9311B25,,0.8534008405706028,0.8550069600086608
TRKLJAG128F42B31CF,,,,,,,,,,,,,,,,,TRFSQXF128F9311B25,5.760937500000015,,
TRLFWOJ12903CC6976,,,,,,,,,,,,,,,,,TRFSQXF128F9311B25,,0.8576282426995384,0.8594093108896051
TRXHFMI128F429B2F2,SOPSDTK12A8C13C52D,ARIRE5Q1187FB4DC13,Rufio,Over It (Acoustic),Punk Goes Acoustic,0.0,114.23302,0.707525588474,0.493312154342,punk,punk; emo; rock; acoustic; punk rock,526.0,92.0,135.716617,0.0,4802.0,TRFSQXF128F9311B25,5.8871062499999915,,
TRAZHNL12903CC1B6C,,,,,,,,,,,,,,,,,TRFUJLG128F4255312,,0.8300856592954716,0.837945199176861
TRBWKZD128F428AAEB,,,,,,,,,,,,,,,,,TRFUJLG128F4255312,,0.824500950114942,0.8326642603915566
TRDPGXU128F9339C2A,SOELYON12AB01876A3,ARLHO5Z1187FB4C861,Beastie Boys,B-Boy Bouillabaisse: A.W.O.L. (2009 Digital Remaster),Paul's Boutique (20th Anniversary Remastered Edition),0.0,105.56036,0.853124523276,0.591628024008,hip hop,hip hop; leapsandbounds CDCollection,1746.0,505.0,153.652205,0.0,5357.0,TRFUJLG128F4255312,6.217314062500001,,
TRFUJVJ128F426F2A2,SOONCPO12AF72A1986,AR8W8P31187B9A4063,Lauryn Hill,Interlude 5,MTV Unplugged No. 2.0,2002.0,734.48444,0.697206464376,0.580125198887,r&b/soul,ms hill; the realness; The Truth; true; rnb,1903.0,409.0,215.044182,0.0,6146.0,TRFUJLG128F4255312,7.109799999999996,,
TRKXFLD128F1479BC0,,,,,,,,,,,,,,,,,TRFUJLG128F4255312,,0.8112845791108271,0.819070083963102
TRWSYHO128F4282346,SOKHOQG12A8C13EBF2,ARSE5NP1187B9B98AB,Twista,I'm A Winner (Amended Album Version),The Day After,2005.0,260.23138,0.889613554744,0.593808365175,hip hop,rap; Hip-Hop; winner in bed twista,1253.0,166.0,218.622963,0.0,5387.0,TRFUJLG128F4255312,6.3594718750000006,,
TRCHZXW128E079288A,SOMEJDK12D0219BB71,ARTH9041187FB43E1F,Eminem,8 Mile,8 Mile,2002.0,359.3922,0.886183647684,0.852677055416,hip hop,rap; Hip-Hop; Eminem; Soundtrack; hip hop,1141.0,328.0,132.992481,0.0,494.0,TRFVWXW128F931A0E9,0.57685625,,
TRDPGXU128F9339C2A,SOELYON12AB01876A3,ARLHO5Z1187FB4C861,Beastie Boys,B-Boy Bouillabaisse: A.W.O.L. (2009 Digital Remaster),Paul's Boutique (20th Anniversary Remastered Edition),0.0,105.56036,0.853124523276,0.591628024008,hip hop,hip hop; leapsandbounds CDCollection,1746.0,505.0,153.652205,0.0,416.0,TRFVWXW128F931A0E9,,,
TRFUJVJ128F426F2A2,SOONCPO12AF72A1986,AR8W8P31187B9A4063,Lauryn Hill,Interlude 5,MTV Unplugged No. 2.0,2002.0,734.48444,0.697206464376,0.580125198887,r&b/soul,ms hill; the realness; The Truth; true; rnb,1903.0,409.0,215.044182,0.0,465.0,TRFVWXW128F931A0E9,0.5168499999999999,,
TRHKSPQ12903D09F7E,,,,,,,,,,,,,,,,,TRFVWXW128F931A0E9,,0.5476552289852915,0.5566522713077471
TRKLJAG128F42B31CF,,,,,,,,,,,,,,,,,TRFVWXW128F931A0E9,0.48281250000000087,,
TRLSNDQ128F4266BD7,,,,,,,,,,,,,,,,,TRFVWXW128F931A0E9,,0.525161485838676,0.5346991212454282
TRRMOUK128F4281975,,,,,,,,,,,,,,,,,TRFVWXW128F931A0E9,,0.512357160164825,0.5230191827264211
TREBGAA128E078FC52,SOVYGAV12A58A7C3A9,AR24DZB1187FB3C869,Erykah Badu,I Want You,Worldwide Underground,2003.0,653.13914,0.855731901717,0.584841725537,r&b/soul,soul; Neo-Soul; female vocalists; rnb; Erykah Badu,617.0,98.0,153.163312,0.0,6090.0,TRFYGMB128F425A7A2,7.369895312499995,,
TREIEOO128F42B0099,,,,,,,,,,,,,,,,,TRFYGMB128F425A7A2,,0.826400554670772,0.8328130724606821
TRFUJVJ128F426F2A2,SOONCPO12AF72A1986,AR8W8P31187B9A4063,Lauryn Hill,Interlude 5,MTV Unplugged No. 2.0,2002.0,734.48444,0.697206464376,0.580125198887,r&b/soul,ms hill; the realness; The Truth; true; rnb,1903.0,409.0,215.044182,0.0,8293.0,TRFYGMB128F425A7A2,9.70615,,
TRNHSZN128F930FF03,,,,,,,,,,,,,,,,,TRFYGMB128F425A7A2,,0.8228813036135728,0.829075976700141
TRWSYHO128F4282346,SOKHOQG12A8C13EBF2,ARSE5NP1187B9B98AB,Twista,I'm A Winner (Amended Album Version),The Day After,2005.0,260.23138,0.889613554744,0.593808365175,hip hop,rap; Hip-Hop; winner in bed twista,1253.0,166.0,218.622963,0.0,7445.0,TRFYGMB128F425A7A2,8.874853125,,
TRZCHKB128F92CB740,,,,,,,,,,,,,,,,,TRFYGMB128F425A7A2,,0.8178670161623123,0.825193747963769
TREBGAA128E078FC52,SOVYGAV12A58A7C3A9,AR24DZB1187FB3C869,Erykah Badu,I Want You,Worldwide Underground,2003.0,653.13914,0.855731901717,0.584841725537,r&b/soul,soul; Neo-Soul; female vocalists; rnb; Erykah Badu,617.0,98.0,153.163312,0.0,6302.0,TRFYMPB128F93100C0,7.592629687500001,,
TRFUJVJ128F426F2A2,SOONCPO12AF72A1986,AR8W8P31187B9A4063,Lauryn Hill,Interlude 5,MTV Unplugged No. 2.0,2002.0,734.48444,0.697206464376,0.580125198887,r&b/soul,ms hill; the realness; The Truth; true; rnb,1903.0,409.0,215.044182,0.0,8737.0,TRFYMPB128F93100C0,10.146150000000004,,
TRMEUKT128F4263312,,,,,,,,,,,,,,,,,TRFYMPB128F93100C0,,0.7304206635896456,0.7390582047411307
TRNHSZN128F930FF03,,,,,,,,,,,,,,,,,TRFYMPB128F93100C0,,0.745642830316077,0.7544107678533769
TRVXESF128E0787315,,,,,,,,,,,,,,,,,TRFYMPB128F93100C0,,0.7152316350031777,0.7226488246114888
TRWSYHO128F4282346,SOKHOQG12A8C13EBF2,ARSE5NP1187B9B98AB,Twista,I'm A Winner (Amended Album Version),The Day After,2005.0,260.23138,0.889613554744,0.593808365175,hip hop,rap; Hip-Hop; winner in bed twista,1253.0,166.0,218.622963,0.0,7195.0,TRFYMPB128F93100C0,8.487196875,,
TRCAYQT128F423DA11,,,,,,,,,,,,,,,,,TRGAEVY128F428BEF6,,0.5752083467334758,0.5924374104983581
TRDPGXU128F9339C2A,SOELYON12AB01876A3,ARLHO5Z1187FB4C861,Beastie Boys,B-Boy Bouillabaisse: A.W.O.L. (2009 Digital Remaster),Paul's Boutique (20th Anniversary Remastered Edition),0.0,105.56036,0.853124523276,0.591628024008,hip hop,hip hop; leapsandbounds CDCollection,1746.0,505.0,153.652205,0.0,1450.0,TRGAEVY128F428BEF6,1.5336015625000003,,
TRFUJVJ128F426F2A2,SOONCPO12AF72A1986,AR8W8P31187B9A4063,Lauryn Hill,Interlude 5,MTV Unplugged No. 2.0,2002.0,734.48444,0.697206464376,0.580125198887,r&b/soul,ms hill; the realness; The Truth; true; rnb,1903.0,409.0,215.044182,0.0,2094.0,TRGAEVY128F428BEF6,2.2840000000000003,,
TRGLNKG128F9307689,SOFVLYU12AB017F502,ARTH9041187FB43E1F,Eminem,My Darling,Relapse [Deluxe],2009.0,320.49587,0.871010615313,0.879236744738,hip hop,rap; detroit; Hip-Hop; Horrorcore; MOONH8SUN,1055.0,293.0,140.089257,0.0,1214.0,TRGAEVY128F428BEF6,1.3133671875,,
TRGVQMG12903CAE801,,,,,,,,,,,,,,,,,TRGAEVY128F428BEF6,,0.5530248312312939,0.5783789616986831
TRSPCDB128F1464F66,,,,,,,,,,,,,,,,,TRGAEVY128F428BEF6,,0.5766946729351796,0.5967933663219459
TRBJKLA128EF343637,,,,,,,,,,,,,,,,,TRGAZWQ12903CB0BA9,,0.43543919986695145,0.4554883361460728
TRDPGXU128F9339C2A,SOELYON12AB01876A3,ARLHO5Z1187FB4C861,Beastie Boys,B-Boy Bouillabaisse: A.W.O.L. (2009 Digital Remaster),Paul's Boutique (20th Anniversary Remastered Edition),0.0,105.56036,0.853124523276,0.591628024008,hip hop,hip hop; leapsandbounds CDCollection,1746.0,505.0,153.652205,0.0,1176.0,TRGAZWQ12903CB0BA9,1.1507093749999997,,
TRFUJVJ128F426F2A2,SOONCPO12AF72A1986,AR8W8P31187B9A4063,Lauryn Hill,Interlude 5,MTV Unplugged No. 2.0,2002.0,734.48444,0.697206464376,0.580125198887,r&b/soul,ms hill; the realness; The Truth; true; rnb,1903.0,409.0,215.044182,0.0,1466.0,TRGAZWQ12903CB0BA9,1.4506999999999997,,
TRLCWTH128F92C7F82,SOYTFRL12A8C143157,ARJT1PO1187FB52E7D,Marques Houston,Cancel (Album Version),Marques Houston,0.0,238.8371,0.740455341569,0.492729093193,r&b/soul,rnb; slowjamz; Hip-Hop; nikki; soulpower,525.0,112.0,118.680243,0.0,1002.0,TRGAZWQ12903CB0BA9,1.122553125,,
TRYKNCT128F148B016,,,,,,,,,,,,,,,,,TRGAZWQ12903CB0BA9,,0.43100933238323796,0.4541322126490904
TRZEZAI128F42A8EB8,,,,,,,,,,,,,,,,,TRGAZWQ12903CB0BA9,,0.4370826660431109,0.4568882237507943
TRFLWJZ128F425C9E4,SOZTZRR12A58A80C97,AR82DJK1187B991107,The Pharcyde,Otha Fish,Bizarre Ride II The Pharcyde,1992.0,321.43628,0.756063870843,0.491468881637,hip hop,Hip-Hop; hip hop; oldschool; rap; oldskool,997.0,247.0,147.895233,0.0,459.0,TRGCHXM128F429CBB9,0.5127890624999999,,
TRFUJVJ128F426F2A2,SOONCPO12AF72A1986,AR8W8P31187B9A4063,Lauryn Hill,Interlude 5,MTV Unplugged No. 2.0,2002.0,734.48444,0.697206464376,0.580125198887,r&b/soul,ms hill; the realness; The Truth; true; rnb,1903.0,409.0,215.044182,0.0,629.0,TRGCHXM128F429CBB9,0.6689499999999998,,
TRFVTWH128F932768E,,,,,,,,,,,,,,,,,TRGCHXM128F429CBB9,,0.5108215952909321,0.5290289628252949
TRJAPCW128F930BBC8,,,,,,,,,,,,,,,,,TRGCHXM128F429CBB9,,0.4319254356304481,0.4571726706119074
TRQAWKR128F425EEC3,SOFHEBR12CF5F892C7,ARXPPEY1187FB51DF4,Michael Jackson,Man In The Mirror,HIStory - PAST_ PRESENT AND FUTURE - Book I,1987.0,319.29424,0.855245195586,0.899991594263,pop,pop; michael jackson; 80s; soul; king of pop,1543.0,135.0,200.024998,0.0,486.0,TRGCHXM128F429CBB9,0.5069343750000002,,
TRXPLNT128F42660F4,,,,,,,,,,,,,,,,,TRGCHXM128F429CBB9,,0.47915948267804653,0.49985125687607795
TRBUJAC128F92DE866,,,,,,,,,,,,,,,,,TRGEMSN128E07944A8,,0.6513221040544237,0.651080807036413
TRDPGXU128F9339C2A,SOELYON12AB01876A3,ARLHO5Z1187FB4C861,Beastie Boys,B-Boy Bouillabaisse: A.W.O.L. (2009 Digital Remaster),Paul's Boutique (20th Anniversary Remastered Edition),0.0,105.56036,0.853124523276,0.591628024008,hip hop,hip hop; leapsandbounds CDCollection,1746.0,505.0,153.652205,0.0,4712.0,TRGEMSN128E07944A8,5.443762500000003,,
TRDXSJQ128F92CEE86,,,,,,,,,,,,,,,,,TRGEMSN128E07944A8,,0.6084977110164386,
TREXCMT128F933D825,SOWVWEG12AF72A37C7,ARQUN9K1187B9B5BD7,Vanilla Ice,It's A Party,To The Extreme,1989.0,278.49098,0.722075127339,0.463037021551,hip hop,rap; 80s; Jam; leapsandbounds CDCollection,832.0,201.0,139.942845,0.0,5402.0,TRGEMSN128E07944A8,6.508175000000005,,
TRFUJVJ128F426F2A2,SOONCPO12AF72A1986,AR8W8P31187B9A4063,Lauryn Hill,Interlude 5,MTV Unplugged No. 2.0,2002.0,734.48444,0.697206464376,0.580125198887,r&b/soul,ms hill; the realness; The Truth; true; rnb,1903.0,409.0,215.044182,0.0,4479.0,TRGEMSN128E07944A8,,,
TRHHLCK128F92E3C65,,,,,,,,,,,,,,,,,TRGEMSN128E07944A8,,,0.6160108581287157
TRLTYLK128F92FE6FF,,,,,,,,,,,,,,,,,TRGEMSN128E07944A8,5.243412500000004,,
TROZVGY128F425A54E,,,,,,,,,,,,,,,,,TRGEMSN128E07944A8,,0.6454777638179524,0.6518492981410509
TRAXJDA128F92E111E,,,,,,,,,,,,,,,,,TRGESLP12903CE31C8,,0.7168699987176261,0.7251740232902367
TREBGAA128E078FC52,,,,,,,,,,,,,,,,,TRGESLP12903CE31C8,5.825039062499993,,
TRFUJVJ128F426F2A2,SOONCPO12AF72A1986,AR8W8P31187B9A4063,Lauryn Hill,Interlude 5,MTV Unplugged No. 2.0,2002.0,734.48444,0.697206464376,0.580125198887,r&b/soul,ms hill; the realness; The Truth; true; rnb,1903.0,409.0,215.044182,0.0,6716.0,TRGESLP12903CE31C8,7.762499999999997,,
TRGLNKG128F9307689,SOFVLYU12AB017F502,ARTH9041187FB43E1F,Eminem,My Darling,Relapse [Deluxe],2009.0,320.49587,0.871010615313,0.879236744738,hip hop,rap; detroit; Hip-Hop; Horrorcore; MOONH8SUN,1055.0,293.0,140.089257,0.0,4885.0,TRGESLP12903CE31C8,,,
TRNHSZN128F930FF03,,,,,,,,,,,,,,,,,TRGESLP12903CE31C8,,0.7378428684441032,0.7473253085125915
TRPBTSJ128F42A3168,,,,,,,,,,,,,,,,,TRGESLP12903CE31C8,,0.744122709842728,0.7536153983852064
TRWSYHO128F4282346,SOKHOQG12A8C13EBF2,ARSE5NP1187B9B98AB,Twista,I'm A Winner (Amended Album Version),The Day After,2005.0,260.23138,0.889613554744,0.593808365175,hip hop,rap; Hip-Hop; winner in bed twista,1253.0,166.0,218.622963,0.0,6492.0,TRGESLP12903CE31C8,7.701640625000002,,
TRDFNLR12903CB0FE4,,,,,,,,,,,,,,,,,TRGFMTT12903CAD2A2,,0.5929319239744416,0.6027363984654994
TRIJHLY12903D0CE4D,SOAEBYL12AC468B119,AR1ZHZ51187FB37FEC,Violadores del Verso,Cantando,Vivir Para Contarlo,2006.0,312.92036,0.658189532108,0.503436953654,hip hop,Hip-Hop; spanish hip-hop; rap; spanish; hip hop,671.0,209.0,83.660026,0.0,1253.0,TRGFMTT12903CAD2A2,1.4880250000000006,,
TRKHWEU128F14A1E03,,,,,,,,,,,,,,,,,TRGFMTT12903CAD2A2,,0.6220650450528385,0.6320537686475144
TRNTYGF128F9302BD8,,,,,,,,,,,,,,,,,TRGFMTT12903CAD2A2,,0.598653373225891,0.608231897975064
TRTHNFG12903D0CE54,SONCVPT12AC468B123,AR1ZHZ51187FB37FEC,Violadores del Verso,Dale tiempo al rumor,Vivir Para Contarlo,2006.0,370.02404,0.658189532108,0.524275367928,hip hop,spanish; Hip-Hop; subelamusica; spanish rap; Doble V,749.0,199.0,99.95499,0.0,1226.0,TRGFMTT12903CAD2A2,1.443774999999999,,
TRWQZXS128F92DB731,SOLJOIC12A8C145316,ARVH6PU1187FB46B3F,Victor Manuelle,Lloré Lloré,Historia De Un Sonero,0.0,308.50567,0.668543746567,0.490615493311,latin,salsa; great to dance,365.0,79.0,77.369245,0.0,1193.0,TRGFMTT12903CAD2A2,1.4446999999999994,,
TRGGYCR128F426837F,,,,,,,,,,,,,,,,,TRGFMUJ128F423C52F,,0.6879236235056088,0.693043075881872
TRHEJBV128F146D61D,,,,,,,,,,,,,,,,,TRGFMUJ128F423C52F,,0.7275411124303095,0.7318229110975953
TRKKUWM128F92E4E1C,SOHEIBB12AB01827CA,AR4T2NV1187B997CF3,Gemelli Diversi,Istruzioni Per L'(Ill)uso,Istruzioni per l'(ill)uso,2009.0,250.33098,0.641150864963,0.460028873289,hip hop,Hip Hop Italiano; italian; Jeff Mills; 123,413.0,102.0,59.388551,0.0,311.0,TRGFMUJ128F423C52F,0.37567968749999897,,
TRMUOCQ128F92EB38B,,,,,,,,,,,,,,,,,TRGFMUJ128F423C52F,,0.7919585206062562,0.7954084308108675
TRRVXQX128F429A0C4,SOECCGV12A8C13C130,ARI5PL11187FB35F7A,Fabrizio De Andrè,Sinan Capudan Pascià,1991 Concerti,0.0,324.46649,0.612914470451,0.408716004941,folk,folk; singer-songwriter; italian; blue; intelligent,351.0,80.0,56.480085,0.0,305.0,TRGFMUJ128F423C52F,0.36921874999999993,,
TRZRTPI12903D0954A,SOWUGGD12AC3DF92AF,ARCM3XF1187B9A9A0C,Flaminio Maphia,Quelli Che,Er Mejo 1997-2010,0.0,258.87302,0.560511722251,0.340719721917,hip hop,rap; Hip-Hop; italian rap; italian hip-hop,311.0,83.0,46.861498,0.0,305.0,TRGFMUJ128F423C52F,0.37151562500000035,,
TRCDUMA128F427D458,,,,,,,,,,,,,,,,,TRGGBKA128F428E461,,0.7160973949141416,0.7234409976117012
TRCHZXW128E079288A,SOMEJDK12D0219BB71,ARTH9041187FB43E1F,Eminem,8 Mile,8 Mile,2002.0,359.3922,0.886183647684,0.852677055416,hip hop,rap; Hip-Hop; Eminem; Soundtrack; hip hop,1141.0,328.0,132.992481,0.0,1219.0,TRGGBKA128F428E461,1.4410109374999995,,
TRDPGXU128F9339C2A,SOELYON12AB01876A3,ARLHO5Z1187FB4C861,Beastie Boys,B-Boy Bouillabaisse: A.W.O.L. (2009 Digital Remaster),Paul's Boutique (20th Anniversary Remastered Edition),0.0,105.56036,0.853124523276,0.591628024008,hip hop,hip hop; leapsandbounds CDCollection,1746.0,505.0,153.652205,0.0,1264.0,TRGGBKA128F428E461,1.4703640624999992,,
TRGZDBB128F4270A4C,,,,,,,,,,,,,,,,,TRGGBKA128F428E461,,0.7244140790478972,0.7305466957501099
TROIJDA128F9341E70,SOCUXGX12A8C13B78C,ARLMXEA1187B9A7D04,R. Kelly,I Mean (I Don't Mean It),TP-2.com,2000.0,205.00853,0.811092052861,0.783843023046,r&b/soul,soul; rnb; english lyrics; SDZ,701.0,190.0,135.443715,0.0,1222.0,TRGGBKA128F428E461,1.4720140625000007,,
TRPEAPG128F4294CC0,,,,,,,,,,,,,,,,,TRGGBKA128F428E461,,0.7079455354299249,0.7154168297111289
TRDPGXU128F9339C2A,SOELYON12AB01876A3,ARLHO5Z1187FB4C861,Beastie Boys,B-Boy Bouillabaisse: A.W.O.L. (2009 Digital Remaster),Paul's Boutique (20th Anniversary Remastered Edition),0.0,105.56036,0.853124523276,0.591628024008,hip hop,hip hop; leapsandbounds CDCollection,1746.0,505.0,153.652205,0.0,11069.0,TRGHYGG12903CAC100,12.759124999999992,,
TRFUJVJ128F426F2A2,SOONCPO12AF72A1986,AR8W8P31187B9A4063,Lauryn Hill,Interlude 5,MTV Unplugged No. 2.0,2002.0,734.48444,0.697206464376,0.580125198887,r&b/soul,ms hill; the realness; The Truth; true; rnb,1903.0,409.0,215.044182,0.0,14094.0,TRGHYGG12903CAC100,16.329500000000007,,
TRMTJJT128F14636D9,,,,,,,,,,,,,,,,,TRGHYGG12903CAC100,,0.805419058233886,0.812616247476163
TROXHLM128F4266510,,,,,,,,,,,,,,,,,TRGHYGG12903CAC100,,0.8012645625876526,0.81056274154386
TRVUUKM128F425FB16,,,,,,,,,,,,,,,,,TRGHYGG12903CAC100,,0.8045662213919785,0.8145099116925839
TRWSYHO128F4282346,SOKHOQG12A8C13EBF2,ARSE5NP1187B9B98AB,Twista,I'm A Winner (Amended Album Version),The Day After,2005.0,260.23138,0.889613554744,0.593808365175,hip hop,rap; Hip-Hop; winner in bed twista,1253.0,166.0,218.622963,0.0,10183.0,TRGHYGG12903CAC100,11.886999999999999,,
TRDPGXU128F9339C2A,SOELYON12AB01876A3,ARLHO5Z1187FB4C861,Beastie Boys,B-Boy Bouillabaisse: A.W.O.L. (2009 Digital Remaster),Paul's Boutique (20th Anniversary Remastered Edition),0.0,105.56036,0.853124523276,0.591628024008,hip hop,hip hop; leapsandbounds CDCollection,1746.0,505.0,153.652205,0.0,4058.0,TRGJXNX128F92F8757,4.453153125000001,,
TRFUJVJ128F426F2A2,SOONCPO12AF72A1986,AR8W8P31187B9A4063,Lauryn Hill,Interlude 5,MTV Unplugged No. 2.0,2002.0,734.48444,0.697206464376,0.580125198887,r&b/soul,ms hill; the realness; The Truth; true; rnb,1903.0,409.0,215.044182,0.0,4104.0,TRGJXNX128F92F8757,4.3894,,
TRKGULH128F428C170,,,,,,,,,,,,,,,,,TRGJXNX128F92F8757,,0.6667075262446405,0.6893796234755959
TRQGOOD128F429CD06,,,,,,,,,,,,,,,,,TRGJXNX128F92F8757,,0.661396652585665,0.6782559135932518
TRWFXWM128F148D2D1,,,,,,,,,,,,,,,,,TRGJXNX128F92F8757,,0.6211762592265238,0.6453767728066259
TRWSYHO128F4282346,SOKHOQG12A8C13EBF2,ARSE5NP1187B9B98AB,Twista,I'm A Winner (Amended Album Version),The Day After,2005.0,260.23138,0.889613554744,0.593808365175,hip hop,rap; Hip-Hop; winner in bed twista,1253.0,166.0,218.622963,0.0,3618.0,TRGJXNX128F92F8757,4.03849375,,
TRBGUUF128F9334B97,,,,,,,,,,,,,,,,,TRGJXTC128F4278ECC,,0.8060476255479445,0.8097341995030434
TRDXBBP128F1474CFD,,,,,,,,,,,,,,,,,TRGJXTC128F4278ECC,,0.7907285289466196,0.7945766632425001
TRGALDE128F9306AA7,,,,,,,,,,,,,,,,,TRGJXTC128F4278ECC,,0.7917874176935326,0.7957888817872214
TRIJHLY12903D0CE4D,SOAEBYL12AC468B119,AR1ZHZ51187FB37FEC,Violadores del Verso,Cantando,Vivir Para Contarlo,2006.0,312.92036,0.658189532108,0.503436953654,hip hop,Hip-Hop; spanish hip-hop; rap; spanish; hip hop,671.0,209.0,83.660026,0.0,2117.0,TRGJXTC128F4278ECC,2.547770312500002,,
TRTHNFG12903D0CE54,SONCVPT12AC468B123,AR1ZHZ51187FB37FEC,Violadores del Verso,Dale tiempo al rumor,Vivir Para Contarlo,2006.0,370.02404,0.658189532108,0.524275367928,hip hop,spanish; Hip-Hop; subelamusica; spanish rap; Doble V,749.0,199.0,99.95499,0.0,2618.0,TRGJXTC128F4278ECC,3.1608015625000005,,
TRWAGNG128F4286598,SOHRFLK12A8C13B9C2,AR5Z97E1187FB36169,Tego Calderon,Al Natural (Amended Version),El Abayarde,2003.0,213.60281,0.631219639983,0.450950881507,latin,latin,434.0,92.0,83.114379,0.0,1872.0,TRGJXTC128F4278ECC,2.264212499999998,,
TRDPGXU128F9339C2A,SOELYON12AB01876A3,ARLHO5Z1187FB4C861,Beastie Boys,B-Boy Bouillabaisse: A.W.O.L. (2009 Digital Remaster),Paul's Boutique (20th Anniversary Remastered Edition),0.0,105.56036,0.853124523276,0.591628024008,hip hop,hip hop; leapsandbounds CDCollection,1746.0,505.0,153.652205,0.0,16797.0,TRGLNKG128F9307689,19.263232812499997,,
TRFUJVJ128F426F2A2,SOONCPO12AF72A1986,AR8W8P31187B9A4063,Lauryn Hill,Interlude 5,MTV Unplugged No. 2.0,2002.0,734.48444,0.697206464376,0.580125198887,r&b/soul,ms hill; the realness; The Truth; true; rnb,1903.0,409.0,215.044182,0.0,22766.0,TRGLNKG128F9307689,26.385200000000005,,
TRJOXWB128F92D8498,,,,,,,,,,,,,,,,,TRGLNKG128F9307689,,0.8393010640528744,0.8437087151733264
TRKLAOB12903C9A1CD,,,,,,,,,,,,,,,,,TRGLNKG128F9307689,,0.8462124674347403,0.8531169870408263
TRNHSZN128F930FF03,,,,,,,,,,,,,,,,,TRGLNKG128F9307689,,0.8416920316225485,0.8474561027279263
TRWSYHO128F4282346,SOKHOQG12A8C13EBF2,ARSE5NP1187B9B98AB,Twista,I'm A Winner (Amended Album Version),The Day After,2005.0,260.23138,0.889613554744,0.593808365175,hip hop,rap; Hip-Hop; winner in bed twista,1253.0,166.0,218.622963,0.0,18521.0,TRGLNKG128F9307689,21.796934374999996,,
TRABMIY128F426EA8F,,,,,,,,,,,,,,,,,TRGNBCC128F92F6218,,0.7500306017156659,
TRDPGXU128F9339C2A,SOELYON12AB01876A3,ARLHO5Z1187FB4C861,Beastie Boys,B-Boy Bouillabaisse: A.W.O.L. (2009 Digital Remaster),Paul's Boutique (20th Anniversary Remastered Edition),0.0,105.56036,0.853124523276,0.591628024008,hip hop,hip hop; leapsandbounds CDCollection,1746.0,505.0,153.652205,0.0,9802.0,TRGNBCC128F92F6218,,,
TREBGAA128E078FC52,,,,,,,,,,,,,,,,,TRGNBCC128F92F6218,11.336275,,
TRFUJVJ128F426F2A2,SOONCPO12AF72A1986,AR8W8P31187B9A4063,Lauryn Hill,Interlude 5,MTV Unplugged No. 2.0,2002.0,734.48444,0.697206464376,0.580125198887,r&b/soul,ms hill; the realness; The Truth; true; rnb,1903.0,409.0,215.044182,0.0,11505.0,TRGNBCC128F92F6218,12.946049999999998,,
TRNWHUD128F932E304,,,,,,,,,,,,,,,,,TRGNBCC128F92F6218,,,0.7571903437041304
TROXHLM128F4266510,,,,,,,,,,,,,,,,,TRGNBCC128F92F6218,,0.7474030462516713,0.7608740278481594
TRWSYHO128F4282346,SOKHOQG12A8C13EBF2,ARSE5NP1187B9B98AB,Twista,I'm A Winner (Amended Album Version),The Day After,2005.0,260.23138,0.889613554744,0.593808365175,hip hop,rap; Hip-Hop; winner in bed twista,1253.0,166.0,218.622963,0.0,10897.0,TRGNBCC128F92F6218,12.683299999999997,,
TRYYRLU12903D082FF,,,,,,,,,,,,,,,,,TRGNBCC128F92F6218,,0.7502120823191655,0.7639274271923284
TRDPGXU128F9339C2A,SOELYON12AB01876A3,ARLHO5Z1187FB4C861,Beastie Boys,B-Boy Bouillabaisse: A.W.O.L. (2009 Digital Remaster),Paul's Boutique (20th Anniversary Remastered Edition),0.0,105.56036,0.853124523276,0.591628024008,hip hop,hip hop; leapsandbounds CDCollection,1746.0,505.0,153.652205,0.0,1186.0,TRGOYOU128F93223F2,,,
TRFUJVJ128F426F2A2,SOONCPO12AF72A1986,AR8W8P31187B9A4063,Lauryn Hill,Interlude 5,MTV Unplugged No. 2.0,2002.0,734.48444,0.697206464376,0.580125198887,r&b/soul,ms hill; the realness; The Truth; true; rnb,1903.0,409.0,215.044182,0.0,1454.0,TRGOYOU128F93223F2,1.5024000000000002,,
TRFWQKZ128F428FD83,,,,,,,,,,,,,,,,,TRGOYOU128F93223F2,,,0.5179596269795272
TRGLNKG128F9307689,SOFVLYU12AB017F502,ARTH9041187FB43E1F,Eminem,My Darling,Relapse [Deluxe],2009.0,320.49587,0.871010615313,0.879236744738,hip hop,rap; detroit; Hip-Hop; Horrorcore; MOONH8SUN,1055.0,293.0,140.089257,0.0,1144.0,TRGOYOU128F93223F2,1.2371296875,,
TRLCWTH128F92C7F82,,,,,,,,,,,,,,,,,TRGOYOU128F93223F2,1.2677546875,,
TRMQMTC128F428A516,,,,,,,,,,,,,,,,,TRGOYOU128F93223F2,,0.5110774648400714,0.5282993028416241
TRNTOIK128F42586F1,,,,,,,,,,,,,,,,,TRGOYOU128F93223F2,,0.5018354299347354,
TRRHFQK128F4264FE9,,,,,,,,,,,,,,,,,TRGOYOU128F93223F2,,0.5228907274239616,0.5416654706732521
TRFUJVJ128F426F2A2,SOONCPO12AF72A1986,AR8W8P31187B9A4063,Lauryn Hill,Interlude 5,MTV Unplugged No. 2.0,2002.0,734.48444,0.697206464376,0.580125198887,r&b/soul,ms hill; the realness; The Truth; true; rnb,1903.0,409.0,215.044182,0.0,2710.0,TRGPDHJ128F14527D5,2.9413,,
TRJEUZK128F146858D,,,,,,,,,,,,,,,,,TRGPDHJ128F14527D5,,0.4814921438892535,
TRLINLH128F9346400,SOROKRP12AF729F9B4,ARTDQRC1187FB4EFD4,Black Eyed Peas,One Tribe,THE E.N.D. (THE ENERGY NEVER DIES),2009.0,280.60689,0.84560188664,1.00594196595,hip hop,Hip-Hop; black eyed peas; pop; Tehno-rap; best songs of 2009,724.0,166.0,128.17176,0.0,2810.0,TRGPDHJ128F14527D5,3.339112499999999,0.5869638593102455,0.598910012511148
TRLOZGV128F42A06E6,,,,,,,,,,,,,,,,,TRGPDHJ128F14527D5,,0.52335808342157,0.5414275967664436
TRTBJON128F428EC09,,,,,,,,,,,,,,,,,TRGPDHJ128F14527D5,,,0.5001897006171544
TRTLIKK128E07862DA,SOKTWCO12A67020DC0,ARM9HR61187B9AD75A,Ja Rule,One of Us,Rule 3:36,2000.0,356.85832,0.77983324054,0.541519545221,hip hop,Ja Rule; Hip-Hop; east coast rap; 2000; rappers,996.0,215.0,158.347719,0.0,2318.0,TRGPDHJ128F14527D5,2.62771875,,
TRAQDFB128F4234E3B,,,,,,,,,,,,,,,,,TRGQBAX128F426EFCA,,0.7493331908470023,0.7638939200181829
TRCHZXW128E079288A,SOMEJDK12D0219BB71,ARTH9041187FB43E1F,Eminem,8 Mile,8 Mile,2002.0,359.3922,0.886183647684,0.852677055416,hip hop,rap; Hip-Hop; Eminem; Soundtrack; hip hop,1141.0,328.0,132.992481,0.0,3527.0,TRGQBAX128F426EFCA,3.983442187499999,,
TRDPGXU128F9339C2A,SOELYON12AB01876A3,ARLHO5Z1187FB4C861,Beastie Boys,B-Boy Bouillabaisse: A.W.O.L. (2009 Digital Remaster),Paul's Boutique (20th Anniversary Remastered Edition),0.0,105.56036,0.853124523276,0.591628024008,hip hop,hip hop; leapsandbounds CDCollection,1746.0,505.0,153.652205,0.0,4319.0,TRGQBAX128F426EFCA,4.835182812499998,,
TRFUJVJ128F426F2A2,SOONCPO12AF72A1986,AR8W8P31187B9A4063,Lauryn Hill,Interlude 5,MTV Unplugged No. 2.0,2002.0,734.48444,0.697206464376,0.580125198887,r&b/soul,ms hill; the realness; The Truth; true; rnb,1903.0,409.0,215.044182,0.0,4363.0,TRGQBAX128F426EFCA,4.779849999999999,,
TRIGERV128F1478764,,,,,,,,,,,,,,,,,TRGQBAX128F426EFCA,,0.7656771058305067,0.7786801438980581
TRTDVZO128F146EB73,,,,,,,,,,,,,,,,,TRGQBAX128F426EFCA,,0.7444217104322873,0.7600571652544487
TRDPGXU128F9339C2A,SOELYON12AB01876A3,ARLHO5Z1187FB4C861,Beastie Boys,B-Boy Bouillabaisse: A.W.O.L. (2009 Digital Remaster),Paul's Boutique (20th Anniversary Remastered Edition),0.0,105.56036,0.853124523276,0.591628024008,hip hop,hip hop; leapsandbounds CDCollection,1746.0,505.0,153.652205,0.0,2150.0,TRGQFUZ128F92ED646,2.3508984374999984,,
TRFNDWH12903CB602A,,,,,,,,,,,,,,,,,TRGQFUZ128F92ED646,,0.5970835467137305,0.610654637076813
TRFUJVJ128F426F2A2,SOONCPO12AF72A1986,AR8W8P31187B9A4063,Lauryn Hill,Interlude 5,MTV Unplugged No. 2.0,2002.0,734.48444,0.697206464376,0.580125198887,r&b/soul,ms hill; the realness; The Truth; true; rnb,1903.0,409.0,215.044182,0.0,3180.0,TRGQFUZ128F92ED646,3.572500000000001,,
TRHEKNR128F425F325,,,,,,,,,,,,,,,,,TRGQFUZ128F92ED646,,0.5323890070979742,0.5538723560390673
TRIDJMD128E078B984,,,,,,,,,,,,,,,,,TRGQFUZ128F92ED646,,0.5487831399325475,0.5648205602196629
TRQAWKR128F425EEC3,SOFHEBR12CF5F892C7,ARXPPEY1187FB51DF4,Michael Jackson,Man In The Mirror,HIStory - PAST_ PRESENT AND FUTURE - Book I,1987.0,319.29424,0.855245195586,0.899991594263,pop,pop; michael jackson; 80s; soul; king of pop,1543.0,135.0,200.024998,0.0,2376.0,TRGQFUZ128F92ED646,2.6249218749999987,,
TREADOS128E078EC1F,SORAWSB12A6701FBC8,ARTH9041187FB43E1F,Eminem,If I Had,The Slim Shady LP,1999.0,245.55057,0.871010615313,0.879236744738,hip hop,Eminem; rap; Hip-Hop; hip hop; if i had,736.0,237.0,94.88414,0.0,1075.0,TRGQLSE128F93257D8,1.2071421875000004,,
TRFLTPL128F429D92D,,,,,,,,,,,,,,,,,TRGQLSE128F93257D8,,0.5149723665996202,0.5332640701283287
TRFUJVJ128F426F2A2,SOONCPO12AF72A1986,AR8W8P31187B9A4063,Lauryn Hill,Interlude 5,MTV Unplugged No. 2.0,2002.0,734.48444,0.697206464376,0.580125198887,r&b/soul,ms hill; the realness; The Truth; true; rnb,1903.0,409.0,215.044182,0.0,1035.0,TRGQLSE128F93257D8,,,
TRIILYW12903CDF75C,,,,,,,,,,,,,,,,,TRGQLSE128F93257D8,,0.48000789239990316,0.4948458974865205
TRLXCIQ128F429142D,,,,,,,,,,,,,,,,,TRGQLSE128F93257D8,0.9932500000000003,,
TRTLIKK128E07862DA,SOKTWCO12A67020DC0,ARM9HR61187B9AD75A,Ja Rule,One of Us,Rule 3:36,2000.0,356.85832,0.77983324054,0.541519545221,hip hop,Ja Rule; Hip-Hop; east coast rap; 2000; rappers,996.0,215.0,158.347719,0.0,1494.0,TRGQLSE128F93257D8,1.657515625000001,,
TRVHRFD12903CB432F,,,,,,,,,,,,,,,,,TRGQLSE128F93257D8,,0.519677993100568,0.5315028598171133
TRABAWI128F424F105,SOFXYJD12A8C133090,ARQ7LBQ1187FB3CDF0,RBD,Tu Amor (Hecho En Madrid),Tour Celestial 2007 Hecho En España,0.0,303.35955,0.763553160446,0.562672096748,latin,latin; pop; latin pop; Pop/Rock; mexican,393.0,94.0,65.757129,0.0,431.0,TRGRNWU128F42AE46D,0.5153687499999999,,
TRBPJQR128F9317942,SODIFYG12AB01876A6,AR81YYA1187B9B996F,Elvis Crespo,Tu Sonrisa,The Remixes,1998.0,297.7171,0.678823686354,0.483348702679,latin,merengue; latin; Elvis Crespo; salsa; pop,262.0,53.0,51.555795,0.0,541.0,TRGRNWU128F42AE46D,0.6657687499999997,0.7334557295919142,0.7364983154558858
TREUOVP128F146D616,,,,,,,,,,,,,,,,,TRGRNWU128F42AE46D,,0.6727634517307964,0.6764893218882425
TRMYOHL128F423D24B,,,,,,,,,,,,,,,,,TRGRNWU128F42AE46D,,0.6913094202203026,0.6946636272626638
TRUKWZW128F92CADC2,SOHZGGE12A8C1400A4,ARBNXYA1187FB51C50,Daddy Yankee,Como Y Vete,Talento De Barrio,2008.0,221.41342,0.90898429564,0.562506672289,reggae,Reggaeton; spanish; basura; Daddy Yankee; songs with foreign language: spanish,489.0,115.0,74.269779,0.0,456.0,TRGRNWU128F42AE46D,0.5436625,,
TREBGAA128E078FC52,SOVYGAV12A58A7C3A9,AR24DZB1187FB3C869,Erykah Badu,I Want You,Worldwide Underground,2003.0,653.13914,0.855731901717,0.584841725537,r&b/soul,soul; Neo-Soul; female vocalists; rnb; Erykah Badu,617.0,98.0,153.163312,0.0,5664.0,TRGSDTP128F92F76D1,6.842467187499994,,
TRFUJVJ128F426F2A2,SOONCPO12AF72A1986,AR8W8P31187B9A4063,Lauryn Hill,Interlude 5,MTV Unplugged No. 2.0,2002.0,734.48444,0.697206464376,0.580125198887,r&b/soul,ms hill; the realness; The Truth; true; rnb,1903.0,409.0,215.044182,0.0,8617.0,TRGSDTP128F92F76D1,10.124950000000002,,
TRIOKOC128F4267572,,,,,,,,,,,,,,,,,TRGSDTP128F92F76D1,,0.8194665364814018,0.8255527888645763
TRNHSZN128F930FF03,,,,,,,,,,,,,,,,,TRGSDTP128F92F76D1,,0.8091981097180716,0.8158894872455159
TRWNUXN128F93095BF,,,,,,,,,,,,,,,,,TRGSDTP128F92F76D1,,0.8249023999190254,0.8300310278249087
TRWSYHO128F4282346,SOKHOQG12A8C13EBF2,ARSE5NP1187B9B98AB,Twista,I'm A Winner (Amended Album Version),The Day After,2005.0,260.23138,0.889613554744,0.593808365175,hip hop,rap; Hip-Hop; winner in bed twista,1253.0,166.0,218.622963,0.0,6823.0,TRGSDTP128F92F76D1,8.106371875,,
TRDPGXU128F9339C2A,SOELYON12AB01876A3,ARLHO5Z1187FB4C861,Beastie Boys,B-Boy Bouillabaisse: A.W.O.L. (2009 Digital Remaster),Paul's Boutique (20th Anniversary Remastered Edition),0.0,105.56036,0.853124523276,0.591628024008,hip hop,hip hop; leapsandbounds CDCollection,1746.0,505.0,153.652205,0.0,1450.0,TRGURIJ128E078780B,1.5893812500000004,,
TRFUJVJ128F426F2A2,SOONCPO12AF72A1986,AR8W8P31187B9A4063,Lauryn Hill,Interlude 5,MTV Unplugged No. 2.0,2002.0,734.48444,0.697206464376,0.580125198887,r&b/soul,ms hill; the realness; The Truth; true; rnb,1903.0,409.0,215.044182,0.0,1644.0,TRGURIJ128E078780B,1.7881999999999993,,
TRQAWKR128F425EEC3,SOFHEBR12CF5F892C7,ARXPPEY1187FB51DF4,Michael Jackson,Man In The Mirror,HIStory - PAST_ PRESENT AND FUTURE - Book I,1987.0,319.29424,0.855245195586,0.899991594263,pop,pop; michael jackson; 80s; soul; king of pop,1543.0,135.0,200.024998,0.0,1486.0,TRGURIJ128E078780B,1.6287624999999992,,
TRVIJFO128F92D7E38,,,,,,,,,,,,,,,,,TRGURIJ128E078780B,,0.5348766313315363,0.5532172062804781
TRVZCMZ128F92F15D2,,,,,,,,,,,,,,,,,TRGURIJ128E078780B,,0.4813176335877628,0.5002960267694229
TRYKKOX128F4241839,,,,,,,,,,,,,,,,,TRGURIJ128E078780B,,0.9999999999999946,1.0000000000000002
TRDPGXU128F9339C2A,SOELYON12AB01876A3,ARLHO5Z1187FB4C861,Beastie Boys,B-Boy Bouillabaisse: A.W.O.L. (2009 Digital Remaster),Paul's Boutique (20th Anniversary Remastered Edition),0.0,105.56036,0.853124523276,0.591628024008,hip hop,hip hop; leapsandbounds CDCollection,1746.0,505.0,153.652205,0.0,5004.0,TRGVTSO12903CABC19,,,
TREBGAA128E078FC52,,,,,,,,,,,,,,,,,TRGVTSO12903CABC19,5.918698437500003,,
TRFUJVJ128F426F2A2,SOONCPO12AF72A1986,AR8W8P31187B9A4063,Lauryn Hill,Interlude 5,MTV Unplugged No. 2.0,2002.0,734.48444,0.697206464376,0.580125198887,r&b/soul,ms hill; the realness; The Truth; true; rnb,1903.0,409.0,215.044182,0.0,5833.0,TRGVTSO12903CABC19,6.80135,,
TRGAGNZ128F42712C3,,,,,,,,,,,,,,,,,TRGVTSO12903CABC19,,0.8038748392853701,0.8086388634157978
TRPIGYF12903CC71FD,,,,,,,,,,,,,,,,,TRGVTSO12903CABC19,,0.7992850251281458,0.8051199261958836
TRRDVQC128EF3495E4,,,,,,,,,,,,,,,,,TRGVTSO12903CABC19,,0.8567074364279945,0.8592162924345821
TRWSYHO128F4282346,SOKHOQG12A8C13EBF2,ARSE5NP1187B9B98AB,Twista,I'm A Winner (Amended Album Version),The Day After,2005.0,260.23138,0.889613554744,0.593808365175,hip hop,rap; Hip-Hop; winner in bed twista,1253.0,166.0,218.622963,0.0,5385.0,TRGVTSO12903CABC19,6.411084374999999,,
TREBGAA128E078FC52,SOVYGAV12A58A7C3A9,AR24DZB1187FB3C869,Erykah Badu,I Want You,Worldwide Underground,2003.0,653.13914,0.855731901717,0.584841725537,r&b/soul,soul; Neo-Soul; female vocalists; rnb; Erykah Badu,617.0,98.0,153.163312,0.0,2841.0,TRGXECP12903CDDC43,3.4430500000000013,,
TRFUJVJ128F426F2A2,SOONCPO12AF72A1986,AR8W8P31187B9A4063,Lauryn Hill,Interlude 5,MTV Unplugged No. 2.0,2002.0,734.48444,0.697206464376,0.580125198887,r&b/soul,ms hill; the realness; The Truth; true; rnb,1903.0,409.0,215.044182,0.0,3227.0,TRGXECP12903CDDC43,3.7393500000000004,,
TRLTTDC128E079380E,,,,,,,,,,,,,,,,,TRGXECP12903CDDC43,,0.7397508372346334,0.747349575969435
TRNODEK128E07861DD,,,,,,,,,,,,,,,,,TRGXECP12903CDDC43,,0.7480762379464809,0.7561962839199741
TRWBWCV12903CF1327,,,,,,,,,,,,,,,,,TRGXECP12903CDDC43,,0.7490418712182746,0.756067027843703
TRWSYHO128F4282346,SOKHOQG12A8C13EBF2,ARSE5NP1187B9B98AB,Twista,I'm A Winner (Amended Album Version),The Day After,2005.0,260.23138,0.889613554744,0.593808365175,hip hop,rap; Hip-Hop; winner in bed twista,1253.0,166.0,218.622963,0.0,2963.0,TRGXECP12903CDDC43,3.5113499999999997,,
TRBGXIH128E0783797,,,,,,,,,,,,,,,,,TRGXNCJ128F425FB1C,,0.5800623891708393,0.5921780421560326
TRCHZXW128E079288A,SOMEJDK12D0219BB71,ARTH9041187FB43E1F,Eminem,8 Mile,8 Mile,2002.0,359.3922,0.886183647684,0.852677055416,hip hop,rap; Hip-Hop; Eminem; Soundtrack; hip hop,1141.0,328.0,132.992481,0.0,522.0,TRGXNCJ128F425FB1C,0.6060499999999996,,
TRDPGXU128F9339C2A,SOELYON12AB01876A3,ARLHO5Z1187FB4C861,Beastie Boys,B-Boy Bouillabaisse: A.W.O.L. (2009 Digital Remaster),Paul's Boutique (20th Anniversary Remastered Edition),0.0,105.56036,0.853124523276,0.591628024008,hip hop,hip hop; leapsandbounds CDCollection,1746.0,505.0,153.652205,0.0,570.0,TRGXNCJ128F425FB1C,0.6509500000000001,,
TRMSQFN128F4294259,,,,,,,,,,,,,,,,,TRGXNCJ128F425FB1C,,0.6338712153395429,0.644044563029919
TRRSNPA128F148C45E,SOIUOEW12A67021D3D,AR8RXRI1187FB4104B,The Roots,Mellow My Man,From The Ground Up,0.0,288.31302,0.862795413749,0.600282490747,hip hop,Hip-Hop; jazzy; the roots; rap; hip hop,886.0,270.0,117.358425,0.0,477.0,TRGXNCJ128F425FB1C,0.5634000000000001,,
TRSXWOE12903CA7F6E,,,,,,,,,,,,,,,,,TRGXNCJ128F425FB1C,,0.5638325778010532,0.5784299846612481
TRDOJIR128F42840C0,SODNFOU12A8C138A6E,AR3PN3R1187FB4CEBD,Horace Andy,Horse With No Name,Mek It Bun,2002.0,236.01587,0.626436381752,0.374271173856,reggae,roots reggae; great songs; animals; lala; OC,444.0,106.0,147.702404,0.0,653.0,TRGXTYR128F42ACF5F,0.766799999999999,,
TRJYBDF128F9337B51,,,,,,,,,,,,,,,,,TRGXTYR128F42ACF5F,,0.5004269385304968,0.5104334508883596
TRSVRQN128F42722CC,SOKHKIM12A8C13BE29,ARPVMJZ1187FB48D2D,Willie Colon,Gitana,Salsa Legende - Best of Willie Colon,1984.0,414.85016,0.62162943785,0.519120079762,latin,latin; Willie Colon; para el amor lejano; cuba; Pop Latino,458.0,114.0,80.548122,0.0,657.0,TRGXTYR128F42ACF5F,0.7771750000000008,,
TRTJLTW12903CFF1E9,SOJLHYI12AC46857C4,ARFJD5L1187B9A30BA,Los Van Van,El Negro Está Cocinando,Live At Miami Arena,1999.0,609.25342,0.604414492162,0.400517950689,latin,cuba; salsa; latin; cubano; latinas,407.0,81.0,86.792857,0.0,666.0,TRGXTYR128F42ACF5F,0.7942031249999998,,
TRTYPUW128F42BC14C,,,,,,,,,,,,,,,,,TRGXTYR128F42ACF5F,,0.5914294182866695,0.5988617490341908
TRXJXAE128F93174B5,,,,,,,,,,,,,,,,,TRGXTYR128F42ACF5F,,0.5446364791786954,0.5525911709742081
TRCHZXW128E079288A,SOMEJDK12D0219BB71,ARTH9041187FB43E1F,Eminem,8 Mile,8 Mile,2002.0,359.3922,0.886183647684,0.852677055416,hip hop,rap; Hip-Hop; Eminem; Soundtrack; hip hop,1141.0,328.0,132.992481,0.0,3165.0,TRGYQBU128F9342C87,3.622390624999998,,
TRDPGXU128F9339C2A,SOELYON12AB01876A3,ARLHO5Z1187FB4C861,Beastie Boys,B-Boy Bouillabaisse: A.W.O.L. (2009 Digital Remaster),Paul's Boutique (20th Anniversary Remastered Edition),0.0,105.56036,0.853124523276,0.591628024008,hip hop,hip hop; leapsandbounds CDCollection,1746.0,505.0,153.652205,0.0,3548.0,TRGYQBU128F9342C87,3.9926093749999985,,
TRFAWIW128F9318B9B,,,,,,,,,,,,,,,,,TRGYQBU128F9342C87,,0.665689704421382,0.676659820504948
TRFUJVJ128F426F2A2,SOONCPO12AF72A1986,AR8W8P31187B9A4063,Lauryn Hill,Interlude 5,MTV Unplugged No. 2.0,2002.0,734.48444,0.697206464376,0.580125198887,r&b/soul,ms hill; the realness; The Truth; true; rnb,1903.0,409.0,215.044182,0.0,4024.0,TRGYQBU128F9342C87,4.500999999999999,,
TRIGERV128F1478764,,,,,,,,,,,,,,,,,TRGYQBU128F9342C87,,0.6717570958821664,0.6857146191861955
TRQRKRR128F423FBED,,,,,,,,,,,,,,,,,TRGYQBU128F9342C87,,0.6438404970303269,0.6536816666540793
TRCHZXW128E079288A,SOMEJDK12D0219BB71,ARTH9041187FB43E1F,Eminem,8 Mile,8 Mile,2002.0,359.3922,0.886183647684,0.852677055416,hip hop,rap; Hip-Hop; Eminem; Soundtrack; hip hop,1141.0,328.0,132.992481,0.0,4173.0,TRGZDBB128F4270A4C,4.957871875,,
TRDPGXU128F9339C2A,SOELYON12AB01876A3,ARLHO5Z1187FB4C861,Beastie Boys,B-Boy Bouillabaisse: A.W.O.L. (2009 Digital Remaster),Paul's Boutique (20th Anniversary Remastered Edition),0.0,105.56036,0.853124523276,0.591628024008,hip hop,hip hop; leapsandbounds CDCollection,1746.0,505.0,153.652205,0.0,4199.0,TRGZDBB128F4270A4C,4.906378125000002,,
TRFSQXF128F9311B25,,,,,,,,,,,,,,,,,TRGZDBB128F4270A4C,,0.8118491209507515,0.8141630205966732
TROIJDA128F9341E70,SOCUXGX12A8C13B78C,ARLMXEA1187B9A7D04,R. Kelly,I Mean (I Don't Mean It),TP-2.com,2000.0,205.00853,0.811092052861,0.783843023046,r&b/soul,soul; rnb; english lyrics; SDZ,701.0,190.0,135.443715,0.0,3998.0,TRGZDBB128F4270A4C,4.8242281249999985,,
TRSXWSL128F933DFE5,,,,,,,,,,,,,,,,,TRGZDBB128F4270A4C,,0.7868293085160623,0.7922371132428139
TRXBHJP128F42B8FF1,,,,,,,,,,,,,,,,,TRGZDBB128F4270A4C,,0.8026720753057057,0.8067178260046389
TRBBVNR128E078E1E4,SOCMYLF12A67020A4D,ARTDQRC1187FB4EFD4,Black Eyed Peas,Tell Your Momma Come,Bridging The Gap,2000.0,196.362,0.84560188664,1.00594196595,hip hop,Hip-Hop; hip hop; pop; dance; Riding in the car kind of Music,531.0,160.0,78.682908,0.0,391.0,TRGZRPJ128F92EF7E2,0.4663828124999997,,
TRERQQR128F9312ADF,,,,,,,,,,,,,,,,,TRGZRPJ128F92EF7E2,,0.4220584310606252,0.4299960289311808
TREXCMT128F933D825,SOWVWEG12AF72A37C7,ARQUN9K1187B9B5BD7,Vanilla Ice,It's A Party,To The Extreme,1989.0,278.49098,0.722075127339,0.463037021551,hip hop,rap; 80s; Jam; leapsandbounds CDCollection,832.0,201.0,139.942845,0.0,666.0,TRGZRPJ128F92EF7E2,0.7956406250000007,,
TRKOMDL128F1499C7D,SOSMBYU12A6D4FAD5C,AR3THYK1187B999F1F,João Gilberto,Aguas De Marco,Joao Gilberto,0.0,325.642,0.645192338747,0.471224329919,latin,Bossa Nova; brasil; brazilian; brasileira; latin,587.0,37.0,98.427638,0.0,372.0,TRGZRPJ128F92EF7E2,0.4520937500000002,,
TRLVNQX128F42975E7,,,,,,,,,,,,,,,,,TRGZRPJ128F92EF7E2,,0.42454888525329754,0.4324602385462706
TRQWNOI128F92CFEF0,,,,,,,,,,,,,,,,,TRGZRPJ128F92EF7E2,,0.48686489794213855,0.49019783069304296
TRAWCKU128F14771C0,,,,,,,,,,,,,,,,,TRHAGFQ128F428B8EA,,,0.7083972352800746
TRBEWAM128F145CA91,,,,,,,,,,,,,,,,,TRHAGFQ128F428B8EA,,0.6976273475421828,
TREBGAA128E078FC52,SOVYGAV12A58A7C3A9,AR24DZB1187FB3C869,Erykah Badu,I Want You,Worldwide Underground,2003.0,653.13914,0.855731901717,0.584841725537,r&b/soul,soul; Neo-Soul; female vocalists; rnb; Erykah Badu,617.0,98.0,153.163312,0.0,2236.0,TRHAGFQ128F428B8EA,2.690181250000001,,
TRFUJVJ128F426F2A2,SOONCPO12AF72A1986,AR8W8P31187B9A4063,Lauryn Hill,Interlude 5,MTV Unplugged No. 2.0,2002.0,734.48444,0.697206464376,0.580125198887,r&b/soul,ms hill; the realness; The Truth; true; rnb,1903.0,409.0,215.044182,0.0,2853.0,TRHAGFQ128F428B8EA,3.28105,,
TRPBTSJ128F42A3168,,,,,,,,,,,,,,,,,TRHAGFQ128F428B8EA,,0.7048338001882191,0.715868751350209
TRUMCTQ128F42BAEA6,,,,,,,,,,,,,,,,,TRHAGFQ128F428B8EA,,0.7053803123090645,0.718813276487547
TRWSYHO128F4282346,SOKHOQG12A8C13EBF2,ARSE5NP1187B9B98AB,Twista,I'm A Winner (Amended Album Version),The Day After,2005.0,260.23138,0.889613554744,0.593808365175,hip hop,rap; Hip-Hop; winner in bed twista,1253.0,166.0,218.622963,0.0,2582.0,TRHAGFQ128F428B8EA,3.0411124999999988,,
TRIBWOP128F92E4E17,,,,,,,,,,,,,,,,,TRHBSKB128E07924CB,,0.7741649003149438,0.7780688835356941
TRLRQUX128F932ECC5,SOKVPCR12AB017D810,ARMEW4Q1187FB57238,Gilberto Santa Rosa,Desde Que No Estas,Oro Salsero,2000.0,284.39465,0.646581908134,0.435618239882,latin,salsa,360.0,90.0,63.285069,0.0,2942.0,TRHBSKB128E07924CB,3.5985546875000023,0.8080024642309541,0.8113457523147225
TRRGVQK128F423B513,,,,,,,,,,,,,,,,,TRHBSKB128E07924CB,,0.8019008589757455,0.8053881780570903
TRTHNFG12903D0CE54,SONCVPT12AC468B123,AR1ZHZ51187FB37FEC,Violadores del Verso,Dale tiempo al rumor,Vivir Para Contarlo,2006.0,370.02404,0.658189532108,0.524275367928,hip hop,spanish; Hip-Hop; subelamusica; spanish rap; Doble V,749.0,199.0,99.95499,0.0,3303.0,TRHBSKB128E07924CB,3.958429687499998,,
TRWAGNG128F4286598,SOHRFLK12A8C13B9C2,AR5Z97E1187FB36169,Tego Calderon,Al Natural (Amended Version),El Abayarde,2003.0,213.60281,0.631219639983,0.450950881507,latin,latin,434.0,92.0,83.114379,0.0,2858.0,TRHBSKB128E07924CB,3.4569375000000004,,
TRBIMOX128F425EC2B,,,,,,,,,,,,,,,,,TRHCDHI128F92C4B9B,,0.7895135957122251,0.7971794189891338
TREBGAA128E078FC52,SOVYGAV12A58A7C3A9,AR24DZB1187FB3C869,Erykah Badu,I Want You,Worldwide Underground,2003.0,653.13914,0.855731901717,0.584841725537,r&b/soul,soul; Neo-Soul; female vocalists; rnb; Erykah Badu,617.0,98.0,153.163312,0.0,3907.0,TRHCDHI128F92C4B9B,4.708770312500004,,
TRFUJVJ128F426F2A2,SOONCPO12AF72A1986,AR8W8P31187B9A4063,Lauryn Hill,Interlude 5,MTV Unplugged No. 2.0,2002.0,734.48444,0.697206464376,0.580125198887,r&b/soul,ms hill; the realness; The Truth; true; rnb,1903.0,409.0,215.044182,0.0,5014.0,TRHCDHI128F92C4B9B,5.7913999999999985,,
TRNHSZN128F930FF03,,,,,,,,,,,,,,,,,TRHCDHI128F92C4B9B,,0.7982978490055771,0.8055664449826841
TROUCXE128F426B6E7,,,,,,,,,,,,,,,,,TRHCDHI128F92C4B9B,,0.7886139921785558,0.7964214263895867
TRWSYHO128F4282346,SOKHOQG12A8C13EBF2,ARSE5NP1187B9B98AB,Twista,I'm A Winner (Amended Album Version),The Day After,2005.0,260.23138,0.889613554744,0.593808365175,hip hop,rap; Hip-Hop; winner in bed twista,1253.0,166.0,218.622963,0.0,4682.0,TRHCDHI128F92C4B9B,5.541353125000003,,
TRFUJVJ128F426F2A2,SOONCPO12AF72A1986,AR8W8P31187B9A4063,Lauryn Hill,Interlude 5,MTV Unplugged No. 2.0,2002.0,734.48444,0.697206464376,0.580125198887,r&b/soul,ms hill; the realness; The Truth; true; rnb,1903.0,409.0,215.044182,0.0,8724.0,TRHDTPQ128F147733A,10.042500000000002,,
TRLXZCU128F4298B33,,,,,,,,,,,,,,,,,TRHDTPQ128F147733A,,0.609560505239276,0.6203436981239911
TRPVTRG128F425AB3E,,,,,,,,,,,,,,,,,TRHDTPQ128F147733A,,0.5767967262086692,0.5877594595436703
TRQAWKR128F425EEC3,SOFHEBR12CF5F892C7,ARXPPEY1187FB51DF4,Michael Jackson,Man In The Mirror,HIStory - PAST_ PRESENT AND FUTURE - Book I,1987.0,319.29424,0.855245195586,0.899991594263,pop,pop; michael jackson; 80s; soul; king of pop,1543.0,135.0,200.024998,0.0,5406.0,TRHDTPQ128F147733A,6.018046875000002,,
TRQCMLS128F933DB3B,,,,,,,,,,,,,,,,,TRHDTPQ128F147733A,,0.6264738571268593,0.6356417799374943
TRWSYHO128F4282346,SOKHOQG12A8C13EBF2,ARSE5NP1187B9B98AB,Twista,I'm A Winner (Amended Album Version),The Day After,2005.0,260.23138,0.889613554744,0.593808365175,hip hop,rap; Hip-Hop; winner in bed twista,1253.0,166.0,218.622963,0.0,6834.0,TRHDTPQ128F147733A,7.978828124999999,,
TRDPGXU128F9339C2A,SOELYON12AB01876A3,ARLHO5Z1187FB4C861,Beastie Boys,B-Boy Bouillabaisse: A.W.O.L. (2009 Digital Remaster),Paul's Boutique (20th Anniversary Remastered Edition),0.0,105.56036,0.853124523276,0.591628024008,hip hop,hip hop; leapsandbounds CDCollection,1746.0,505.0,153.652205,0.0,1997.0,TRHEGPE128F9311A85,2.2635140625000005,,
TRFUJVJ128F426F2A2,SOONCPO12AF72A1986,AR8W8P31187B9A4063,Lauryn Hill,Interlude 5,MTV Unplugged No. 2.0,2002.0,734.48444,0.697206464376,0.580125198887,r&b/soul,ms hill; the realness; The Truth; true; rnb,1903.0,409.0,215.044182,0.0,1906.0,TRHEGPE128F9311A85,2.1042000000000014,,
TRQGAOW128F92FBF94,,,,,,,,,,,,,,,,,TRHEGPE128F9311A85,,0.6941063111843612,0.702430049446232
TRTFNGC128F9343C22,,,,,,,,,,,,,,,,,TRHEGPE128F9311A85,,0.6990726697270983,0.7078443967508355
TRUSMEO128F1469319,,,,,,,,,,,,,,,,,TRHEGPE128F9311A85,,0.9598809690955777,0.9615489344015546
TRWSYHO128F4282346,SOKHOQG12A8C13EBF2,ARSE5NP1187B9B98AB,Twista,I'm A Winner (Amended Album Version),The Day After,2005.0,260.23138,0.889613554744,0.593808365175,hip hop,rap; Hip-Hop; winner in bed twista,1253.0,166.0,218.622963,0.0,1771.0,TRHEGPE128F9311A85,2.0318718749999998,,
TRDHLOW128F429BA29,,,,,,,,,,,,,,,,,TRHFADH128F92E2BE3,,0.7173080183330097,0.7271239409724597
TRDPGXU128F9339C2A,SOELYON12AB01876A3,ARLHO5Z1187FB4C861,Beastie Boys,B-Boy Bouillabaisse: A.W.O.L. (2009 Digital Remaster),Paul's Boutique (20th Anniversary Remastered Edition),0.0,105.56036,0.853124523276,0.591628024008,hip hop,hip hop; leapsandbounds CDCollection,1746.0,505.0,153.652205,0.0,2104.0,TRHFADH128F92E2BE3,,,
TRFUJVJ128F426F2A2,SOONCPO12AF72A1986,AR8W8P31187B9A4063,Lauryn Hill,Interlude 5,MTV Unplugged No. 2.0,2002.0,734.48444,0.697206464376,0.580125198887,r&b/soul,ms hill; the realness; The Truth; true; rnb,1903.0,409.0,215.044182,0.0,2509.0,TRHFADH128F92E2BE3,2.8855499999999994,,
TRGLNKG128F9307689,,,,,,,,,,,,,,,,,TRHFADH128F92E2BE3,2.4227984375000005,,
TRRVFNZ12903CD476D,,,,,,,,,,,,,,,,,TRHFADH128F92E2BE3,,0.7087874848982012,0.7173548088939216
TRWSYHO128F4282346,SOKHOQG12A8C13EBF2,ARSE5NP1187B9B98AB,Twista,I'm A Winner (Amended Album Version),The Day After,2005.0,260.23138,0.889613554744,0.593808365175,hip hop,rap; Hip-Hop; winner in bed twista,1253.0,166.0,218.622963,0.0,2423.0,TRHFADH128F92E2BE3,2.8649093750000008,,
TRYYRLU12903D082FF,,,,,,,,,,,,,,,,,TRHFADH128F92E2BE3,,0.7381130538805021,0.7476291582548186
TRDPGXU128F9339C2A,SOELYON12AB01876A3,ARLHO5Z1187FB4C861,Beastie Boys,B-Boy Bouillabaisse: A.W.O.L. (2009 Digital Remaster),Paul's Boutique (20th Anniversary Remastered Edition),0.0,105.56036,0.853124523276,0.591628024008,hip hop,hip hop; leapsandbounds CDCollection,1746.0,505.0,153.652205,0.0,5203.0,TRHGTHE128F428B4C3,,,
TREBGAA128E078FC52,,,,,,,,,,,,,,,,,TRHGTHE128F428B4C3,5.966425000000006,,
TRFUJVJ128F426F2A2,SOONCPO12AF72A1986,AR8W8P31187B9A4063,Lauryn Hill,Interlude 5,MTV Unplugged No. 2.0,2002.0,734.48444,0.697206464376,0.580125198887,r&b/soul,ms hill; the realness; The Truth; true; rnb,1903.0,409.0,215.044182,0.0,6934.0,TRHGTHE128F428B4C3,7.821099999999999,,
TROKYHH128F9316FAB,,,,,,,,,,,,,,,,,TRHGTHE128F428B4C3,,0.5831234773691153,
TRWLKBS12903CC57D7,,,,,,,,,,,,,,,,,TRHGTHE128F428B4C3,,0.5888600530125574,0.6084699092018043
TRWSYHO128F4282346,SOKHOQG12A8C13EBF2,ARSE5NP1187B9B98AB,Twista,I'm A Winner (Amended Album Version),The Day After,2005.0,260.23138,0.889613554744,0.593808365175,hip hop,rap; Hip-Hop; winner in bed twista,1253.0,166.0,218.622963,0.0,6320.0,TRHGTHE128F428B4C3,7.346850000000004,,
TRYQPDL128F4265A48,,,,,,,,,,,,,,,,,TRHGTHE128F428B4C3,,0.6052950963422986,0.623282822521767
TRYYRLU12903D082FF,,,,,,,,,,,,,,,,,TRHGTHE128F428B4C3,,,0.6025935206912072
TRDRMPD12903CD03B2,,,,,,,,,,,,,,,,,TRHHJCL12903CB44B7,,0.6078508917863552,0.621784412849926
TRFUJVJ128F426F2A2,SOONCPO12AF72A1986,AR8W8P31187B9A4063,Lauryn Hill,Interlude 5,MTV Unplugged No. 2.0,2002.0,734.48444,0.697206464376,0.580125198887,r&b/soul,ms hill; the realness; The Truth; true; rnb,1903.0,409.0,215.044182,0.0,2371.0,TRHHJCL12903CB44B7,2.7130499999999995,,
TRKKXHG128F421A24C,,,,,,,,,,,,,,,,,TRHHJCL12903CB44B7,,0.6117260740013385,0.6276589313861644
TRQAWKR128F425EEC3,SOFHEBR12CF5F892C7,ARXPPEY1187FB51DF4,Michael Jackson,Man In The Mirror,HIStory - PAST_ PRESENT AND FUTURE - Book I,1987.0,319.29424,0.855245195586,0.899991594263,pop,pop; michael jackson; 80s; soul; king of pop,1543.0,135.0,200.024998,0.0,1713.0,TRHHJCL12903CB44B7,1.9263156249999995,,
TRSIDED12903CC71E0,,,,,,,,,,,,,,,,,TRHHJCL12903CB44B7,,0.6011325136942267,0.6164340419701512
TRWSYHO128F4282346,SOKHOQG12A8C13EBF2,ARSE5NP1187B9B98AB,Twista,I'm A Winner (Amended Album Version),The Day After,2005.0,260.23138,0.889613554744,0.593808365175,hip hop,rap; Hip-Hop; winner in bed twista,1253.0,166.0,218.622963,0.0,2137.0,TRHHJCL12903CB44B7,2.5074093750000004,,
TRBYSYI128E07919D8,,,,,,,,,,,,,,,,,TRHKHHL128F4251E2A,,0.805257905793566,0.8066094439377955
TRFUJVJ128F426F2A2,SOONCPO12AF72A1986,AR8W8P31187B9A4063,Lauryn Hill,Interlude 5,MTV Unplugged No. 2.0,2002.0,734.48444,0.697206464376,0.580125198887,r&b/soul,ms hill; the realness; The Truth; true; rnb,1903.0,409.0,215.044182,0.0,3318.0,TRHKHHL128F4251E2A,3.7794999999999983,,
TRKZRCW128F4233621,,,,,,,,,,,,,,,,,TRHKHHL128F4251E2A,,0.6892733119960304,0.6925061394834546
TRUGLTC128F4227B93,SOUSFNM12A6D4FCDAD,AR4503S1187FB43199,Danity Kane,Hold Me Down (Album Version),Danity Kane,2006.0,237.60934,0.854297752323,0.531302988552,r&b/soul,dance; Hold Me Down; Danity Kane; rnb; party,766.0,149.0,159.499216,0.0,4652.0,TRHKHHL128F4251E2A,5.644499999999997,,
TRVLIZK128F428845E,SOGLUJL12A8C138E31,ARUN7IC1187FB3D392,Five,That's What You Told Me,Five,1998.0,222.92853,0.588017305158,0.435444888557,pop,5ive; pop; Favorite; boybands; Remember,593.0,95.0,153.277526,0.0,4357.0,TRHKHHL128F4251E2A,5.305250000000002,,
TRXTLLG128F930416B,,,,,,,,,,,,,,,,,TRHKHHL128F4251E2A,,0.7318707881167802,0.7314952430700974
TRCHZXW128E079288A,SOMEJDK12D0219BB71,ARTH9041187FB43E1F,Eminem,8 Mile,8 Mile,2002.0,359.3922,0.886183647684,0.852677055416,hip hop,rap; Hip-Hop; Eminem; Soundtrack; hip hop,1141.0,328.0,132.992481,0.0,4976.0,TRHKYKI128E07921BC,5.794692187499999,0.7517455508574981,0.7642215266355509
TRDPGXU128F9339C2A,SOELYON12AB01876A3,ARLHO5Z1187FB4C861,Beastie Boys,B-Boy Bouillabaisse: A.W.O.L. (2009 Digital Remaster),Paul's Boutique (20th Anniversary Remastered Edition),0.0,105.56036,0.853124523276,0.591628024008,hip hop,hip hop; leapsandbounds CDCollection,1746.0,505.0,153.652205,0.0,5514.0,TRHKYKI128E07921BC,6.328932812499995,,
TRFUJVJ128F426F2A2,SOONCPO12AF72A1986,AR8W8P31187B9A4063,Lauryn Hill,Interlude 5,MTV Unplugged No. 2.0,2002.0,734.48444,0.697206464376,0.580125198887,r&b/soul,ms hill; the realness; The Truth; true; rnb,1903.0,409.0,215.044182,0.0,4622.0,TRHKYKI128E07921BC,,,
TRNDOZZ128F92F336C,,,,,,,,,,,,,,,,,TRHKYKI128E07921BC,,0.7362588804630831,0.7497658843732983
TROSKLK128F145806A,,,,,,,,,,,,,,,,,TRHKYKI128E07921BC,,0.7552979748719145,0.7666848213591823
TRXHFMI128F429B2F2,,,,,,,,,,,,,,,,,TRHKYKI128E07921BC,5.249051562499997,,
TRFUJVJ128F426F2A2,SOONCPO12AF72A1986,AR8W8P31187B9A4063,Lauryn Hill,Interlude 5,MTV Unplugged No. 2.0,2002.0,734.48444,0.697206464376,0.580125198887,r&b/soul,ms hill; the realness; The Truth; true; rnb,1903.0,409.0,215.044182,0.0,3007.0,TRHLRGU128F42643FB,3.2596499999999997,,
TRGHLRP128F425A01D,,,,,,,,,,,,,,,,,TRHLRGU128F42643FB,,0.5865989028345362,
TRGLNKG128F9307689,SOFVLYU12AB017F502,ARTH9041187FB43E1F,Eminem,My Darling,Relapse [Deluxe],2009.0,320.49587,0.871010615313,0.879236744738,hip hop,rap; detroit; Hip-Hop; Horrorcore; MOONH8SUN,1055.0,293.0,140.089257,0.0,2140.0,TRHLRGU128F42643FB,,,
TRLDRYJ128F930BBB4,,,,,,,,,,,,,,,,,TRHLRGU128F42643FB,2.4249437499999997,0.6418661041430571,0.6626789551653871
TRTTOLE128F427656E,,,,,,,,,,,,,,,,,TRHLRGU128F42643FB,,,0.6059454199125038
TRWSYHO128F4282346,SOKHOQG12A8C13EBF2,ARSE5NP1187B9B98AB,Twista,I'm A Winner (Amended Album Version),The Day After,2005.0,260.23138,0.889613554744,0.593808365175,hip hop,rap; Hip-Hop; winner in bed twista,1253.0,166.0,218.622963,0.0,2423.0,TRHLRGU128F42643FB,2.702571875,,
TRYHHPK128F42A4CAF,,,,,,,,,,,,,,,,,TRHLRGU128F42643FB,,0.5932247393876982,0.6265403539181253
TRDNUNW128F933DB3D,,,,,,,,,,,,,,,,,TRHOXSK128F145C9F9,,0.7350222437746678,0.7446471259315678
TRDPGXU128F9339C2A,SOELYON12AB01876A3,ARLHO5Z1187FB4C861,Beastie Boys,B-Boy Bouillabaisse: A.W.O.L. (2009 Digital Remaster),Paul's Boutique (20th Anniversary Remastered Edition),0.0,105.56036,0.853124523276,0.591628024008,hip hop,hip hop; leapsandbounds CDCollection,1746.0,505.0,153.652205,0.0,2441.0,TRHOXSK128F145C9F9,,,
TRDZHMB128F14925BA,,,,,,,,,,,,,,,,,TRHOXSK128F145C9F9,,0.7088604095240661,0.7208331122794644
TRFUJVJ128F426F2A2,SOONCPO12AF72A1986,AR8W8P31187B9A4063,Lauryn Hill,Interlude 5,MTV Unplugged No. 2.0,2002.0,734.48444,0.697206464376,0.580125198887,r&b/soul,ms hill; the realness; The Truth; true; rnb,1903.0,409.0,215.044182,0.0,3398.0,TRHOXSK128F145C9F9,3.937000000000001,,
TRHNOMB12903CB2544,,,,,,,,,,,,,,,,,TRHOXSK128F145C9F9,2.852367187499998,,
TRJIQFW128F428DE49,,,,,,,,,,,,,,,,,TRHOXSK128F145C9F9,,0.7197463586373145,0.7308070669318518
TRWSYHO128F4282346,SOKHOQG12A8C13EBF2,ARSE5NP1187B9B98AB,Twista,I'm A Winner (Amended Album Version),The Day After,2005.0,260.23138,0.889613554744,0.593808365175,hip hop,rap; Hip-Hop; winner in bed twista,1253.0,166.0,218.622963,0.0,2878.0,TRHOXSK128F145C9F9,3.394578124999998,,
TRADFVJ12903CA80F0,,,,,,,,,,,,,,,,,TRHPAVK128E078EC9C,,0.7270522887070996,0.7456132409803983
TRCHZXW128E079288A,SOMEJDK12D0219BB71,ARTH9041187FB43E1F,Eminem,8 Mile,8 Mile,2002.0,359.3922,0.886183647684,0.852677055416,hip hop,rap; Hip-Hop; Eminem; Soundtrack; hip hop,1141.0,328.0,132.992481,0.0,6209.0,TRHPAVK128E078EC9C,7.045629687500007,,
TRDPGXU128F9339C2A,SOELYON12AB01876A3,ARLHO5Z1187FB4C861,Beastie Boys,B-Boy Bouillabaisse: A.W.O.L. (2009 Digital Remaster),Paul's Boutique (20th Anniversary Remastered Edition),0.0,105.56036,0.853124523276,0.591628024008,hip hop,hip hop; leapsandbounds CDCollection,1746.0,505.0,153.652205,0.0,7588.0,TRHPAVK128E078EC9C,8.536745312500004,,
TRETTPG128F9343EE4,,,,,,,,,,,,,,,,,TRHPAVK128E078EC9C,,0.7257340005560211,0.7442381017090358
TRFLQUL128F93196AF,,,,,,,,,,,,,,,,,TRHPAVK128E078EC9C,,,0.7412218710825725
TRFUJVJ128F426F2A2,SOONCPO12AF72A1986,AR8W8P31187B9A4063,Lauryn Hill,Interlude 5,MTV Unplugged No. 2.0,2002.0,734.48444,0.697206464376,0.580125198887,r&b/soul,ms hill; the realness; The Truth; true; rnb,1903.0,409.0,215.044182,0.0,8216.0,TRHPAVK128E078EC9C,9.1361,,
TRMLERK128F4294CBC,,,,,,,,,,,,,,,,,TRHPAVK128E078EC9C,,0.7269704479576506,
TRDPGXU128F9339C2A,SOELYON12AB01876A3,ARLHO5Z1187FB4C861,Beastie Boys,B-Boy Bouillabaisse: A.W.O.L. (2009 Digital Remaster),Paul's Boutique (20th Anniversary Remastered Edition),0.0,105.56036,0.853124523276,0.591628024008,hip hop,hip hop; leapsandbounds CDCollection,1746.0,505.0,153.652205,0.0,6572.0,TRHPKWO128F92E01D5,7.378304687499995,,
TRFFJLM128F148BCEF,,,,,,,,,,,,,,,,,TRHPKWO128F92E01D5,,0.7921450013877139,0.8061828556434271
TRFUJVJ128F426F2A2,SOONCPO12AF72A1986,AR8W8P31187B9A4063,Lauryn Hill,Interlude 5,MTV Unplugged No. 2.0,2002.0,734.48444,0.697206464376,0.580125198887,r&b/soul,ms hill; the realness; The Truth; true; rnb,1903.0,409.0,215.044182,0.0,9419.0,TRHPKWO128F92E01D5,10.773250000000003,,
TRTBRQA128F427EE09,,,,,,,,,,,,,,,,,TRHPKWO128F92E01D5,,0.793364556808369,0.804429407966123
TRUYMCX128F428CCD1,,,,,,,,,,,,,,,,,TRHPKWO128F92E01D5,,0.7825338473631418,0.7972870340363347
TRWSYHO128F4282346,SOKHOQG12A8C13EBF2,ARSE5NP1187B9B98AB,Twista,I'm A Winner (Amended Album Version),The Day After,2005.0,260.23138,0.889613554744,0.593808365175,hip hop,rap; Hip-Hop; winner in bed twista,1253.0,166.0,218.622963,0.0,6061.0,TRHPKWO128F92E01D5,6.922390625,,
TRIJHLY12903D0CE4D,SOAEBYL12AC468B119,AR1ZHZ51187FB37FEC,Violadores del Verso,Cantando,Vivir Para Contarlo,2006.0,312.92036,0.658189532108,0.503436953654,hip hop,Hip-Hop; spanish hip-hop; rap; spanish; hip hop,671.0,209.0,83.660026,0.0,495.0,TRHPPNF128F42ACFA9,0.5796375000000006,,
TRKFYYC128F9342443,,,,,,,,,,,,,,,,,TRHPPNF128F42ACFA9,,0.7127110156340031,0.7194831280019712
TRQXUSM128F4223ED1,,,,,,,,,,,,,,,,,TRHPPNF128F42ACFA9,,0.7171267505320458,0.7238348508329221
TRRKWPY12903CAAC5D,SOUEYGS12AB0189345,ARFY9RL1187B9AE9AF,Johnny Prez,Te Vuelvo Loca,El Dragon,0.0,230.05995,0.531225462552,0.314265591942,reggae,Reggaeton; Marc Anthony; gatowope; johnny prez; reggaeton Romantica,407.0,103.0,73.525506,0.0,496.0,TRHPPNF128F42ACFA9,0.5918249999999997,,
TRTHNFG12903D0CE54,SONCVPT12AC468B123,AR1ZHZ51187FB37FEC,Violadores del Verso,Dale tiempo al rumor,Vivir Para Contarlo,2006.0,370.02404,0.658189532108,0.524275367928,hip hop,spanish; Hip-Hop; subelamusica; spanish rap; Doble V,749.0,199.0,99.95499,0.0,637.0,TRHPPNF128F42ACFA9,0.7518875000000002,,
TRYYIRY128F93171A0,,,,,,,,,,,,,,,,,TRHPPNF128F42ACFA9,,0.7453735730132793,0.7518165289526645
TRDPGXU128F9339C2A,SOELYON12AB01876A3,ARLHO5Z1187FB4C861,Beastie Boys,B-Boy Bouillabaisse: A.W.O.L. (2009 Digital Remaster),Paul's Boutique (20th Anniversary Remastered Edition),0.0,105.56036,0.853124523276,0.591628024008,hip hop,hip hop; leapsandbounds CDCollection,1746.0,505.0,153.652205,0.0,8616.0,TRHQAPS128F42A51F4,9.858290625,,
TRFUJVJ128F426F2A2,SOONCPO12AF72A1986,AR8W8P31187B9A4063,Lauryn Hill,Interlude 5,MTV Unplugged No. 2.0,2002.0,734.48444,0.697206464376,0.580125198887,r&b/soul,ms hill; the realness; The Truth; true; rnb,1903.0,409.0,215.044182,0.0,11299.0,TRHQAPS128F42A51F4,13.033549999999998,,
TRNVKOI128E0799173,,,,,,,,,,,,,,,,,TRHQAPS128F42A51F4,,0.7942584617718088,0.8061986240280945
TRRYRGF128F42934E3,,,,,,,,,,,,,,,,,TRHQAPS128F42A51F4,,0.8252824659095468,0.8349061150317288
TRVVIWJ128F42697BA,,,,,,,,,,,,,,,,,TRHQAPS128F42A51F4,,0.8109619509442402,0.8211194488995367
TRWSYHO128F4282346,SOKHOQG12A8C13EBF2,ARSE5NP1187B9B98AB,Twista,I'm A Winner (Amended Album Version),The Day After,2005.0,260.23138,0.889613554744,0.593808365175,hip hop,rap; Hip-Hop; winner in bed twista,1253.0,166.0,218.622963,0.0,8327.0,TRHQAPS128F42A51F4,9.696268750000002,,
TRCHZXW128E079288A,SOMEJDK12D0219BB71,ARTH9041187FB43E1F,Eminem,8 Mile,8 Mile,2002.0,359.3922,0.886183647684,0.852677055416,hip hop,rap; Hip-Hop; Eminem; Soundtrack; hip hop,1141.0,328.0,132.992481,0.0,4576.0,TRHTGXF128F931BEE7,5.4093656249999995,,0.7644326134807478
TRDPGXU128F9339C2A,SOELYON12AB01876A3,ARLHO5Z1187FB4C861,Beastie Boys,B-Boy Bouillabaisse: A.W.O.L. (2009 Digital Remaster),Paul's Boutique (20th Anniversary Remastered Edition),0.0,105.56036,0.853124523276,0.591628024008,hip hop,hip hop; leapsandbounds CDCollection,1746.0,505.0,153.652205,0.0,4515.0,TRHTGXF128F931BEE7,5.232134375,,
TRHSDRF128F9309C33,,,,,,,,,,,,,,,,,TRHTGXF128F931BEE7,,0.7750243661098044,0.7810025785788369
TRKLJAG128F42B31CF,SOTGRDJ12A8C13FE2A,ARB8DSE1187FB3CFC4,Mario Vazquez,Everytime I...,Mario Vazquez,2006.0,241.71057,0.723005147335,0.395148687525,r&b/soul,mario vazquez; Everytime I; soul; rnb; r&b,511.0,114.0,125.658267,0.0,4045.0,TRHTGXF128F931BEE7,4.905781250000005,,
TRSCACN12903CBA2C9,,,,,,,,,,,,,,,,,TRHTGXF128F931BEE7,,0.7575449250550058,
TRZYUDY128F148AD53,,,,,,,,,,,,,,,,,TRHTGXF128F931BEE7,,0.7656252890766662,0.7713903629431287
TREIODJ128F9337033,SOHAMCT12A8C143F4B,AROKDJ41187B9A7700,Mindless Self Indulgence,Never Wanted to Dance,If,2007.0,188.39465,0.819132290668,0.485881459,punk,industrial jungle pussy punk; industrial; electropunk; punk; electronic,465.0,42.0,133.442872,0.0,2125.0,TRHTOYT128F429FEF4,2.532581250000001,,
TRFUJVJ128F426F2A2,SOONCPO12AF72A1986,AR8W8P31187B9A4063,Lauryn Hill,Interlude 5,MTV Unplugged No. 2.0,2002.0,734.48444,0.697206464376,0.580125198887,r&b/soul,ms hill; the realness; The Truth; true; rnb,1903.0,409.0,215.044182,0.0,2120.0,TRHTOYT128F429FEF4,2.217600000000001,,
TROIJDA128F9341E70,SOCUXGX12A8C13B78C,ARLMXEA1187B9A7D04,R. Kelly,I Mean (I Don't Mean It),TP-2.com,2000.0,205.00853,0.811092052861,0.783843023046,r&b/soul,soul; rnb; english lyrics; SDZ,701.0,190.0,135.443715,0.0,1998.0,TRHTOYT128F429FEF4,2.3144937499999987,,
TRPUZPN128F4232193,,,,,,,,,,,,,,,,,TRHTOYT128F429FEF4,,0.5245035346466133,0.5480171904245404
TRRXJSQ128F149054A,,,,,,,,,,,,,,,,,TRHTOYT128F429FEF4,,0.553223933755773,0.5729797706813592
TRWDZIO128F92EF1BB,,,,,,,,,,,,,,,,,TRHTOYT128F429FEF4,,0.6172788263769283,0.6298372370782167
TREBGAA128E078FC52,SOVYGAV12A58A7C3A9,AR24DZB1187FB3C869,Erykah Badu,I Want You,Worldwide Underground,2003.0,653.13914,0.855731901717,0.584841725537,r&b/soul,soul; Neo-Soul; female vocalists; rnb; Erykah Badu,617.0,98.0,153.163312,0.0,3645.0,TRHUIRM128F426BFD5,4.411701562499998,,
TRFUJVJ128F426F2A2,SOONCPO12AF72A1986,AR8W8P31187B9A4063,Lauryn Hill,Interlude 5,MTV Unplugged No. 2.0,2002.0,734.48444,0.697206464376,0.580125198887,r&b/soul,ms hill; the realness; The Truth; true; rnb,1903.0,409.0,215.044182,0.0,5022.0,TRHUIRM128F426BFD5,5.8842,,
TRKLAOB12903C9A1CD,,,,,,,,,,,,,,,,,TRHUIRM128F426BFD5,,0.7753531320234766,0.7820229244846428
TRSFQTA128F426690E,,,,,,,,,,,,,,,,,TRHUIRM128F426BFD5,,0.7445983195078368,0.7510067808107522
TRVXESF128E0787315,,,,,,,,,,,,,,,,,TRHUIRM128F426BFD5,,0.7564148458224573,0.7622138448986552
TRWSYHO128F4282346,SOKHOQG12A8C13EBF2,ARSE5NP1187B9B98AB,Twista,I'm A Winner (Amended Album Version),The Day After,2005.0,260.23138,0.889613554744,0.593808365175,hip hop,rap; Hip-Hop; winner in bed twista,1253.0,166.0,218.622963,0.0,4542.0,TRHUIRM128F426BFD5,5.420465624999997,,
TRDPGXU128F9339C2A,SOELYON12AB01876A3,ARLHO5Z1187FB4C861,Beastie Boys,B-Boy Bouillabaisse: A.W.O.L. (2009 Digital Remaster),Paul's Boutique (20th Anniversary Remastered Edition),0.0,105.56036,0.853124523276,0.591628024008,hip hop,hip hop; leapsandbounds CDCollection,1746.0,505.0,153.652205,0.0,1187.0,TRHVUCJ128F934B68C,1.3856546874999995,,
TRFUJVJ128F426F2A2,SOONCPO12AF72A1986,AR8W8P31187B9A4063,Lauryn Hill,Interlude 5,MTV Unplugged No. 2.0,2002.0,734.48444,0.697206464376,0.580125198887,r&b/soul,ms hill; the realness; The Truth; true; rnb,1903.0,409.0,215.044182,0.0,1318.0,TRHVUCJ128F934B68C,1.5301999999999998,,
TRKVZXR128F429035D,,,,,,,,,,,,,,,,,TRHVUCJ128F934B68C,,0.7703444948542838,0.7769301279624139
TRPYPOE128F4248543,,,,,,,,,,,,,,,,,TRHVUCJ128F934B68C,,0.7484882701172652,0.7545010379247884
TRTVTYS128E0792887,,,,,,,,,,,,,,,,,TRHVUCJ128F934B68C,,0.754516755710215,0.7614979452464139
TRWSYHO128F4282346,SOKHOQG12A8C13EBF2,ARSE5NP1187B9B98AB,Twista,I'm A Winner (Amended Album Version),The Day After,2005.0,260.23138,0.889613554744,0.593808365175,hip hop,rap; Hip-Hop; winner in bed twista,1253.0,166.0,218.622963,0.0,1451.0,TRHVUCJ128F934B68C,1.7370906250000007,,
TRCGKTL128F148C3FA,,,,,,,,,,,,,,,,,TRHWAPL128F428BEEE,,0.801163876123511,0.807750846776038
TRCHZXW128E079288A,SOMEJDK12D0219BB71,ARTH9041187FB43E1F,Eminem,8 Mile,8 Mile,2002.0,359.3922,0.886183647684,0.852677055416,hip hop,rap; Hip-Hop; Eminem; Soundtrack; hip hop,1141.0,328.0,132.992481,0.0,2636.0,TRHWAPL128F428BEEE,3.113554687499995,,
TRDPGXU128F9339C2A,SOELYON12AB01876A3,ARLHO5Z1187FB4C861,Beastie Boys,B-Boy Bouillabaisse: A.W.O.L. (2009 Digital Remaster),Paul's Boutique (20th Anniversary Remastered Edition),0.0,105.56036,0.853124523276,0.591628024008,hip hop,hip hop; leapsandbounds CDCollection,1746.0,505.0,153.652205,0.0,2859.0,TRHWAPL128F428BEEE,3.3333203125000033,,
TREBQOW128F92C4549,,,,,,,,,,,,,,,,,TRHWAPL128F428BEEE,,0.8424436271366379,0.8479692210360039
TRFUJVJ128F426F2A2,SOONCPO12AF72A1986,AR8W8P31187B9A4063,Lauryn Hill,Interlude 5,MTV Unplugged No. 2.0,2002.0,734.48444,0.697206464376,0.580125198887,r&b/soul,ms hill; the realness; The Truth; true; rnb,1903.0,409.0,215.044182,0.0,3021.0,TRHWAPL128F428BEEE,3.488750000000005,,
TRGLGNR128F1487A6F,,,,,,,,,,,,,,,,,TRHWAPL128F428BEEE,,0.8052530656625047,0.811862109141525
TRBEBJO128C719646B,,,,,,,,,,,,,,,,,TRHXTHR128F145E864,6.3818625,,
TRCHZXW128E079288A,SOMEJDK12D0219BB71,ARTH9041187FB43E1F,Eminem,8 Mile,8 Mile,2002.0,359.3922,0.886183647684,0.852677055416,hip hop,rap; Hip-Hop; Eminem; Soundtrack; hip hop,1141.0,328.0,132.992481,0.0,5497.0,TRHXTHR128F145E864,,,
TRDPGXU128F9339C2A,SOELYON12AB01876A3,ARLHO5Z1187FB4C861,Beastie Boys,B-Boy Bouillabaisse: A.W.O.L. (2009 Digital Remaster),Paul's Boutique (20th Anniversary Remastered Edition),0.0,105.56036,0.853124523276,0.591628024008,hip hop,hip hop; leapsandbounds CDCollection,1746.0,505.0,153.652205,0.0,6648.0,TRHXTHR128F145E864,7.586787499999996,0.8251990738049629,0.8376436529288706
TRFUJVJ128F426F2A2,SOONCPO12AF72A1986,AR8W8P31187B9A4063,Lauryn Hill,Interlude 5,MTV Unplugged No. 2.0,2002.0,734.48444,0.697206464376,0.580125198887,r&b/soul,ms hill; the realness; The Truth; true; rnb,1903.0,409.0,215.044182,0.0,7411.0,TRHXTHR128F145E864,8.398950000000003,,
TRKXFLD128F1479BC0,,,,,,,,,,,,,,,,,TRHXTHR128F145E864,,0.8330510814071231,0.8402796190115877
TRTHFTG128F42550BC,,,,,,,,,,,,,,,,,TRHXTHR128F145E864,,0.8174710110294173,0.8305199178109834
TRDPGXU128F9339C2A,SOELYON12AB01876A3,ARLHO5Z1187FB4C861,Beastie Boys,B-Boy Bouillabaisse: A.W.O.L. (2009 Digital Remaster),Paul's Boutique (20th Anniversary Remastered Edition),0.0,105.56036,0.853124523276,0.591628024008,hip hop,hip hop; leapsandbounds CDCollection,1746.0,505.0,153.652205,0.0,1120.0,TRHYGVQ12903D046A9,1.2191968749999995,,
TREFQCV128F92FC88B,,,,,,,,,,,,,,,,,TRHYGVQ12903D046A9,,0.5510577888746008,
TRFBASZ128F42317D3,,,,,,,,,,,,,,,,,TRHYGVQ12903D046A9,,0.586214023452143,0.6035304042203067
TRFUJVJ128F426F2A2,SOONCPO12AF72A1986,AR8W8P31187B9A4063,Lauryn Hill,Interlude 5,MTV Unplugged No. 2.0,2002.0,734.48444,0.697206464376,0.580125198887,r&b/soul,ms hill; the realness; The Truth; true; rnb,1903.0,409.0,215.044182,0.0,1572.0,TRHYGVQ12903D046A9,1.7488000000000006,,
TRGLNKG128F9307689,,,,,,,,,,,,,,,,,TRHYGVQ12903D046A9,1.1964156250000002,,
TRLFKXW128F425B9A2,,,,,,,,,,,,,,,,,TRHYGVQ12903D046A9,,,0.5754381238653518
TRTMJLR128F1463837,,,,,,,,,,,,,,,,,TRHYGVQ12903D046A9,,0.5584673794427311,0.5788828223712844
TRWSYHO128F4282346,SOKHOQG12A8C13EBF2,ARSE5NP1187B9B98AB,Twista,I'm A Winner (Amended Album Version),The Day After,2005.0,260.23138,0.889613554744,0.593808365175,hip hop,rap; Hip-Hop; winner in bed twista,1253.0,166.0,218.622963,0.0,1070.0,TRHYGVQ12903D046A9,,,
TRDPGXU128F9339C2A,SOELYON12AB01876A3,ARLHO5Z1187FB4C861,Beastie Boys,B-Boy Bouillabaisse: A.W.O.L. (2009 Digital Remaster),Paul's Boutique (20th Anniversary Remastered Edition),0.0,105.56036,0.853124523276,0.591628024008,hip hop,hip hop; leapsandbounds CDCollection,1746.0,505.0,153.652205,0.0,3078.0,TRHYIAH128F14825EC,3.5262859375,,
TRFUJVJ128F426F2A2,SOONCPO12AF72A1986,AR8W8P31187B9A4063,Lauryn Hill,Interlude 5,MTV Unplugged No. 2.0,2002.0,734.48444,0.697206464376,0.580125198887,r&b/soul,ms hill; the realness; The Truth; true; rnb,1903.0,409.0,215.044182,0.0,2904.0,TRHYIAH128F14825EC,3.2459000000000002,,
TRHNOMB12903CB2544,SOGFAKF12AF72A5D66,ARPTHEU1187B98BF98,Life Without Buildings,New Town,Live at the Annandale Hotel,2000.0,456.82893,0.575620891362,0.381169500326,rock,indie; alternative; i wish i could write lyrics like this; personal jukebox; in another league,719.0,74.0,140.160622,0.0,2783.0,TRHYIAH128F14825EC,3.3193171875000003,,
TRJBEQI12903CDDCCE,,,,,,,,,,,,,,,,,TRHYIAH128F14825EC,,0.686892899237953,0.6934775721850356
TRNOOMW128F4257F9C,,,,,,,,,,,,,,,,,TRHYIAH128F14825EC,,0.6503141095247845,0.6595237072114135
TRYAVHM12903CF521E,,,,,,,,,,,,,,,,,TRHYIAH128F14825EC,,0.6840839331618472,0.6938732714808346
TRDPGXU128F9339C2A,SOELYON12AB01876A3,ARLHO5Z1187FB4C861,Beastie Boys,B-Boy Bouillabaisse: A.W.O.L. (2009 Digital Remaster),Paul's Boutique (20th Anniversary Remastered Edition),0.0,105.56036,0.853124523276,0.591628024008,hip hop,hip hop; leapsandbounds CDCollection,1746.0,505.0,153.652205,0.0,6899.0,TRHYZQR128F428F5C5,,,
TRFUJVJ128F426F2A2,SOONCPO12AF72A1986,AR8W8P31187B9A4063,Lauryn Hill,Interlude 5,MTV Unplugged No. 2.0,2002.0,734.48444,0.697206464376,0.580125198887,r&b/soul,ms hill; the realness; The Truth; true; rnb,1903.0,409.0,215.044182,0.0,8750.0,TRHYZQR128F428F5C5,9.828899999999999,,
TRHJAUP128F145E735,,,,,,,,,,,,,,,,,TRHYZQR128F428F5C5,,0.6925987322478193,0.7011174828583588
TRIUAZO128C71965EF,,,,,,,,,,,,,,,,,TRHYZQR128F428F5C5,,0.6888713211656352,0.7024266522111294
TRQZHWS128E0787004,,,,,,,,,,,,,,,,,TRHYZQR128F428F5C5,,0.6720073692897193,0.6912566449605438
TRWSYHO128F4282346,SOKHOQG12A8C13EBF2,ARSE5NP1187B9B98AB,Twista,I'm A Winner (Amended Album Version),The Day After,2005.0,260.23138,0.889613554744,0.593808365175,hip hop,rap; Hip-Hop; winner in bed twista,1253.0,166.0,218.622963,0.0,7472.0,TRHYZQR128F428F5C5,8.615493749999999,,
TRZZQIP128F92EFEAD,,,,,,,,,,,,,,,,,TRHYZQR128F428F5C5,7.953221875000002,,
TRDVUEH12903D0FAA9,SOIAVVA12AC468AAAE,AR1ZHZ51187FB37FEC,Violadores del Verso,La ciudad nunca duerme,Vicios y Virtudes,2001.0,339.3824,0.658189532108,0.524275367928,hip hop,Hip-Hop,499.0,168.0,65.543878,0.0,1658.0,TRHZGZO128F9341C4A,,,
TRFASPF128F4277844,,,,,,,,,,,,,,,,,TRHZGZO128F9341C4A,,0.8838088464808743,0.8865650602336969
TRIJHLY12903D0CE4D,SOAEBYL12AC468B119,AR1ZHZ51187FB37FEC,Violadores del Verso,Cantando,Vivir Para Contarlo,2006.0,312.92036,0.658189532108,0.503436953654,hip hop,Hip-Hop; spanish hip-hop; rap; spanish; hip hop,671.0,209.0,83.660026,0.0,2178.0,TRHZGZO128F9341C4A,2.6324015624999983,,
TRPHPAU128F933CF88,,,,,,,,,,,,,,,,,TRHZGZO128F9341C4A,,0.862129521669358,0.8654340962571605
TRTHNFG12903D0CE54,SONCVPT12AC468B123,AR1ZHZ51187FB37FEC,Violadores del Verso,Dale tiempo al rumor,Vivir Para Contarlo,2006.0,370.02404,0.658189532108,0.524275367928,hip hop,spanish; Hip-Hop; subelamusica; spanish rap; Doble V,749.0,199.0,99.95499,0.0,2421.0,TRHZGZO128F9341C4A,2.924057812500001,,
TRTJLTW12903CFF1E9,,,,,,,,,,,,,,,,,TRHZGZO128F9341C4A,2.007554687499998,,
TRZKNKR128F146B508,,,,,,,,,,,,,,,,,TRHZGZO128F9341C4A,,0.8582421817882226,0.86156836677929
TRDJIWI128F426498B,,,,,,,,,,,,,,,,,TRHZOEX128F93588AB,,0.5134151418280415,0.5344556251986885
TRFUJVJ128F426F2A2,SOONCPO12AF72A1986,AR8W8P31187B9A4063,Lauryn Hill,Interlude 5,MTV Unplugged No. 2.0,2002.0,734.48444,0.697206464376,0.580125198887,r&b/soul,ms hill; the realness; The Truth; true; rnb,1903.0,409.0,215.044182,0.0,1254.0,TRHZOEX128F93588AB,1.3513000000000006,,
TRGVQSU128F4260009,,,,,,,,,,,,,,,,,TRHZOEX128F93588AB,,0.5289641868382993,0.54007117964669
TRLINLH128F9346400,SOROKRP12AF729F9B4,ARTDQRC1187FB4EFD4,Black Eyed Peas,One Tribe,THE E.N.D. (THE ENERGY NEVER DIES),2009.0,280.60689,0.84560188664,1.00594196595,hip hop,Hip-Hop; black eyed peas; pop; Tehno-rap; best songs of 2009,724.0,166.0,128.17176,0.0,1110.0,TRHZOEX128F93588AB,1.3034874999999997,,
TRTLIKK128E07862DA,SOKTWCO12A67020DC0,ARM9HR61187B9AD75A,Ja Rule,One of Us,Rule 3:36,2000.0,356.85832,0.77983324054,0.541519545221,hip hop,Ja Rule; Hip-Hop; east coast rap; 2000; rappers,996.0,215.0,158.347719,0.0,1301.0,TRHZOEX128F93588AB,1.4955312500000002,,
TRXCHEC128F42958D4,,,,,,,,,,,,,,,,,TRHZOEX128F93588AB,,0.5072810957841222,0.526420330777086
TRDPGXU128F9339C2A,SOELYON12AB01876A3,ARLHO5Z1187FB4C861,Beastie Boys,B-Boy Bouillabaisse: A.W.O.L. (2009 Digital Remaster),Paul's Boutique (20th Anniversary Remastered Edition),0.0,105.56036,0.853124523276,0.591628024008,hip hop,hip hop; leapsandbounds CDCollection,1746.0,505.0,153.652205,0.0,9690.0,TRIAONH128F9340E62,,,
TREBGAA128E078FC52,,,,,,,,,,,,,,,,,TRIAONH128F9340E62,11.488035937499994,,
TRFBUYK128F4250654,,,,,,,,,,,,,,,,,TRIAONH128F9340E62,,0.6660116624345975,0.6752818566292977
TRFUJVJ128F426F2A2,SOONCPO12AF72A1986,AR8W8P31187B9A4063,Lauryn Hill,Interlude 5,MTV Unplugged No. 2.0,2002.0,734.48444,0.697206464376,0.580125198887,r&b/soul,ms hill; the realness; The Truth; true; rnb,1903.0,409.0,215.044182,0.0,10876.0,TRIAONH128F9340E62,12.497900000000005,,
TRUYSOV12903CED603,,,,,,,,,,,,,,,,,TRIAONH128F9340E62,,0.6318552647829293,0.6420155128969275
TRVCMBD128E0793863,,,,,,,,,,,,,,,,,TRIAONH128F9340E62,,0.6454507986660428,0.6554619300357529
TRWSYHO128F4282346,SOKHOQG12A8C13EBF2,ARSE5NP1187B9B98AB,Twista,I'm A Winner (Amended Album Version),The Day After,2005.0,260.23138,0.889613554744,0.593808365175,hip hop,rap; Hip-Hop; winner in bed twista,1253.0,166.0,218.622963,0.0,10688.0,TRIAONH128F9340E62,12.643009375000005,,
TRABYAR128F931B1A4,,,,,,,,,,,,,,,,,TRIBZVH128F934B68D,,0.6145886713221955,0.6307495590298327
TRDPGXU128F9339C2A,SOELYON12AB01876A3,ARLHO5Z1187FB4C861,Beastie Boys,B-Boy Bouillabaisse: A.W.O.L. (2009 Digital Remaster),Paul's Boutique (20th Anniversary Remastered Edition),0.0,105.56036,0.853124523276,0.591628024008,hip hop,hip hop; leapsandbounds CDCollection,1746.0,505.0,153.652205,0.0,1172.0,TRIBZVH128F934B68D,1.307278125,,
TRFUJVJ128F426F2A2,SOONCPO12AF72A1986,AR8W8P31187B9A4063,Lauryn Hill,Interlude 5,MTV Unplugged No. 2.0,2002.0,734.48444,0.697206464376,0.580125198887,r&b/soul,ms hill; the realness; The Truth; true; rnb,1903.0,409.0,215.044182,0.0,1358.0,TRIBZVH128F934B68D,1.5088999999999997,,
TRGLNKG128F9307689,SOFVLYU12AB017F502,ARTH9041187FB43E1F,Eminem,My Darling,Relapse [Deluxe],2009.0,320.49587,0.871010615313,0.879236744738,hip hop,rap; detroit; Hip-Hop; Horrorcore; MOONH8SUN,1055.0,293.0,140.089257,0.0,1076.0,TRIBZVH128F934B68D,1.2295593749999998,,
TRNQCSM128F930C97C,,,,,,,,,,,,,,,,,TRIBZVH128F934B68D,,0.5890386617071736,
TRTQSPW128F147714F,,,,,,,,,,,,,,,,,TRIBZVH128F934B68D,,0.6282569847458238,0.6429775687565498
TRZLNPM128F42B3BF5,,,,,,,,,,,,,,,,,TRIBZVH128F934B68D,,,0.607793765392342
TRDPGXU128F9339C2A,SOELYON12AB01876A3,ARLHO5Z1187FB4C861,Beastie Boys,B-Boy Bouillabaisse: A.W.O.L. (2009 Digital Remaster),Paul's Boutique (20th Anniversary Remastered Edition),0.0,105.56036,0.853124523276,0.591628024008,hip hop,hip hop; leapsandbounds CDCollection,1746.0,505.0,153.652205,0.0,2799.0,TRICQHX128F93269FC,3.2063875000000017,,
TREZUTJ128F4250CFF,,,,,,,,,,,,,,,,,TRICQHX128F93269FC,,0.6778851728936499,0.6896120792620495
TRFUJVJ128F426F2A2,SOONCPO12AF72A1986,AR8W8P31187B9A4063,Lauryn Hill,Interlude 5,MTV Unplugged No. 2.0,2002.0,734.48444,0.697206464376,0.580125198887,r&b/soul,ms hill; the realness; The Truth; true; rnb,1903.0,409.0,215.044182,0.0,3248.0,TRICQHX128F93269FC,3.7103999999999995,,
TRGLNKG128F9307689,SOFVLYU12AB017F502,ARTH9041187FB43E1F,Eminem,My Darling,Relapse [Deluxe],2009.0,320.49587,0.871010615313,0.879236744738,hip hop,rap; detroit; Hip-Hop; Horrorcore; MOONH8SUN,1055.0,293.0,140.089257,0.0,2409.0,TRICQHX128F93269FC,2.7972625,,
TRNVKOI128E0799173,,,,,,,,,,,,,,,,,TRICQHX128F93269FC,,0.6746302422568426,0.68744313583429
TRUVRBS128F42A34DD,,,,,,,,,,,,,,,,,TRICQHX128F93269FC,,0.6597597266398595,0.6718526262720028
TRCTLQY128F92F1539,,,,,,,,,,,,,,,,,TRICXDK128F92CBC3C,,0.5863305122176747,
TRDPGXU128F9339C2A,SOELYON12AB01876A3,ARLHO5Z1187FB4C861,Beastie Boys,B-Boy Bouillabaisse: A.W.O.L. (2009 Digital Remaster),Paul's Boutique (20th Anniversary Remastered Edition),0.0,105.56036,0.853124523276,0.591628024008,hip hop,hip hop; leapsandbounds CDCollection,1746.0,505.0,153.652205,0.0,4549.0,TRICXDK128F92CBC3C,,,
TREBGAA128E078FC52,,,,,,,,,,,,,,,,,TRICXDK128F92CBC3C,5.177071875000001,,
TRFUJVJ128F426F2A2,SOONCPO12AF72A1986,AR8W8P31187B9A4063,Lauryn Hill,Interlude 5,MTV Unplugged No. 2.0,2002.0,734.48444,0.697206464376,0.580125198887,r&b/soul,ms hill; the realness; The Truth; true; rnb,1903.0,409.0,215.044182,0.0,5411.0,TRICXDK128F92CBC3C,6.04155,,
TRJXBDJ128F4292591,,,,,,,,,,,,,,,,,TRICXDK128F92CBC3C,,0.58743359190588,0.6064074052526383
TRMRIMS128F4261D3A,,,,,,,,,,,,,,,,,TRICXDK128F92CBC3C,,,0.6005705159146837
TRQXHBL128F42A56FE,,,,,,,,,,,,,,,,,TRICXDK128F92CBC3C,,0.5942864319384632,0.6106199209803829
TRWSYHO128F4282346,SOKHOQG12A8C13EBF2,ARSE5NP1187B9B98AB,Twista,I'm A Winner (Amended Album Version),The Day After,2005.0,260.23138,0.889613554744,0.593808365175,hip hop,rap; Hip-Hop; winner in bed twista,1253.0,166.0,218.622963,0.0,5291.0,TRICXDK128F92CBC3C,6.141768750000002,,
TREXDDS128F4277776,,,,,,,,,,,,,,,,,TRIDJMD128E078B984,,0.7268641223324008,0.7373932721322488
TRFUJVJ128F426F2A2,SOONCPO12AF72A1986,AR8W8P31187B9A4063,Lauryn Hill,Interlude 5,MTV Unplugged No. 2.0,2002.0,734.48444,0.697206464376,0.580125198887,r&b/soul,ms hill; the realness; The Truth; true; rnb,1903.0,409.0,215.044182,0.0,4289.0,TRIDJMD128E078B984,5.025449999999999,,
TRHLQOF12903CDF360,,,,,,,,,,,,,,,,,TRIDJMD128E078B984,,0.7790582980879697,0.7865780716762889
TRPJPVB128F930A092,,,,,,,,,,,,,,,,,TRIDJMD128E078B984,,0.7260595305313376,0.7342440698752284
TRQAWKR128F425EEC3,SOFHEBR12CF5F892C7,ARXPPEY1187FB51DF4,Michael Jackson,Man In The Mirror,HIStory - PAST_ PRESENT AND FUTURE - Book I,1987.0,319.29424,0.855245195586,0.899991594263,pop,pop; michael jackson; 80s; soul; king of pop,1543.0,135.0,200.024998,0.0,2837.0,TRIDJMD128E078B984,3.2583562499999994,,
TRWSYHO128F4282346,SOKHOQG12A8C13EBF2,ARSE5NP1187B9B98AB,Twista,I'm A Winner (Amended Album Version),The Day After,2005.0,260.23138,0.889613554744,0.593808365175,hip hop,rap; Hip-Hop; winner in bed twista,1253.0,166.0,218.622963,0.0,2974.0,TRIDJMD128E078B984,3.4980437499999995,,
TRDPGXU128F9339C2A,SOELYON12AB01876A3,ARLHO5Z1187FB4C861,Beastie Boys,B-Boy Bouillabaisse: A.W.O.L. (2009 Digital Remaster),Paul's Boutique (20th Anniversary Remastered Edition),0.0,105.56036,0.853124523276,0.591628024008,hip hop,hip hop; leapsandbounds CDCollection,1746.0,505.0,153.652205,0.0,3980.0,TRIEQWR128E078780D,4.6114703125,,
TRFUJVJ128F426F2A2,SOONCPO12AF72A1986,AR8W8P31187B9A4063,Lauryn Hill,Interlude 5,MTV Unplugged No. 2.0,2002.0,734.48444,0.697206464376,0.580125198887,r&b/soul,ms hill; the realness; The Truth; true; rnb,1903.0,409.0,215.044182,0.0,4545.0,TRIEQWR128E078780D,5.246550000000001,,
TRGVTSO12903CABC19,,,,,,,,,,,,,,,,,TRIEQWR128E078780D,,0.7043813639732531,0.7121688843972471
TRQBRPI12903D0FCFB,,,,,,,,,,,,,,,,,TRIEQWR128E078780D,,0.9949111152533228,0.9950341894694665
TRUBZKT128F9307E53,,,,,,,,,,,,,,,,,TRIEQWR128E078780D,,0.6975033815037803,0.7066703124759901
TRWSYHO128F4282346,SOKHOQG12A8C13EBF2,ARSE5NP1187B9B98AB,Twista,I'm A Winner (Amended Album Version),The Day After,2005.0,260.23138,0.889613554744,0.593808365175,hip hop,rap; Hip-Hop; winner in bed twista,1253.0,166.0,218.622963,0.0,4530.0,TRIEQWR128E078780D,5.378409374999999,,
TRCNKKU12903D0CD48,,,,,,,,,,,,,,,,,TRIGDUK128E0784045,,0.653640415578099,0.6788064827768119
TRDPGXU128F9339C2A,SOELYON12AB01876A3,ARLHO5Z1187FB4C861,Beastie Boys,B-Boy Bouillabaisse: A.W.O.L. (2009 Digital Remaster),Paul's Boutique (20th Anniversary Remastered Edition),0.0,105.56036,0.853124523276,0.591628024008,hip hop,hip hop; leapsandbounds CDCollection,1746.0,505.0,153.652205,0.0,5095.0,TRIGDUK128E0784045,5.680159375000003,,
TRFUJVJ128F426F2A2,SOONCPO12AF72A1986,AR8W8P31187B9A4063,Lauryn Hill,Interlude 5,MTV Unplugged No. 2.0,2002.0,734.48444,0.697206464376,0.580125198887,r&b/soul,ms hill; the realness; The Truth; true; rnb,1903.0,409.0,215.044182,0.0,5629.0,TRIGDUK128E0784045,6.212849999999999,,
TRTHFTG128F42550BC,,,,,,,,,,,,,,,,,TRIGDUK128E0784045,,0.6448174644826905,0.6691453207971828
TRWSYHO128F4282346,SOKHOQG12A8C13EBF2,ARSE5NP1187B9B98AB,Twista,I'm A Winner (Amended Album Version),The Day After,2005.0,260.23138,0.889613554744,0.593808365175,hip hop,rap; Hip-Hop; winner in bed twista,1253.0,166.0,218.622963,0.0,4948.0,TRIGDUK128E0784045,5.6468812500000025,,
TRXRIRD128F930AADB,,,,,,,,,,,,,,,,,TRIGDUK128E0784045,,0.6449039473917959,0.6671982078043007
TRDPGXU128F9339C2A,SOELYON12AB01876A3,ARLHO5Z1187FB4C861,Beastie Boys,B-Boy Bouillabaisse: A.W.O.L. (2009 Digital Remaster),Paul's Boutique (20th Anniversary Remastered Edition),0.0,105.56036,0.853124523276,0.591628024008,hip hop,hip hop; leapsandbounds CDCollection,1746.0,505.0,153.652205,0.0,2047.0,TRIGZIY128F42348C1,2.2490765625000013,,
TRDXVMS128F4263EE0,,,,,,,,,,,,,,,,,TRIGZIY128F42348C1,,0.6515205923173877,0.6634932958895056
TRFLWJZ128F425C9E4,SOZTZRR12A58A80C97,AR82DJK1187B991107,The Pharcyde,Otha Fish,Bizarre Ride II The Pharcyde,1992.0,321.43628,0.756063870843,0.491468881637,hip hop,Hip-Hop; hip hop; oldschool; rap; oldskool,997.0,247.0,147.895233,0.0,2012.0,TRIGZIY128F42348C1,2.3225546875000007,,
TRFUJVJ128F426F2A2,SOONCPO12AF72A1986,AR8W8P31187B9A4063,Lauryn Hill,Interlude 5,MTV Unplugged No. 2.0,2002.0,734.48444,0.697206464376,0.580125198887,r&b/soul,ms hill; the realness; The Truth; true; rnb,1903.0,409.0,215.044182,0.0,2793.0,TRIGZIY128F42348C1,3.120949999999999,,
TRGJJTY12903CF8E82,,,,,,,,,,,,,,,,,TRIGZIY128F42348C1,,0.625685029408375,0.6399773388089581
TRIFNZI128F931CC21,,,,,,,,,,,,,,,,,TRIGZIY128F42348C1,,0.6241501447671621,0.6359558643793364
TRFUJVJ128F426F2A2,SOONCPO12AF72A1986,AR8W8P31187B9A4063,Lauryn Hill,Interlude 5,MTV Unplugged No. 2.0,2002.0,734.48444,0.697206464376,0.580125198887,r&b/soul,ms hill; the realness; The Truth; true; rnb,1903.0,409.0,215.044182,0.0,6600.0,TRIIBVP128E0792750,7.559999999999997,,
TRMFKTA128F92FE268,,,,,,,,,,,,,,,,,TRIIBVP128E0792750,,0.7318214011196531,0.739590795519174
TRMTQUU128F1481F2B,,,,,,,,,,,,,,,,,TRIIBVP128E0792750,,0.6811754535586023,0.6894555971893391
TRQAWKR128F425EEC3,SOFHEBR12CF5F892C7,ARXPPEY1187FB51DF4,Michael Jackson,Man In The Mirror,HIStory - PAST_ PRESENT AND FUTURE - Book I,1987.0,319.29424,0.855245195586,0.899991594263,pop,pop; michael jackson; 80s; soul; king of pop,1543.0,135.0,200.024998,0.0,4367.0,TRIIBVP128E0792750,4.867187499999999,,
TRVRZZI128F426846B,,,,,,,,,,,,,,,,,TRIIBVP128E0792750,,0.7362178876869954,0.7437487791483225
TRWSYHO128F4282346,SOKHOQG12A8C13EBF2,ARSE5NP1187B9B98AB,Twista,I'm A Winner (Amended Album Version),The Day After,2005.0,260.23138,0.889613554744,0.593808365175,hip hop,rap; Hip-Hop; winner in bed twista,1253.0,166.0,218.622963,0.0,6088.0,TRIIBVP128E0792750,7.159062500000002,,
TRCHZXW128E079288A,SOMEJDK12D0219BB71,ARTH9041187FB43E1F,Eminem,8 Mile,8 Mile,2002.0,359.3922,0.886183647684,0.852677055416,hip hop,rap; Hip-Hop; Eminem; Soundtrack; hip hop,1141.0,328.0,132.992481,0.0,2084.0,TRIIWCU128F92F876A,2.3277515625,,
TRDPGXU128F9339C2A,SOELYON12AB01876A3,ARLHO5Z1187FB4C861,Beastie Boys,B-Boy Bouillabaisse: A.W.O.L. (2009 Digital Remaster),Paul's Boutique (20th Anniversary Remastered Edition),0.0,105.56036,0.853124523276,0.591628024008,hip hop,hip hop; leapsandbounds CDCollection,1746.0,505.0,153.652205,0.0,2445.0,TRIIWCU128F92F876A,2.6888734375000016,,
TRFUJVJ128F426F2A2,SOONCPO12AF72A1986,AR8W8P31187B9A4063,Lauryn Hill,Interlude 5,MTV Unplugged No. 2.0,2002.0,734.48444,0.697206464376,0.580125198887,r&b/soul,ms hill; the realness; The Truth; true; rnb,1903.0,409.0,215.044182,0.0,2855.0,TRIIWCU128F92F876A,3.1294500000000034,,
TROIYWE128F146BD93,,,,,,,,,,,,,,,,,TRIIWCU128F92F876A,,0.6375834916155422,0.654051801775045
TRSXLCE128F4296591,,,,,,,,,,,,,,,,,TRIIWCU128F92F876A,,0.5801707693236811,
TRUVVFR128F4248609,,,,,,,,,,,,,,,,,TRIIWCU128F92F876A,,,0.5985801754588809
TRYAPRE128F425EE39,,,,,,,,,,,,,,,,,TRIIWCU128F92F876A,,0.5798884517782916,0.5968432700931395
TRDPGXU128F9339C2A,SOELYON12AB01876A3,ARLHO5Z1187FB4C861,Beastie Boys,B-Boy Bouillabaisse: A.W.O.L. (2009 Digital Remaster),Paul's Boutique (20th Anniversary Remastered Edition),0.0,105.56036,0.853124523276,0.591628024008,hip hop,hip hop; leapsandbounds CDCollection,1746.0,505.0,153.652205,0.0,2246.0,TRIKFKO128F426A6FC,2.5305249999999995,,
TRFUJVJ128F426F2A2,SOONCPO12AF72A1986,AR8W8P31187B9A4063,Lauryn Hill,Interlude 5,MTV Unplugged No. 2.0,2002.0,734.48444,0.697206464376,0.580125198887,r&b/soul,ms hill; the realness; The Truth; true; rnb,1903.0,409.0,215.044182,0.0,3160.0,TRIKFKO128F426A6FC,3.6187999999999994,,
TRFUZAA128F428227C,,,,,,,,,,,,,,,,,TRIKFKO128F426A6FC,,0.5608945283514084,0.5777648532054018
TRQAWKR128F425EEC3,SOFHEBR12CF5F892C7,ARXPPEY1187FB51DF4,Michael Jackson,Man In The Mirror,HIStory - PAST_ PRESENT AND FUTURE - Book I,1987.0,319.29424,0.855245195586,0.899991594263,pop,pop; michael jackson; 80s; soul; king of pop,1543.0,135.0,200.024998,0.0,2051.0,TRIKFKO128F426A6FC,2.2798000000000003,,
TRSAGOE128F4260C77,,,,,,,,,,,,,,,,,TRIKFKO128F426A6FC,,0.5414909375099234,0.557300624962853
TRUQRFW128F145877E,,,,,,,,,,,,,,,,,TRIKFKO128F426A6FC,,0.5510214489163686,0.5595505781204345
TRDPGXU128F9339C2A,SOELYON12AB01876A3,ARLHO5Z1187FB4C861,Beastie Boys,B-Boy Bouillabaisse: A.W.O.L. (2009 Digital Remaster),Paul's Boutique (20th Anniversary Remastered Edition),0.0,105.56036,0.853124523276,0.591628024008,hip hop,hip hop; leapsandbounds CDCollection,1746.0,505.0,153.652205,0.0,10955.0,TRINMBD128F92F6211,,,
TRDQOIQ128E078746B,,,,,,,,,,,,,,,,,TRINMBD128F92F6211,,0.7496244722214015,0.7561976194626711
TREBGAA128E078FC52,,,,,,,,,,,,,,,,,TRINMBD128F92F6211,12.873073437499997,,
TRFLMQX128F9341492,,,,,,,,,,,,,,,,,TRINMBD128F92F6211,,0.725824235449422,0.7335861472286953
TRFUJVJ128F426F2A2,SOONCPO12AF72A1986,AR8W8P31187B9A4063,Lauryn Hill,Interlude 5,MTV Unplugged No. 2.0,2002.0,734.48444,0.697206464376,0.580125198887,r&b/soul,ms hill; the realness; The Truth; true; rnb,1903.0,409.0,215.044182,0.0,13592.0,TRINMBD128F92F6211,15.580099999999998,,
TRPQDHV128E07845CB,,,,,,,,,,,,,,,,,TRINMBD128F92F6211,,0.7124664958601568,0.724341901952453
TRWSYHO128F4282346,SOKHOQG12A8C13EBF2,ARSE5NP1187B9B98AB,Twista,I'm A Winner (Amended Album Version),The Day After,2005.0,260.23138,0.889613554744,0.593808365175,hip hop,rap; Hip-Hop; winner in bed twista,1253.0,166.0,218.622963,0.0,12944.0,TRINMBD128F92F6211,15.258584375,,
TRAVRZW128F932016E,,,,,,,,,,,,,,,,,TRIOKOC128F4267572,,0.8379721205027785,0.8431146149360579
TREBGAA128E078FC52,SOVYGAV12A58A7C3A9,AR24DZB1187FB3C869,Erykah Badu,I Want You,Worldwide Underground,2003.0,653.13914,0.855731901717,0.584841725537,r&b/soul,soul; Neo-Soul; female vocalists; rnb; Erykah Badu,617.0,98.0,153.163312,0.0,4980.0,TRIOKOC128F4267572,6.044948437500002,,
TRFUJVJ128F426F2A2,SOONCPO12AF72A1986,AR8W8P31187B9A4063,Lauryn Hill,Interlude 5,MTV Unplugged No. 2.0,2002.0,734.48444,0.697206464376,0.580125198887,r&b/soul,ms hill; the realness; The Truth; true; rnb,1903.0,409.0,215.044182,0.0,6689.0,TRIOKOC128F4267572,7.871349999999998,,
TRGSDTP128F92F76D1,,,,,,,,,,,,,,,,,TRIOKOC128F4267572,,0.8194665364814014,0.8255527888645763
TRPBTSJ128F42A3168,,,,,,,,,,,,,,,,,TRIOKOC128F4267572,,0.8419100364972357,0.8471485144612962
TRWSYHO128F4282346,SOKHOQG12A8C13EBF2,ARSE5NP1187B9B98AB,Twista,I'm A Winner (Amended Album Version),The Day After,2005.0,260.23138,0.889613554744,0.593808365175,hip hop,rap; Hip-Hop; winner in bed twista,1253.0,166.0,218.622963,0.0,5830.0,TRIOKOC128F4267572,6.967334374999998,,
TRCHZXW128E079288A,SOMEJDK12D0219BB71,ARTH9041187FB43E1F,Eminem,8 Mile,8 Mile,2002.0,359.3922,0.886183647684,0.852677055416,hip hop,rap; Hip-Hop; Eminem; Soundtrack; hip hop,1141.0,328.0,132.992481,0.0,7598.0,TRIOZOZ128F92FA0C2,9.032999999999998,,
TRDPGXU128F9339C2A,SOELYON12AB01876A3,ARLHO5Z1187FB4C861,Beastie Boys,B-Boy Bouillabaisse: A.W.O.L. (2009 Digital Remaster),Paul's Boutique (20th Anniversary Remastered Edition),0.0,105.56036,0.853124523276,0.591628024008,hip hop,hip hop; leapsandbounds CDCollection,1746.0,505.0,153.652205,0.0,7906.0,TRIOZOZ128F92FA0C2,9.267000000000001,,
TRFWLDO128F93613DF,,,,,,,,,,,,,,,,,TRIOZOZ128F92FA0C2,,0.7382286680954125,0.7439489791176387
TRGLGNR128F1487A6F,,,,,,,,,,,,,,,,,TRIOZOZ128F92FA0C2,,0.7562206472032882,0.761836093336518
TRKLJAG128F42B31CF,SOTGRDJ12A8C13FE2A,ARB8DSE1187FB3CFC4,Mario Vazquez,Everytime I...,Mario Vazquez,2006.0,241.71057,0.723005147335,0.395148687525,r&b/soul,mario vazquez; Everytime I; soul; rnb; r&b,511.0,114.0,125.658267,0.0,7414.0,TRIOZOZ128F92FA0C2,9.042500000000004,,
TRRQENX128E078E5E2,,,,,,,,,,,,,,,,,TRIOZOZ128F92FA0C2,,0.7455293784764366,0.7505999415922849
TRBVPVV128F425F14F,SOOHYOB12CF5F87A28,ARF8HTQ1187B9AE693,Daft Punk,Touch It / Technologic,Alive 2007,2007.0,329.45587,0.844450642835,1.01049028868,electronic,electronic; dance; techno; House; Daft Punk,687.0,175.0,153.756301,0.0,1144.0,TRIPJIJ128F1453AE0,1.3719,,
TRDHLAL128F423EE08,,,,,,,,,,,,,,,,,TRIPJIJ128F1453AE0,,0.5859491664024672,0.5985239830039881
TRFUJVJ128F426F2A2,SOONCPO12AF72A1986,AR8W8P31187B9A4063,Lauryn Hill,Interlude 5,MTV Unplugged No. 2.0,2002.0,734.48444,0.697206464376,0.580125198887,r&b/soul,ms hill; the realness; The Truth; true; rnb,1903.0,409.0,215.044182,0.0,1240.0,TRIPJIJ128F1453AE0,1.4027999999999998,,
TRGUCIR128F933D817,SORMTGC12A6D4F6C8B,ARQUN9K1187B9B5BD7,Vanilla Ice,Ice Is Workin' It,To The Extreme,1990.0,275.43465,0.722075127339,0.463037021551,hip hop,rap; hiphop; 90s; cool as ice; leapsandbounds CDCollection,898.0,242.0,166.246804,0.0,1176.0,TRIPJIJ128F1453AE0,1.4003999999999999,,
TRJXNGY128F93319CB,,,,,,,,,,,,,,,,,TRIPJIJ128F1453AE0,,0.5725591622596256,0.5829845869535093
TRWETHX128F421ABA5,,,,,,,,,,,,,,,,,TRIPJIJ128F1453AE0,,0.5791766037625478,0.5920586402617903
TRDPGXU128F9339C2A,SOELYON12AB01876A3,ARLHO5Z1187FB4C861,Beastie Boys,B-Boy Bouillabaisse: A.W.O.L. (2009 Digital Remaster),Paul's Boutique (20th Anniversary Remastered Edition),0.0,105.56036,0.853124523276,0.591628024008,hip hop,hip hop; leapsandbounds CDCollection,1746.0,505.0,153.652205,0.0,3129.0,TRIQKDQ128F146F504,3.572725000000001,,
TREBGAA128E078FC52,SOVYGAV12A58A7C3A9,AR24DZB1187FB3C869,Erykah Badu,I Want You,Worldwide Underground,2003.0,653.13914,0.855731901717,0.584841725537,r&b/soul,soul; Neo-Soul; female vocalists; rnb; Erykah Badu,617.0,98.0,153.163312,0.0,3147.0,TRIQKDQ128F146F504,3.7849750000000006,,
TRFUJVJ128F426F2A2,SOONCPO12AF72A1986,AR8W8P31187B9A4063,Lauryn Hill,Interlude 5,MTV Unplugged No. 2.0,2002.0,734.48444,0.697206464376,0.580125198887,r&b/soul,ms hill; the realness; The Truth; true; rnb,1903.0,409.0,215.044182,0.0,3840.0,TRIQKDQ128F146F504,4.3952,,
TRFVQEA128F4218DD2,,,,,,,,,,,,,,,,,TRIQKDQ128F146F504,,0.7408473371049453,0.7502234885264435
TRHEDYV128F14856FC,,,,,,,,,,,,,,,,,TRIQKDQ128F146F504,,0.7449380765193724,0.7529615521109958
TRMEKRF12903CC80A6,,,,,,,,,,,,,,,,,TRIQKDQ128F146F504,,0.7534982285256866,0.7621562886148283
TRBHYLK128F930160F,SOPAGEY12A8C145D95,ARQCSP31187B9A17ED,Us3,Can U Feel It?,Questions,2004.0,276.40118,0.686350895519,0.474644868283,jazz,jazz; HippHopp,449.0,184.0,68.403216,0.0,617.0,TRITOVK128F92EC9A0,0.7211984375000006,,
TRJCBGS128F14689B3,SOOGJZV12A6D4F7F3D,ARIFGKC1187B9B04D5,Dean Martin,I've Grown Accustomed To Her Face,That's Amore: The Best Of Dean Martin,1960.0,163.02975,0.708436678094,0.623970265514,jazz,easy listening; jazz; lounge; swing; american,267.0,85.0,53.422842,0.0,806.0,TRITOVK128F92EC9A0,0.9775656249999998,0.5072315955167663,0.5147679216268106
TRKKUWM128F92E4E1C,SOHEIBB12AB01827CA,AR4T2NV1187B997CF3,Gemelli Diversi,Istruzioni Per L'(Ill)uso,Istruzioni per l'(ill)uso,2009.0,250.33098,0.641150864963,0.460028873289,hip hop,Hip Hop Italiano; italian; Jeff Mills; 123,413.0,102.0,59.388551,0.0,589.0,TRITOVK128F92EC9A0,0.6977859374999994,,
TROKHCW12903CD0148,,,,,,,,,,,,,,,,,TRITOVK128F92EC9A0,,0.5551393354656254,0.561627704599423
TRYVOZZ128F42738F6,,,,,,,,,,,,,,,,,TRITOVK128F92EC9A0,,0.5115784360217375,0.5183294265427325
TRCHZXW128E079288A,SOMEJDK12D0219BB71,ARTH9041187FB43E1F,Eminem,8 Mile,8 Mile,2002.0,359.3922,0.886183647684,0.852677055416,hip hop,rap; Hip-Hop; Eminem; Soundtrack; hip hop,1141.0,328.0,132.992481,0.0,3802.0,TRIVTJA128F92C1E80,,,
TRDPGXU128F9339C2A,SOELYON12AB01876A3,ARLHO5Z1187FB4C861,Beastie Boys,B-Boy Bouillabaisse: A.W.O.L. (2009 Digital Remaster),Paul's Boutique (20th Anniversary Remastered Edition),0.0,105.56036,0.853124523276,0.591628024008,hip hop,hip hop; leapsandbounds CDCollection,1746.0,505.0,153.652205,0.0,5072.0,TRIVTJA128F92C1E80,5.7725859375,,0.6807915148652416
TREFTIM128F149E6AD,,,,,,,,,,,,,,,,,TRIVTJA128F92C1E80,,0.6666687317476205,
TRFUJVJ128F426F2A2,SOONCPO12AF72A1986,AR8W8P31187B9A4063,Lauryn Hill,Interlude 5,MTV Unplugged No. 2.0,2002.0,734.48444,0.697206464376,0.580125198887,r&b/soul,ms hill; the realness; The Truth; true; rnb,1903.0,409.0,215.044182,0.0,4981.0,TRIVTJA128F92C1E80,5.547749999999996,,
TRLXGCW128F42714E2,,,,,,,,,,,,,,,,,TRIVTJA128F92C1E80,,0.6627895203521772,0.6811183880332392
TRMRNDW128F4292475,,,,,,,,,,,,,,,,,TRIVTJA128F92C1E80,,0.6687672182264242,0.6872381079484433
TRXHFMI128F429B2F2,,,,,,,,,,,,,,,,,TRIVTJA128F92C1E80,4.4724921874999986,,
TRECPVN128F4220E22,,,,,,,,,,,,,,,,,TRJAABI12903CF759F,,0.7536400580169543,0.7617512019044316
TRFUJVJ128F426F2A2,SOONCPO12AF72A1986,AR8W8P31187B9A4063,Lauryn Hill,Interlude 5,MTV Unplugged No. 2.0,2002.0,734.48444,0.697206464376,0.580125198887,r&b/soul,ms hill; the realness; The Truth; true; rnb,1903.0,409.0,215.044182,0.0,5559.0,TRJAABI12903CF759F,6.456550000000001,,
TRGLJRY128F14841E2,,,,,,,,,,,,,,,,,TRJAABI12903CF759F,,0.7550326775457125,0.7607870252913538
TRGLNKG128F9307689,SOFVLYU12AB017F502,ARTH9041187FB43E1F,Eminem,My Darling,Relapse [Deluxe],2009.0,320.49587,0.871010615313,0.879236744738,hip hop,rap; detroit; Hip-Hop; Horrorcore; MOONH8SUN,1055.0,293.0,140.089257,0.0,3888.0,TRJAABI12903CF759F,4.558728125000001,,
TRQYUKJ12903C9A1CE,,,,,,,,,,,,,,,,,TRJAABI12903CF759F,,0.7516731253085116,0.7596541767604351
TRWSYHO128F4282346,SOKHOQG12A8C13EBF2,ARSE5NP1187B9B98AB,Twista,I'm A Winner (Amended Album Version),The Day After,2005.0,260.23138,0.889613554744,0.593808365175,hip hop,rap; Hip-Hop; winner in bed twista,1253.0,166.0,218.622963,0.0,4362.0,TRJAABI12903CF759F,5.13083125,,
TRDEPRW128F1456EB0,,,,,,,,,,,,,,,,,TRJAFPP128F426AB25,,0.6208140134342528,0.6292793229203554
TRFUJVJ128F426F2A2,SOONCPO12AF72A1986,AR8W8P31187B9A4063,Lauryn Hill,Interlude 5,MTV Unplugged No. 2.0,2002.0,734.48444,0.697206464376,0.580125198887,r&b/soul,ms hill; the realness; The Truth; true; rnb,1903.0,409.0,215.044182,0.0,5190.0,TRJAFPP128F426AB25,5.953900000000001,,
TRHNOMB12903CB2544,SOGFAKF12AF72A5D66,ARPTHEU1187B98BF98,Life Without Buildings,New Town,Live at the Annandale Hotel,2000.0,456.82893,0.575620891362,0.381169500326,rock,indie; alternative; i wish i could write lyrics like this; personal jukebox; in another league,719.0,74.0,140.160622,0.0,4318.0,TRJAFPP128F426AB25,5.176012499999998,,
TRMWREY128F427FCAD,,,,,,,,,,,,,,,,,TRJAFPP128F426AB25,,0.6053955509406382,0.6144659106620916
TRWDXEZ128F424A74E,,,,,,,,,,,,,,,,,TRJAFPP128F426AB25,,0.6208140134342528,0.6292793229203554
TRWSYHO128F4282346,SOKHOQG12A8C13EBF2,ARSE5NP1187B9B98AB,Twista,I'm A Winner (Amended Album Version),The Day After,2005.0,260.23138,0.889613554744,0.593808365175,hip hop,rap; Hip-Hop; winner in bed twista,1253.0,166.0,218.622963,0.0,5819.0,TRJAFPP128F426AB25,6.925025,,
TRFUJVJ128F426F2A2,SOONCPO12AF72A1986,AR8W8P31187B9A4063,Lauryn Hill,Interlude 5,MTV Unplugged No. 2.0,2002.0,734.48444,0.697206464376,0.580125198887,r&b/soul,ms hill; the realness; The Truth; true; rnb,1903.0,409.0,215.044182,0.0,2730.0,TRJALGV12903D0447E,3.134200000000001,,
TRKZRCW128F4233621,,,,,,,,,,,,,,,,,TRJALGV12903D0447E,,0.6742289584287267,0.6791598801046382
TRSUMJS12903CA98EE,,,,,,,,,,,,,,,,,TRJALGV12903D0447E,,0.7092907173481277,0.7153791078828564
TRUGLTC128F4227B93,SOUSFNM12A6D4FCDAD,AR4503S1187FB43199,Danity Kane,Hold Me Down (Album Version),Danity Kane,2006.0,237.60934,0.854297752323,0.531302988552,r&b/soul,dance; Hold Me Down; Danity Kane; rnb; party,766.0,149.0,159.499216,0.0,3082.0,TRJALGV12903D0447E,3.7235593749999993,,
TRVLIZK128F428845E,SOGLUJL12A8C138E31,ARUN7IC1187FB3D392,Five,That's What You Told Me,Five,1998.0,222.92853,0.588017305158,0.435444888557,pop,5ive; pop; Favorite; boybands; Remember,593.0,95.0,153.277526,0.0,3028.0,TRJALGV12903D0447E,3.6783687499999984,,
TRXKSAZ12903CAFB8E,,,,,,,,,,,,,,,,,TRJALGV12903D0447E,,0.668657862628047,0.6737487430261436
TRCBKYM128F424378A,,,,,,,,,,,,,,,,,TRJBNZG128EF35A1AA,,0.6156361000329579,0.6214542589736745
TRDOJIR128F42840C0,SODNFOU12A8C138A6E,AR3PN3R1187FB4CEBD,Horace Andy,Horse With No Name,Mek It Bun,2002.0,236.01587,0.626436381752,0.374271173856,reggae,roots reggae; great songs; animals; lala; OC,444.0,106.0,147.702404,0.0,1331.0,TRJBNZG128EF35A1AA,1.6217749999999997,,
TRLCMGN128F92FFA2E,,,,,,,,,,,,,,,,,TRJBNZG128EF35A1AA,,0.6250653123544254,0.6311773477025603
TRTHNFG12903D0CE54,SONCVPT12AC468B123,AR1ZHZ51187FB37FEC,Violadores del Verso,Dale tiempo al rumor,Vivir Para Contarlo,2006.0,370.02404,0.658189532108,0.524275367928,hip hop,spanish; Hip-Hop; subelamusica; spanish rap; Doble V,749.0,199.0,99.95499,0.0,798.0,TRJBNZG128EF35A1AA,0.939670312500001,,
TRVEYKM128F1482F51,,,,,,,,,,,,,,,,,TRJBNZG128EF35A1AA,,0.6296382700753187,0.6368036318282508
TRZZQIP128F92EFEAD,SOUGPPL12AB018555B,ART50HO1187FB4D0ED,Abba,Move On,The Albums,1977.0,282.72281,0.74865929586,0.575691128555,pop,pop; 70s; abba; Disco; swedish,526.0,107.0,161.959872,0.0,1405.0,TRJBNZG128EF35A1AA,1.7095984374999977,,
TRDPGXU128F9339C2A,SOELYON12AB01876A3,ARLHO5Z1187FB4C861,Beastie Boys,B-Boy Bouillabaisse: A.W.O.L. (2009 Digital Remaster),Paul's Boutique (20th Anniversary Remastered Edition),0.0,105.56036,0.853124523276,0.591628024008,hip hop,hip hop; leapsandbounds CDCollection,1746.0,505.0,153.652205,0.0,1506.0,TRJCXHB128F428AC5B,1.6439937500000008,,
TRFUJVJ128F426F2A2,SOONCPO12AF72A1986,AR8W8P31187B9A4063,Lauryn Hill,Interlude 5,MTV Unplugged No. 2.0,2002.0,734.48444,0.697206464376,0.580125198887,r&b/soul,ms hill; the realness; The Truth; true; rnb,1903.0,409.0,215.044182,0.0,1601.0,TRJCXHB128F428AC5B,1.7160499999999999,,
TRGUCIR128F933D817,SORMTGC12A6D4F6C8B,ARQUN9K1187B9B5BD7,Vanilla Ice,Ice Is Workin' It,To The Extreme,1990.0,275.43465,0.722075127339,0.463037021551,hip hop,rap; hiphop; 90s; cool as ice; leapsandbounds CDCollection,898.0,242.0,166.246804,0.0,1458.0,TRJCXHB128F428AC5B,1.6876500000000012,,
TRMSDGX128F428F296,,,,,,,,,,,,,,,,,TRJCXHB128F428AC5B,,0.5887571466125976,0.6168363179918088
TROIYWE128F146BD93,,,,,,,,,,,,,,,,,TRJCXHB128F428AC5B,,0.585789723203449,0.6066969872935191
TRZGDIA128F4294E98,,,,,,,,,,,,,,,,,TRJCXHB128F428AC5B,,0.6402949779064874,0.6641014558792049
TRDXSJQ128F92CEE86,,,,,,,,,,,,,,,,,TRJDXEG128E07820DB,,0.5781496230505547,0.5880806944021267
TREXCMT128F933D825,SOWVWEG12AF72A37C7,ARQUN9K1187B9B5BD7,Vanilla Ice,It's A Party,To The Extreme,1989.0,278.49098,0.722075127339,0.463037021551,hip hop,rap; 80s; Jam; leapsandbounds CDCollection,832.0,201.0,139.942845,0.0,2189.0,TRJDXEG128E07820DB,2.5645906249999992,,
TRFUJVJ128F426F2A2,SOONCPO12AF72A1986,AR8W8P31187B9A4063,Lauryn Hill,Interlude 5,MTV Unplugged No. 2.0,2002.0,734.48444,0.697206464376,0.580125198887,r&b/soul,ms hill; the realness; The Truth; true; rnb,1903.0,409.0,215.044182,0.0,2535.0,TRJDXEG128E07820DB,2.79385,,
TRLTYLK128F92FE6FF,SOWVIEO12AB0182D10,AR03BDP1187FB5B324,Britney Spears,Radar,Radar,2007.0,353.33179,0.947327506635,0.607257279581,pop,pop; dance; Britney Spears; female vocalists; electronic,500.0,96.0,116.61475,0.0,2163.0,TRJDXEG128E07820DB,2.585829687499999,0.5442338990806719,0.554978867028928
TRNZNSR128F429F04B,,,,,,,,,,,,,,,,,TRJDXEG128E07820DB,,0.5363306454262233,0.551834497937665
TRAJLRQ12903D0CD64,,,,,,,,,,,,,,,,,TRJGMSL128F4230A6C,,0.7912797376236371,0.8002431245726551
TRAQOZG128F4263EE2,,,,,,,,,,,,,,,,,TRJGMSL128F4230A6C,,0.7823691771274287,0.7898154388967737
TREBGAA128E078FC52,SOVYGAV12A58A7C3A9,AR24DZB1187FB3C869,Erykah Badu,I Want You,Worldwide Underground,2003.0,653.13914,0.855731901717,0.584841725537,r&b/soul,soul; Neo-Soul; female vocalists; rnb; Erykah Badu,617.0,98.0,153.163312,0.0,11789.0,TRJGMSL128F4230A6C,14.249350000000009,,
TRFUJVJ128F426F2A2,SOONCPO12AF72A1986,AR8W8P31187B9A4063,Lauryn Hill,Interlude 5,MTV Unplugged No. 2.0,2002.0,734.48444,0.697206464376,0.580125198887,r&b/soul,ms hill; the realness; The Truth; true; rnb,1903.0,409.0,215.044182,0.0,15262.0,TRJGMSL128F4230A6C,17.752699999999994,,
TRNHSZN128F930FF03,,,,,,,,,,,,,,,,,TRJGMSL128F4230A6C,,0.7939266769314586,0.8012772171146152
TRWSYHO128F4282346,SOKHOQG12A8C13EBF2,ARSE5NP1187B9B98AB,Twista,I'm A Winner (Amended Album Version),The Day After,2005.0,260.23138,0.889613554744,0.593808365175,hip hop,rap; Hip-Hop; winner in bed twista,1253.0,166.0,218.622963,0.0,14936.0,TRJGMSL128F4230A6C,17.8042,,
TREPEYQ128F9334F30,,,,,,,,,,,,,,,,,TRJHDIB128F92E5849,,0.8460525926496941,0.8502642554113827
TRIJHLY12903D0CE4D,SOAEBYL12AC468B119,AR1ZHZ51187FB37FEC,Violadores del Verso,Cantando,Vivir Para Contarlo,2006.0,312.92036,0.658189532108,0.503436953654,hip hop,Hip-Hop; spanish hip-hop; rap; spanish; hip hop,671.0,209.0,83.660026,0.0,1436.0,TRJHDIB128F92E5849,1.7021078125000004,,
TRRKWPY12903CAAC5D,SOUEYGS12AB0189345,ARFY9RL1187B9AE9AF,Johnny Prez,Te Vuelvo Loca,El Dragon,0.0,230.05995,0.531225462552,0.314265591942,reggae,Reggaeton; Marc Anthony; gatowope; johnny prez; reggaeton Romantica,407.0,103.0,73.525506,0.0,1398.0,TRJHDIB128F92E5849,1.680584375,,
TRTHNFG12903D0CE54,SONCVPT12AC468B123,AR1ZHZ51187FB37FEC,Violadores del Verso,Dale tiempo al rumor,Vivir Para Contarlo,2006.0,370.02404,0.658189532108,0.524275367928,hip hop,spanish; Hip-Hop; subelamusica; spanish rap; Doble V,749.0,199.0,99.95499,0.0,1756.0,TRJHDIB128F92E5849,2.0896390625,,
TRUGDLC128F428EA24,,,,,,,,,,,,,,,,,TRJHDIB128F92E5849,,0.8301555782215206,0.8351481735151566
TRWHWCD128E0788AF3,,,,,,,,,,,,,,,,,TRJHDIB128F92E5849,,0.8281208115115849,0.8320262743702862
TRCOXLL128F427B2C0,,,,,,,,,,,,,,,,,TRJHNLI128F934B2CA,,,0.632672464973576
TRDPGXU128F9339C2A,SOELYON12AB01876A3,ARLHO5Z1187FB4C861,Beastie Boys,B-Boy Bouillabaisse: A.W.O.L. (2009 Digital Remaster),Paul's Boutique (20th Anniversary Remastered Edition),0.0,105.56036,0.853124523276,0.591628024008,hip hop,hip hop; leapsandbounds CDCollection,1746.0,505.0,153.652205,0.0,724.0,TRJHNLI128F934B2CA,,,
TRFLWJZ128F425C9E4,,,,,,,,,,,,,,,,,TRJHNLI128F934B2CA,0.7705156250000001,,
TRFUJVJ128F426F2A2,SOONCPO12AF72A1986,AR8W8P31187B9A4063,Lauryn Hill,Interlude 5,MTV Unplugged No. 2.0,2002.0,734.48444,0.697206464376,0.580125198887,r&b/soul,ms hill; the realness; The Truth; true; rnb,1903.0,409.0,215.044182,0.0,724.0,TRJHNLI128F934B2CA,,,
TRHNOMB12903CB2544,,,,,,,,,,,,,,,,,TRJHNLI128F934B2CA,0.7705343750000003,,
TRJGIKY128F934B6AC,,,,,,,,,,,,,,,,,TRJHNLI128F934B2CA,,0.6144605707405314,
TRTLIKK128E07862DA,SOKTWCO12A67020DC0,ARM9HR61187B9AD75A,Ja Rule,One of Us,Rule 3:36,2000.0,356.85832,0.77983324054,0.541519545221,hip hop,Ja Rule; Hip-Hop; east coast rap; 2000; rappers,996.0,215.0,158.347719,0.0,815.0,TRJHNLI128F934B2CA,0.9102812500000002,,
TRVHRFD12903CB432F,,,,,,,,,,,,,,,,,TRJHNLI128F934B2CA,,0.6524107357156294,0.6617835182605531
TRWYKJO128F9321804,,,,,,,,,,,,,,,,,TRJHNLI128F934B2CA,,0.6553058792971664,0.6720242612554111
TRDPGXU128F9339C2A,SOELYON12AB01876A3,ARLHO5Z1187FB4C861,Beastie Boys,B-Boy Bouillabaisse: A.W.O.L. (2009 Digital Remaster),Paul's Boutique (20th Anniversary Remastered Edition),0.0,105.56036,0.853124523276,0.591628024008,hip hop,hip hop; leapsandbounds CDCollection,1746.0,505.0,153.652205,0.0,4898.0,TRJKYAO128F427420D,5.5435453125,,
TREENNZ128F145B67D,,,,,,,,,,,,,,,,,TRJKYAO128F427420D,,0.7032174376960008,0.7143768184647186
TRFUJVJ128F426F2A2,SOONCPO12AF72A1986,AR8W8P31187B9A4063,Lauryn Hill,Interlude 5,MTV Unplugged No. 2.0,2002.0,734.48444,0.697206464376,0.580125198887,r&b/soul,ms hill; the realness; The Truth; true; rnb,1903.0,409.0,215.044182,0.0,5725.0,TRJKYAO128F427420D,6.463949999999998,,
TRNBBTI128F4287F41,,,,,,,,,,,,,,,,,TRJKYAO128F427420D,,0.6563588954880694,0.670283038538176
TRWSYHO128F4282346,SOKHOQG12A8C13EBF2,ARSE5NP1187B9B98AB,Twista,I'm A Winner (Amended Album Version),The Day After,2005.0,260.23138,0.889613554744,0.593808365175,hip hop,rap; Hip-Hop; winner in bed twista,1253.0,166.0,218.622963,0.0,4695.0,TRJKYAO128F427420D,5.416309375000001,,
TRZFWHP12903D13D18,,,,,,,,,,,,,,,,,TRJKYAO128F427420D,,0.6515009824513546,0.6629547835554959
TRBVPVV128F425F14F,SOOHYOB12CF5F87A28,ARF8HTQ1187B9AE693,Daft Punk,Touch It / Technologic,Alive 2007,2007.0,329.45587,0.844450642835,1.01049028868,electronic,electronic; dance; techno; House; Daft Punk,687.0,175.0,153.756301,0.0,2104.0,TRJNMGP128F92E0427,2.441175000000001,,
TRDPGXU128F9339C2A,SOELYON12AB01876A3,ARLHO5Z1187FB4C861,Beastie Boys,B-Boy Bouillabaisse: A.W.O.L. (2009 Digital Remaster),Paul's Boutique (20th Anniversary Remastered Edition),0.0,105.56036,0.853124523276,0.591628024008,hip hop,hip hop; leapsandbounds CDCollection,1746.0,505.0,153.652205,0.0,2241.0,TRJNMGP128F92E0427,2.4011749999999985,,
TRFUJVJ128F426F2A2,SOONCPO12AF72A1986,AR8W8P31187B9A4063,Lauryn Hill,Interlude 5,MTV Unplugged No. 2.0,2002.0,734.48444,0.697206464376,0.580125198887,r&b/soul,ms hill; the realness; The Truth; true; rnb,1903.0,409.0,215.044182,0.0,3317.0,TRJNMGP128F92E0427,3.667850000000001,,
TRFXREK12903CE855F,,,,,,,,,,,,,,,,,TRJNMGP128F92E0427,,0.6148410342354321,0.6299635498994527
TRJEUFZ128F92F3FAE,,,,,,,,,,,,,,,,,TRJNMGP128F92E0427,,0.6285831885418368,0.6448952609528046
TRMFKTA128F92FE268,,,,,,,,,,,,,,,,,TRJNMGP128F92E0427,,0.6742306252578412,0.689886393722987
TRDPGXU128F9339C2A,SOELYON12AB01876A3,ARLHO5Z1187FB4C861,Beastie Boys,B-Boy Bouillabaisse: A.W.O.L. (2009 Digital Remaster),Paul's Boutique (20th Anniversary Remastered Edition),0.0,105.56036,0.853124523276,0.591628024008,hip hop,hip hop; leapsandbounds CDCollection,1746.0,505.0,153.652205,0.0,2835.0,TRJNTQQ128F426BFD0,3.2013781250000006,,
TRFFJLM128F148BCEF,,,,,,,,,,,,,,,,,TRJNTQQ128F426BFD0,,0.6414116964125767,0.660941877842382
TRFUJLG128F4255312,,,,,,,,,,,,,,,,,TRJNTQQ128F426BFD0,,0.6479928948893575,0.6639332944888543
TRFUJVJ128F426F2A2,SOONCPO12AF72A1986,AR8W8P31187B9A4063,Lauryn Hill,Interlude 5,MTV Unplugged No. 2.0,2002.0,734.48444,0.697206464376,0.580125198887,r&b/soul,ms hill; the realness; The Truth; true; rnb,1903.0,409.0,215.044182,0.0,3109.0,TRJNTQQ128F426BFD0,3.4768499999999993,,
TRODGUE128F429E5E0,,,,,,,,,,,,,,,,,TRJNTQQ128F426BFD0,,0.6528919046537499,0.6728972979458699
TRWSYHO128F4282346,SOKHOQG12A8C13EBF2,ARSE5NP1187B9B98AB,Twista,I'm A Winner (Amended Album Version),The Day After,2005.0,260.23138,0.889613554744,0.593808365175,hip hop,rap; Hip-Hop; winner in bed twista,1253.0,166.0,218.622963,0.0,2564.0,TRJNTQQ128F426BFD0,2.9374437500000017,,
TREBGAA128E078FC52,SOVYGAV12A58A7C3A9,AR24DZB1187FB3C869,Erykah Badu,I Want You,Worldwide Underground,2003.0,653.13914,0.855731901717,0.584841725537,r&b/soul,soul; Neo-Soul; female vocalists; rnb; Erykah Badu,617.0,98.0,153.163312,0.0,3182.0,TRJQRAP128F9314B3F,3.7957578124999998,,
TRFUJVJ128F426F2A2,SOONCPO12AF72A1986,AR8W8P31187B9A4063,Lauryn Hill,Interlude 5,MTV Unplugged No. 2.0,2002.0,734.48444,0.697206464376,0.580125198887,r&b/soul,ms hill; the realness; The Truth; true; rnb,1903.0,409.0,215.044182,0.0,4058.0,TRJQRAP128F9314B3F,4.577999999999999,,
TRPZAPZ128F9341D3E,,,,,,,,,,,,,,,,,TRJQRAP128F9314B3F,3.0388046874999977,,
TRQBWDI128F429A40E,,,,,,,,,,,,,,,,,TRJQRAP128F9314B3F,,0.5016856803172786,0.515954481420897
TRTBBGQ128E078FE63,,,,,,,,,,,,,,,,,TRJQRAP128F9314B3F,,0.5440054369177464,0.5576360185477601
TRWJNEC128E079654F,,,,,,,,,,,,,,,,,TRJQRAP128F9314B3F,,0.49571303337761174,
TRWSYHO128F4282346,SOKHOQG12A8C13EBF2,ARSE5NP1187B9B98AB,Twista,I'm A Winner (Amended Album Version),The Day After,2005.0,260.23138,0.889613554744,0.593808365175,hip hop,rap; Hip-Hop; winner in bed twista,1253.0,166.0,218.622963,0.0,2569.0,TRJQRAP128F9314B3F,,,
TRXZCOC128F42ADC97,,,,,,,,,,,,,,,,,TRJQRAP128F9314B3F,,,0.5087351263108321
TRBWQRG128F4269064,,,,,,,,,,,,,,,,,TRJQRJO12903D00E65,,,0.6605067018466592
TRDPGXU128F9339C2A,SOELYON12AB01876A3,ARLHO5Z1187FB4C861,Beastie Boys,B-Boy Bouillabaisse: A.W.O.L. (2009 Digital Remaster),Paul's Boutique (20th Anniversary Remastered Edition),0.0,105.56036,0.853124523276,0.591628024008,hip hop,hip hop; leapsandbounds CDCollection,1746.0,505.0,153.652205,0.0,2908.0,TRJQRJO12903D00E65,,,
TREBGAA128E078FC52,,,,,,,,,,,,,,,,,TRJQRJO12903D00E65,3.2875921875,,
TRFQTEX128E078E92D,,,,,,,,,,,,,,,,,TRJQRJO12903D00E65,,0.6445602731581964,
TRFUJVJ128F426F2A2,SOONCPO12AF72A1986,AR8W8P31187B9A4063,Lauryn Hill,Interlude 5,MTV Unplugged No. 2.0,2002.0,734.48444,0.697206464376,0.580125198887,r&b/soul,ms hill; the realness; The Truth; true; rnb,1903.0,409.0,215.044182,0.0,3802.0,TRJQRJO12903D00E65,4.290199999999998,,
TRIXAYK128F427F151,,,,,,,,,,,,,,,,,TRJQRJO12903D00E65,,0.6457813381068992,0.6610325849404158
TRTZDKK128F1476562,,,,,,,,,,,,,,,,,TRJQRJO12903D00E65,,0.7117138060483748,0.72150479919644
TRWSYHO128F4282346,SOKHOQG12A8C13EBF2,ARSE5NP1187B9B98AB,Twista,I'm A Winner (Amended Album Version),The Day After,2005.0,260.23138,0.889613554744,0.593808365175,hip hop,rap; Hip-Hop; winner in bed twista,1253.0,166.0,218.622963,0.0,3555.0,TRJQRJO12903D00E65,4.141621875000001,,
TRDPGXU128F9339C2A,SOELYON12AB01876A3,ARLHO5Z1187FB4C861,Beastie Boys,B-Boy Bouillabaisse: A.W.O.L. (2009 Digital Remaster),Paul's Boutique (20th Anniversary Remastered Edition),0.0,105.56036,0.853124523276,0.591628024008,hip hop,hip hop; leapsandbounds CDCollection,1746.0,505.0,153.652205,0.0,4194.0,TRJRIBM128E0788E18,4.842425,,
TRFUJVJ128F426F2A2,SOONCPO12AF72A1986,AR8W8P31187B9A4063,Lauryn Hill,Interlude 5,MTV Unplugged No. 2.0,2002.0,734.48444,0.697206464376,0.580125198887,r&b/soul,ms hill; the realness; The Truth; true; rnb,1903.0,409.0,215.044182,0.0,5496.0,TRJRIBM128E0788E18,6.3916,,
TRGLNKG128F9307689,,,,,,,,,,,,,,,,,TRJRIBM128E0788E18,,0.7670884585037304,0.7773461322803495
TROXHLM128F4266510,,,,,,,,,,,,,,,,,TRJRIBM128E0788E18,,0.7951978809961513,0.8039964189580877
TRWSYHO128F4282346,SOKHOQG12A8C13EBF2,ARSE5NP1187B9B98AB,Twista,I'm A Winner (Amended Album Version),The Day After,2005.0,260.23138,0.889613554744,0.593808365175,hip hop,rap; Hip-Hop; winner in bed twista,1253.0,166.0,218.622963,0.0,4564.0,TRJRIBM128E0788E18,5.392350000000001,,
TRZCHKB128F92CB740,,,,,,,,,,,,,,,,,TRJRIBM128E0788E18,,0.7723695528503026,0.7826352889810418
TREPYPE128F92EB38C,,,,,,,,,,,,,,,,,TRJSTLV128F4241832,,0.7096432856876033,0.7146649400837465
TRPUUSG128E07953B7,SOEWKHO12AB017D40B,ARTYXQC1187B9ACAB2,Shaggy,Luv Me Up,Clothes Drop,2005.0,211.19955,0.772292647418,0.542175165589,reggae,dancehall; dancehall reggae; i feel good; Shaggy-Luv Me Up,761.0,145.0,117.226277,0.0,663.0,TRJSTLV128F4241832,0.7763874999999999,,
TRRVXQX128F429A0C4,SOECCGV12A8C13C130,ARI5PL11187FB35F7A,Fabrizio De Andrè,Sinan Capudan Pascià,1991 Concerti,0.0,324.46649,0.612914470451,0.408716004941,folk,folk; singer-songwriter; italian; blue; intelligent,351.0,80.0,56.480085,0.0,500.0,TRJSTLV128F4241832,0.6047187499999979,,
TRUMJMF128F4276BEE,,,,,,,,,,,,,,,,,TRJSTLV128F4241832,,0.671189096562742,0.6764594891773381
TRWYIWJ128F42BC158,,,,,,,,,,,,,,,,,TRJSTLV128F4241832,,0.6900844975768076,0.6953392321425388
TRYECON128F423ABA0,SOSNVMI12A8AE49B36,AR21HZA1187FB572FB,Jowell & Randy,Te Ando Buscando,Los Mas Sueltos Del Reggaeton,2007.0,204.72118,0.6092636061,0.499129531748,reggae,spanish; Reggaeton; Jowell y Randy,360.0,84.0,53.16954,0.0,478.0,TRJSTLV128F4241832,0.5738078124999991,,
TRAVRDM128F42956AF,,,,,,,,,,,,,,,,,TRJTTMZ128F930924B,,0.8055180964465312,0.8130500883644655
TRDPGXU128F9339C2A,SOELYON12AB01876A3,ARLHO5Z1187FB4C861,Beastie Boys,B-Boy Bouillabaisse: A.W.O.L. (2009 Digital Remaster),Paul's Boutique (20th Anniversary Remastered Edition),0.0,105.56036,0.853124523276,0.591628024008,hip hop,hip hop; leapsandbounds CDCollection,1746.0,505.0,153.652205,0.0,9832.0,TRJTTMZ128F930924B,,,
TREBGAA128E078FC52,,,,,,,,,,,,,,,,,TRJTTMZ128F930924B,11.839474999999998,,
TRFUJVJ128F426F2A2,SOONCPO12AF72A1986,AR8W8P31187B9A4063,Lauryn Hill,Interlude 5,MTV Unplugged No. 2.0,2002.0,734.48444,0.697206464376,0.580125198887,r&b/soul,ms hill; the realness; The Truth; true; rnb,1903.0,409.0,215.044182,0.0,12190.0,TRJTTMZ128F930924B,14.096700000000004,,
TRWSYHO128F4282346,SOKHOQG12A8C13EBF2,ARSE5NP1187B9B98AB,Twista,I'm A Winner (Amended Album Version),The Day After,2005.0,260.23138,0.889613554744,0.593808365175,hip hop,rap; Hip-Hop; winner in bed twista,1253.0,166.0,218.622963,0.0,11738.0,TRJTTMZ128F930924B,13.926949999999998,,
TRYYRLU12903D082FF,,,,,,,,,,,,,,,,,TRJTTMZ128F930924B,,0.7964666431859958,0.8047746727559942
TRZCHKB128F92CB740,,,,,,,,,,,,,,,,,TRJTTMZ128F930924B,,0.8321898356721629,0.8388693588307584
TRAVJGH128F14ADDB7,,,,,,,,,,,,,,,,,TRJWAJC128F9327C4F,,0.6397699791344662,0.6534939234987447
TRDPGXU128F9339C2A,SOELYON12AB01876A3,ARLHO5Z1187FB4C861,Beastie Boys,B-Boy Bouillabaisse: A.W.O.L. (2009 Digital Remaster),Paul's Boutique (20th Anniversary Remastered Edition),0.0,105.56036,0.853124523276,0.591628024008,hip hop,hip hop; leapsandbounds CDCollection,1746.0,505.0,153.652205,0.0,4567.0,TRJWAJC128F9327C4F,5.2221203124999995,,
TREBGAA128E078FC52,SOVYGAV12A58A7C3A9,AR24DZB1187FB3C869,Erykah Badu,I Want You,Worldwide Underground,2003.0,653.13914,0.855731901717,0.584841725537,r&b/soul,soul; Neo-Soul; female vocalists; rnb; Erykah Badu,617.0,98.0,153.163312,0.0,4088.0,TRJWAJC128F9327C4F,4.896135937500007,,
TRFUJVJ128F426F2A2,SOONCPO12AF72A1986,AR8W8P31187B9A4063,Lauryn Hill,Interlude 5,MTV Unplugged No. 2.0,2002.0,734.48444,0.697206464376,0.580125198887,r&b/soul,ms hill; the realness; The Truth; true; rnb,1903.0,409.0,215.044182,0.0,5557.0,TRJWAJC128F9327C4F,6.364349999999997,,
TRKSSMT128E07948E7,,,,,,,,,,,,,,,,,TRJWAJC128F9327C4F,,0.6306836382560358,0.6430239888722205
TRUNGLI128F425AD28,,,,,,,,,,,,,,,,,TRJWAJC128F9327C4F,,0.6579208891618369,0.667718031491555
TRCGFAS128F9315CEE,,,,,,,,,,,,,,,,,TRJXNZL128F92E54EE,,0.8279530909899577,0.8315872982003084
TREPEYQ128F9334F30,,,,,,,,,,,,,,,,,TRJXNZL128F92E54EE,,0.8220633955761174,0.8260536790580612
TRIJHLY12903D0CE4D,SOAEBYL12AC468B119,AR1ZHZ51187FB37FEC,Violadores del Verso,Cantando,Vivir Para Contarlo,2006.0,312.92036,0.658189532108,0.503436953654,hip hop,Hip-Hop; spanish hip-hop; rap; spanish; hip hop,671.0,209.0,83.660026,0.0,1951.0,TRJXNZL128F92E54EE,2.3367781250000004,,
TRTHNFG12903D0CE54,SONCVPT12AC468B123,AR1ZHZ51187FB37FEC,Violadores del Verso,Dale tiempo al rumor,Vivir Para Contarlo,2006.0,370.02404,0.658189532108,0.524275367928,hip hop,spanish; Hip-Hop; subelamusica; spanish rap; Doble V,749.0,199.0,99.95499,0.0,2547.0,TRJXNZL128F92E54EE,3.068090625000002,,
TRTJLTW12903CFF1E9,SOJLHYI12AC46857C4,ARFJD5L1187B9A30BA,Los Van Van,El Negro Está Cocinando,Live At Miami Arena,1999.0,609.25342,0.604414492162,0.400517950689,latin,cuba; salsa; latin; cubano; latinas,407.0,81.0,86.792857,0.0,2002.0,TRJXNZL128F92E54EE,2.4374843749999995,,
TRTUZCM128F92F0530,,,,,,,,,,,,,,,,,TRJXNZL128F92E54EE,,0.8118627566400813,0.8160223564817328
TREOUWD128F14903BB,,,,,,,,,,,,,,,,,TRJYSJS128EF356B75,,0.8338938474189721,0.8377308272040479
TRFUJVJ128F426F2A2,SOONCPO12AF72A1986,AR8W8P31187B9A4063,Lauryn Hill,Interlude 5,MTV Unplugged No. 2.0,2002.0,734.48444,0.697206464376,0.580125198887,r&b/soul,ms hill; the realness; The Truth; true; rnb,1903.0,409.0,215.044182,0.0,9791.0,TRJYSJS128EF356B75,11.461349999999998,,
TRRBFPC12903CDF853,,,,,,,,,,,,,,,,,TRJYSJS128EF356B75,,0.7416617882204972,0.748672022688164
TRVLIZK128F428845E,SOGLUJL12A8C138E31,ARUN7IC1187FB3D392,Five,That's What You Told Me,Five,1998.0,222.92853,0.588017305158,0.435444888557,pop,5ive; pop; Favorite; boybands; Remember,593.0,95.0,153.277526,0.0,7795.0,TRJYSJS128EF356B75,9.445887500000001,,
TRVWFVQ128F9316F97,,,,,,,,,,,,,,,,,TRJYSJS128EF356B75,,0.7410632597529292,0.7489598668381433
TRWSYHO128F4282346,SOKHOQG12A8C13EBF2,ARSE5NP1187B9B98AB,Twista,I'm A Winner (Amended Album Version),The Day After,2005.0,260.23138,0.889613554744,0.593808365175,hip hop,rap; Hip-Hop; winner in bed twista,1253.0,166.0,218.622963,0.0,8922.0,TRJYSJS128EF356B75,10.64444375,,
TRFUJVJ128F426F2A2,SOONCPO12AF72A1986,AR8W8P31187B9A4063,Lauryn Hill,Interlude 5,MTV Unplugged No. 2.0,2002.0,734.48444,0.697206464376,0.580125198887,r&b/soul,ms hill; the realness; The Truth; true; rnb,1903.0,409.0,215.044182,0.0,4436.0,TRJZYIT128F426D5BE,5.1402,,
TRHMLCK128F93085F2,,,,,,,,,,,,,,,,,TRJZYIT128F426D5BE,,0.7833967498079522,0.7889231788967777
TRQAWKR128F425EEC3,SOFHEBR12CF5F892C7,ARXPPEY1187FB51DF4,Michael Jackson,Man In The Mirror,HIStory - PAST_ PRESENT AND FUTURE - Book I,1987.0,319.29424,0.855245195586,0.899991594263,pop,pop; michael jackson; 80s; soul; king of pop,1543.0,135.0,200.024998,0.0,3240.0,TRJZYIT128F426D5BE,3.702950000000001,,
TRSTDLM128EF3431B6,,,,,,,,,,,,,,,,,TRJZYIT128F426D5BE,,0.7690250460497672,0.7767673301754846
TRWSYHO128F4282346,SOKHOQG12A8C13EBF2,ARSE5NP1187B9B98AB,Twista,I'm A Winner (Amended Album Version),The Day After,2005.0,260.23138,0.889613554744,0.593808365175,hip hop,rap; Hip-Hop; winner in bed twista,1253.0,166.0,218.622963,0.0,3564.0,TRJZYIT128F426D5BE,4.19045,,
TRZBPGN128F92EDF7E,,,,,,,,,,,,,,,,,TRJZYIT128F426D5BE,,0.7671443386897444,0.7770988005949183
TREBGAA128E078FC52,SOVYGAV12A58A7C3A9,AR24DZB1187FB3C869,Erykah Badu,I Want You,Worldwide Underground,2003.0,653.13914,0.855731901717,0.584841725537,r&b/soul,soul; Neo-Soul; female vocalists; rnb; Erykah Badu,617.0,98.0,153.163312,0.0,5628.0,TRJZZCN128E07938C5,6.802539062499992,,
TRFBASZ128F42317D3,,,,,,,,,,,,,,,,,TRJZZCN128E07938C5,,0.6730086350221878,0.6826999556404979
TRFQTEX128E078E92D,,,,,,,,,,,,,,,,,TRJZZCN128E07938C5,,,0.6781740625850733
TRFUJVJ128F426F2A2,SOONCPO12AF72A1986,AR8W8P31187B9A4063,Lauryn Hill,Interlude 5,MTV Unplugged No. 2.0,2002.0,734.48444,0.697206464376,0.580125198887,r&b/soul,ms hill; the realness; The Truth; true; rnb,1903.0,409.0,215.044182,0.0,7001.0,TRJZZCN128E07938C5,8.118749999999999,,
TRPYPOE128F4248543,,,,,,,,,,,,,,,,,TRJZZCN128E07938C5,,0.6698055118746653,
TRVLDOB128F4279768,,,,,,,,,,,,,,,,,TRJZZCN128E07938C5,,0.68439788699927,0.6934422098783025
TRWSYHO128F4282346,SOKHOQG12A8C13EBF2,ARSE5NP1187B9B98AB,Twista,I'm A Winner (Amended Album Version),The Day After,2005.0,260.23138,0.889613554744,0.593808365175,hip hop,rap; Hip-Hop; winner in bed twista,1253.0,166.0,218.622963,0.0,6435.0,TRJZZCN128E07938C5,7.630390625000009,,
TRFLWJZ128F425C9E4,SOZTZRR12A58A80C97,AR82DJK1187B991107,The Pharcyde,Otha Fish,Bizarre Ride II The Pharcyde,1992.0,321.43628,0.756063870843,0.491468881637,hip hop,Hip-Hop; hip hop; oldschool; rap; oldskool,997.0,247.0,147.895233,0.0,1354.0,TRKBPHV128F92E3B2D,1.5777500000000004,,
TRFUJVJ128F426F2A2,SOONCPO12AF72A1986,AR8W8P31187B9A4063,Lauryn Hill,Interlude 5,MTV Unplugged No. 2.0,2002.0,734.48444,0.697206464376,0.580125198887,r&b/soul,ms hill; the realness; The Truth; true; rnb,1903.0,409.0,215.044182,0.0,1899.0,TRKBPHV128F92E3B2D,2.15295,,
TRIDJMD128E078B984,,,,,,,,,,,,,,,,,TRKBPHV128F92E3B2D,,0.5631505296369703,
TRMKGXJ128F423A067,,,,,,,,,,,,,,,,,TRKBPHV128F92E3B2D,,,0.5797494446083384
TRPNVGR128F1460F31,,,,,,,,,,,,,,,,,TRKBPHV128F92E3B2D,,0.5819247502710349,0.6016092411518471
TRQAWKR128F425EEC3,SOFHEBR12CF5F892C7,ARXPPEY1187FB51DF4,Michael Jackson,Man In The Mirror,HIStory - PAST_ PRESENT AND FUTURE - Book I,1987.0,319.29424,0.855245195586,0.899991594263,pop,pop; michael jackson; 80s; soul; king of pop,1543.0,135.0,200.024998,0.0,1525.0,TRKBPHV128F92E3B2D,1.71695,,
TRQLVEF128F426370C,,,,,,,,,,,,,,,,,TRKBPHV128F92E3B2D,,0.5657645593341251,0.5822395834631303
TRCUNXN128F1486E23,,,,,,,,,,,,,,,,,TRKGGHK128F42999EF,,0.6886460772426852,0.6963056758277201
TRDPGXU128F9339C2A,SOELYON12AB01876A3,ARLHO5Z1187FB4C861,Beastie Boys,B-Boy Bouillabaisse: A.W.O.L. (2009 Digital Remaster),Paul's Boutique (20th Anniversary Remastered Edition),0.0,105.56036,0.853124523276,0.591628024008,hip hop,hip hop; leapsandbounds CDCollection,1746.0,505.0,153.652205,0.0,4639.0,TRKGGHK128F42999EF,5.346742187500004,,
TRFUJVJ128F426F2A2,SOONCPO12AF72A1986,AR8W8P31187B9A4063,Lauryn Hill,Interlude 5,MTV Unplugged No. 2.0,2002.0,734.48444,0.697206464376,0.580125198887,r&b/soul,ms hill; the realness; The Truth; true; rnb,1903.0,409.0,215.044182,0.0,4724.0,TRKGGHK128F42999EF,5.3645,,
TRGXGMH128F92F5B48,,,,,,,,,,,,,,,,,TRKGGHK128F42999EF,,0.7173502005370296,0.7289598635638569
TRNVKOI128E0799173,,,,,,,,,,,,,,,,,TRKGGHK128F42999EF,,0.6872634522727082,0.7003520632880552
TRWSYHO128F4282346,SOKHOQG12A8C13EBF2,ARSE5NP1187B9B98AB,Twista,I'm A Winner (Amended Album Version),The Day After,2005.0,260.23138,0.889613554744,0.593808365175,hip hop,rap; Hip-Hop; winner in bed twista,1253.0,166.0,218.622963,0.0,3963.0,TRKGGHK128F42999EF,4.600515625,,
TRDPGXU128F9339C2A,SOELYON12AB01876A3,ARLHO5Z1187FB4C861,Beastie Boys,B-Boy Bouillabaisse: A.W.O.L. (2009 Digital Remaster),Paul's Boutique (20th Anniversary Remastered Edition),0.0,105.56036,0.853124523276,0.591628024008,hip hop,hip hop; leapsandbounds CDCollection,1746.0,505.0,153.652205,0.0,9562.0,TRKHTKI128F92EA339,10.7465046875,,
TREKDDG128F4298103,,,,,,,,,,,,,,,,,TRKHTKI128F92EA339,,0.7462697315610166,0.7647720683248902
TRFUJVJ128F426F2A2,SOONCPO12AF72A1986,AR8W8P31187B9A4063,Lauryn Hill,Interlude 5,MTV Unplugged No. 2.0,2002.0,734.48444,0.697206464376,0.580125198887,r&b/soul,ms hill; the realness; The Truth; true; rnb,1903.0,409.0,215.044182,0.0,12297.0,TRKHTKI128F92EA339,13.92915,,
TRKAIPI128C719636E,,,,,,,,,,,,,,,,,TRKHTKI128F92EA339,,0.7626606216695366,0.7743506735143175
TRWSYHO128F4282346,SOKHOQG12A8C13EBF2,ARSE5NP1187B9B98AB,Twista,I'm A Winner (Amended Album Version),The Day After,2005.0,260.23138,0.889613554744,0.593808365175,hip hop,rap; Hip-Hop; winner in bed twista,1253.0,166.0,218.622963,0.0,8267.0,TRKHTKI128F92EA339,9.391290624999998,,
TRYAVHM12903CF521E,,,,,,,,,,,,,,,,,TRKHTKI128F92EA339,,0.7442695498665839,0.7573573764806034
TRABMIY128F426EA8F,,,,,,,,,,,,,,,,,TRKHYKB128E0789D42,,0.7476250590722794,0.754821056135441
TRDPGXU128F9339C2A,SOELYON12AB01876A3,ARLHO5Z1187FB4C861,Beastie Boys,B-Boy Bouillabaisse: A.W.O.L. (2009 Digital Remaster),Paul's Boutique (20th Anniversary Remastered Edition),0.0,105.56036,0.853124523276,0.591628024008,hip hop,hip hop; leapsandbounds CDCollection,1746.0,505.0,153.652205,0.0,3941.0,TRKHYKB128E0789D42,4.528098437500002,,
TRFUJVJ128F426F2A2,SOONCPO12AF72A1986,AR8W8P31187B9A4063,Lauryn Hill,Interlude 5,MTV Unplugged No. 2.0,2002.0,734.48444,0.697206464376,0.580125198887,r&b/soul,ms hill; the realness; The Truth; true; rnb,1903.0,409.0,215.044182,0.0,4973.0,TRKHYKB128E0789D42,5.74015,,
TRPFDHQ128F42B97F9,,,,,,,,,,,,,,,,,TRKHYKB128E0789D42,,0.7633050817286161,0.77258069039817
TRTMJLR128F1463837,,,,,,,,,,,,,,,,,TRKHYKB128E0789D42,,0.768788579069579,0.7784636791500714
TRWSYHO128F4282346,SOKHOQG12A8C13EBF2,ARSE5NP1187B9B98AB,Twista,I'm A Winner (Amended Album Version),The Day After,2005.0,260.23138,0.889613554744,0.593808365175,hip hop,rap; Hip-Hop; winner in bed twista,1253.0,166.0,218.622963,0.0,3977.0,TRKHYKB128E0789D42,4.660103125000001,,
TRDPGXU128F9339C2A,SOELYON12AB01876A3,ARLHO5Z1187FB4C861,Beastie Boys,B-Boy Bouillabaisse: A.W.O.L. (2009 Digital Remaster),Paul's Boutique (20th Anniversary Remastered Edition),0.0,105.56036,0.853124523276,0.591628024008,hip hop,hip hop; leapsandbounds CDCollection,1746.0,505.0,153.652205,0.0,2489.0,TRKJKJV128F425E247,2.7938828125,,
TRFUJVJ128F426F2A2,SOONCPO12AF72A1986,AR8W8P31187B9A4063,Lauryn Hill,Interlude 5,MTV Unplugged No. 2.0,2002.0,734.48444,0.697206464376,0.580125198887,r&b/soul,ms hill; the realness; The Truth; true; rnb,1903.0,409.0,215.044182,0.0,3223.0,TRKJKJV128F425E247,3.6492500000000003,,
TRIYBPL128F9324F11,,,,,,,,,,,,,,,,,TRKJKJV128F425E247,,0.6109997611788902,0.62155020755253
TRJXBDJ128F4292591,,,,,,,,,,,,,,,,,TRKJKJV128F425E247,,0.5896395115083058,0.6061603034467242
TRVVIWJ128F42697BA,,,,,,,,,,,,,,,,,TRKJKJV128F425E247,,0.6256009629784006,0.6414659499487988
TRWSYHO128F4282346,SOKHOQG12A8C13EBF2,ARSE5NP1187B9B98AB,Twista,I'm A Winner (Amended Album Version),The Day After,2005.0,260.23138,0.889613554744,0.593808365175,hip hop,rap; Hip-Hop; winner in bed twista,1253.0,166.0,218.622963,0.0,3098.0,TRKJKJV128F425E247,3.624484374999999,,
TRCNQIU128F1469E36,,,,,,,,,,,,,,,,,TRKKXKG128E0791E74,,0.6635790160291535,0.6884230592779957
TRDPGXU128F9339C2A,SOELYON12AB01876A3,ARLHO5Z1187FB4C861,Beastie Boys,B-Boy Bouillabaisse: A.W.O.L. (2009 Digital Remaster),Paul's Boutique (20th Anniversary Remastered Edition),0.0,105.56036,0.853124523276,0.591628024008,hip hop,hip hop; leapsandbounds CDCollection,1746.0,505.0,153.652205,0.0,3044.0,TRKKXKG128E0791E74,3.3452984375,,
TRFUJVJ128F426F2A2,SOONCPO12AF72A1986,AR8W8P31187B9A4063,Lauryn Hill,Interlude 5,MTV Unplugged No. 2.0,2002.0,734.48444,0.697206464376,0.580125198887,r&b/soul,ms hill; the realness; The Truth; true; rnb,1903.0,409.0,215.044182,0.0,3697.0,TRKKXKG128E0791E74,4.071549999999998,,
TRGUCIR128F933D817,SORMTGC12A6D4F6C8B,ARQUN9K1187B9B5BD7,Vanilla Ice,Ice Is Workin' It,To The Extreme,1990.0,275.43465,0.722075127339,0.463037021551,hip hop,rap; hiphop; 90s; cool as ice; leapsandbounds CDCollection,898.0,242.0,166.246804,0.0,2401.0,TRKKXKG128E0791E74,2.7413374999999998,,
TRNMFHV128F92EF2A1,,,,,,,,,,,,,,,,,TRKKXKG128E0791E74,,0.6718666167112807,0.6950123233311677
TRXWSOU128F42662B0,,,,,,,,,,,,,,,,,TRKKXKG128E0791E74,,0.7030167838313394,0.7257120292164673
TRFUJVJ128F426F2A2,SOONCPO12AF72A1986,AR8W8P31187B9A4063,Lauryn Hill,Interlude 5,MTV Unplugged No. 2.0,2002.0,734.48444,0.697206464376,0.580125198887,r&b/soul,ms hill; the realness; The Truth; true; rnb,1903.0,409.0,215.044182,0.0,5555.0,TRKLLYD128F4273FF4,6.377950000000001,,
TRGLNKG128F9307689,SOFVLYU12AB017F502,ARTH9041187FB43E1F,Eminem,My Darling,Relapse [Deluxe],2009.0,320.49587,0.871010615313,0.879236744738,hip hop,rap; detroit; Hip-Hop; Horrorcore; MOONH8SUN,1055.0,293.0,140.089257,0.0,4014.0,TRKLLYD128F4273FF4,4.671178124999999,,
TRKVLUS128EF345FD0,,,,,,,,,,,,,,,,,TRKLLYD128F4273FF4,,0.7024976597282409,
TRMGLTT128F4275DDF,,,,,,,,,,,,,,,,,TRKLLYD128F4273FF4,,0.7003670395015384,0.7113010446343779
TRPBTSJ128F42A3168,,,,,,,,,,,,,,,,,TRKLLYD128F4273FF4,,0.7008287647691581,0.7114579744009516
TRQYUKJ12903C9A1CE,,,,,,,,,,,,,,,,,TRKLLYD128F4273FF4,,,0.7098931701274067
TRWSYHO128F4282346,SOKHOQG12A8C13EBF2,ARSE5NP1187B9B98AB,Twista,I'm A Winner (Amended Album Version),The Day After,2005.0,260.23138,0.889613554744,0.593808365175,hip hop,rap; Hip-Hop; winner in bed twista,1253.0,166.0,218.622963,0.0,4147.0,TRKLLYD128F4273FF4,4.813981249999999,,
TRDPGXU128F9339C2A,SOELYON12AB01876A3,ARLHO5Z1187FB4C861,Beastie Boys,B-Boy Bouillabaisse: A.W.O.L. (2009 Digital Remaster),Paul's Boutique (20th Anniversary Remastered Edition),0.0,105.56036,0.853124523276,0.591628024008,hip hop,hip hop; leapsandbounds CDCollection,1746.0,505.0,153.652205,0.0,1913.0,TRKMCAV128E0782298,2.1335093749999996,,
TRFUJVJ128F426F2A2,SOONCPO12AF72A1986,AR8W8P31187B9A4063,Lauryn Hill,Interlude 5,MTV Unplugged No. 2.0,2002.0,734.48444,0.697206464376,0.580125198887,r&b/soul,ms hill; the realness; The Truth; true; rnb,1903.0,409.0,215.044182,0.0,2801.0,TRKMCAV128E0782298,3.193050000000001,,
TRLQBZP12903CECC4A,,,,,,,,,,,,,,,,,TRKMCAV128E0782298,,0.6155402809897496,0.6291416057782379
TRMRNDW128F4292475,,,,,,,,,,,,,,,,,TRKMCAV128E0782298,,,0.6312851549806506
TRNHSZN128F930FF03,,,,,,,,,,,,,,,,,TRKMCAV128E0782298,,0.613067365514769,
TRWAKFC128F424561B,,,,,,,,,,,,,,,,,TRKMCAV128E0782298,,0.6153864168007982,0.6357729901878229
TRWSYHO128F4282346,SOKHOQG12A8C13EBF2,ARSE5NP1187B9B98AB,Twista,I'm A Winner (Amended Album Version),The Day After,2005.0,260.23138,0.889613554744,0.593808365175,hip hop,rap; Hip-Hop; winner in bed twista,1253.0,166.0,218.622963,0.0,2007.0,TRKMCAV128E0782298,2.3073312500000007,,
TREBGAA128E078FC52,SOVYGAV12A58A7C3A9,AR24DZB1187FB3C869,Erykah Badu,I Want You,Worldwide Underground,2003.0,653.13914,0.855731901717,0.584841725537,r&b/soul,soul; Neo-Soul; female vocalists; rnb; Erykah Badu,617.0,98.0,153.163312,0.0,1814.0,TRKMXIA128F4299423,2.1888859375,,
TRFUJVJ128F426F2A2,SOONCPO12AF72A1986,AR8W8P31187B9A4063,Lauryn Hill,Interlude 5,MTV Unplugged No. 2.0,2002.0,734.48444,0.697206464376,0.580125198887,r&b/soul,ms hill; the realness; The Truth; true; rnb,1903.0,409.0,215.044182,0.0,2391.0,TRKMXIA128F4299423,2.7748500000000007,,
TRGNWZK128F42960A4,,,,,,,,,,,,,,,,,TRKMXIA128F4299423,,0.7463857887001767,0.7539599172690951
TRVFPAQ12903CBB680,,,,,,,,,,,,,,,,,TRKMXIA128F4299423,,0.729946610096098,0.7396256980430455
TRWNUXN128F93095BF,,,,,,,,,,,,,,,,,TRKMXIA128F4299423,,0.7363996244341089,0.7443406805485832
TRWSYHO128F4282346,SOKHOQG12A8C13EBF2,ARSE5NP1187B9B98AB,Twista,I'm A Winner (Amended Album Version),The Day After,2005.0,260.23138,0.889613554744,0.593808365175,hip hop,rap; Hip-Hop; winner in bed twista,1253.0,166.0,218.622963,0.0,2099.0,TRKMXIA128F4299423,2.4839593750000013,,
TRBEWAM128F145CA91,,,,,,,,,,,,,,,,,TRKNKGC128F42A746A,,0.6937393530547794,0.7038096574177413
TREBGAA128E078FC52,,,,,,,,,,,,,,,,,TRKNKGC128F42A746A,6.4096078125,,
TRFUJVJ128F426F2A2,SOONCPO12AF72A1986,AR8W8P31187B9A4063,Lauryn Hill,Interlude 5,MTV Unplugged No. 2.0,2002.0,734.48444,0.697206464376,0.580125198887,r&b/soul,ms hill; the realness; The Truth; true; rnb,1903.0,409.0,215.044182,0.0,7547.0,TRKNKGC128F42A746A,8.718449999999997,,
TRGLNKG128F9307689,SOFVLYU12AB017F502,ARTH9041187FB43E1F,Eminem,My Darling,Relapse [Deluxe],2009.0,320.49587,0.871010615313,0.879236744738,hip hop,rap; detroit; Hip-Hop; Horrorcore; MOONH8SUN,1055.0,293.0,140.089257,0.0,5473.0,TRKNKGC128F42A746A,,,
TRHMLCK128F93085F2,,,,,,,,,,,,,,,,,TRKNKGC128F42A746A,,0.6977799812633995,0.7060401258180394
TRPBTSJ128F42A3168,,,,,,,,,,,,,,,,,TRKNKGC128F42A746A,,0.7030176047073924,0.713714348878679
TRWSYHO128F4282346,SOKHOQG12A8C13EBF2,ARSE5NP1187B9B98AB,Twista,I'm A Winner (Amended Album Version),The Day After,2005.0,260.23138,0.889613554744,0.593808365175,hip hop,rap; Hip-Hop; winner in bed twista,1253.0,166.0,218.622963,0.0,6158.0,TRKNKGC128F42A746A,7.2300281250000005,,
TRCQNWN128F92EA07D,,,,,,,,,,,,,,,,,TRKQQMW128F92D54DF,,0.4868686956592929,0.5145079969904688
TRDPGXU128F9339C2A,SOELYON12AB01876A3,ARLHO5Z1187FB4C861,Beastie Boys,B-Boy Bouillabaisse: A.W.O.L. (2009 Digital Remaster),Paul's Boutique (20th Anniversary Remastered Edition),0.0,105.56036,0.853124523276,0.591628024008,hip hop,hip hop; leapsandbounds CDCollection,1746.0,505.0,153.652205,0.0,1437.0,TRKQQMW128F92D54DF,1.5250453125,,
TRDZATL128F4260FFB,,,,,,,,,,,,,,,,,TRKQQMW128F92D54DF,,0.5411379504774835,0.5580896364022438
TRFLWJZ128F425C9E4,SOZTZRR12A58A80C97,AR82DJK1187B991107,The Pharcyde,Otha Fish,Bizarre Ride II The Pharcyde,1992.0,321.43628,0.756063870843,0.491468881637,hip hop,Hip-Hop; hip hop; oldschool; rap; oldskool,997.0,247.0,147.895233,0.0,1518.0,TRKQQMW128F92D54DF,1.7289609375000021,,
TRPCRIV12903CD6882,,,,,,,,,,,,,,,,,TRKQQMW128F92D54DF,,0.4793278095282879,0.49927693761814484
TRWSYHO128F4282346,SOKHOQG12A8C13EBF2,ARSE5NP1187B9B98AB,Twista,I'm A Winner (Amended Album Version),The Day After,2005.0,260.23138,0.889613554744,0.593808365175,hip hop,rap; Hip-Hop; winner in bed twista,1253.0,166.0,218.622963,0.0,1404.0,TRKQQMW128F92D54DF,1.5430593749999997,,
TRDTODK128F1458778,SOCTIIQ12A6D4F3FB0,AR1WWVL1187B9B0306,UB40,The Earth Dies Screaming,The UB40 File,1980.0,510.87628,0.757417813383,0.563941252024,reggae,reggae; dub; political; chillout; 1980,220.0,69.0,48.270074,0.0,308.0,TRKQRSQ128F92D5134,0.37960000000000077,,
TREENUC12903CBE042,SOHWLWV12A8C13CEFA,ARHC2H61187B9B5D61,Fler,NDW 2005,Neue Deutsche Welle,2005.0,230.53016,0.706040960553,0.382605870719,hip hop,fler; Deutscha Rap; aggro berlin; rap; NDW 2005,479.0,121.0,79.25276,0.0,420.0,TRKQRSQ128F92D5134,0.5137875,,
TRJTYVS128F9354DB0,SOXIMHF12AB01872FE,ARWQ3M31187FB4CF01,ARRESTED DEVELOPMENT,Stand,Since the Last Time,2006.0,211.56526,0.701118744419,0.415441655824,r&b/soul,soul; Hip-Hop; urban; glowing; favorite by this group,377.0,100.0,68.359345,0.0,390.0,TRKQRSQ128F92D5134,0.47988750000000024,,
TRJUTIP128F4291F98,,,,,,,,,,,,,,,,,TRKQRSQ128F92D5134,,0.5327178845109602,0.534686377234948
TRRQZDE128F931AC02,,,,,,,,,,,,,,,,,TRKQRSQ128F92D5134,,0.4788709714230998,0.4816192562600812
TRWXYBL128F424CFF9,,,,,,,,,,,,,,,,,TRKQRSQ128F92D5134,,0.4856317986201886,0.48780783917080295
TRDPGXU128F9339C2A,SOELYON12AB01876A3,ARLHO5Z1187FB4C861,Beastie Boys,B-Boy Bouillabaisse: A.W.O.L. (2009 Digital Remaster),Paul's Boutique (20th Anniversary Remastered Edition),0.0,105.56036,0.853124523276,0.591628024008,hip hop,hip hop; leapsandbounds CDCollection,1746.0,505.0,153.652205,0.0,2586.0,TRKSDBX128F9345DC9,2.91705625,,
TREBGAA128E078FC52,SOVYGAV12A58A7C3A9,AR24DZB1187FB3C869,Erykah Badu,I Want You,Worldwide Underground,2003.0,653.13914,0.855731901717,0.584841725537,r&b/soul,soul; Neo-Soul; female vocalists; rnb; Erykah Badu,617.0,98.0,153.163312,0.0,2339.0,TRKSDBX128F9345DC9,2.7851187500000005,,
TRFUJVJ128F426F2A2,SOONCPO12AF72A1986,AR8W8P31187B9A4063,Lauryn Hill,Interlude 5,MTV Unplugged No. 2.0,2002.0,734.48444,0.697206464376,0.580125198887,r&b/soul,ms hill; the realness; The Truth; true; rnb,1903.0,409.0,215.044182,0.0,3517.0,TRKSDBX128F9345DC9,4.01905,,
TRFUNRS128F9346BF4,,,,,,,,,,,,,,,,,TRKSDBX128F9345DC9,,0.6664977046527596,0.6827870937948103
TRMFBBG12903CE4564,,,,,,,,,,,,,,,,,TRKSDBX128F9345DC9,,0.646239938689805,0.6655135748747238
TRPVRGM128F932D5C3,,,,,,,,,,,,,,,,,TRKSDBX128F9345DC9,,0.6548289483086795,0.6713566002289092
TRDPGXU128F9339C2A,,,,,,,,,,,,,,,,,TRKSEEY12903CCD312,0.7598609374999996,,
TRFUJVJ128F426F2A2,SOONCPO12AF72A1986,AR8W8P31187B9A4063,Lauryn Hill,Interlude 5,MTV Unplugged No. 2.0,2002.0,734.48444,0.697206464376,0.580125198887,r&b/soul,ms hill; the realness; The Truth; true; rnb,1903.0,409.0,215.044182,0.0,799.0,TRKSEEY12903CCD312,,,
TROBUHQ128F149D98B,,,,,,,,,,,,,,,,,TRKSEEY12903CCD312,,0.48820273297993005,0.5124992210182767
TRXJTJZ128F4295464,SOADEWJ12A8C13D4CF,AROVU6Z1187B9AE74E,The Corrs,Queen Of Hollywood ( LP Version ),Talk On Corners,1997.0,302.10567,0.687686737519,0.513196187359,pop,pop; irish; rock; the corrs; folk,596.0,114.0,77.858847,0.0,902.0,TRKSEEY12903CCD312,1.0378781250000002,0.522635978370954,0.5431163452312806
TRYCBLK12903CE6A0E,SOWQRYJ12AB0189461,ARJ5LS21187B991003,Twiztid,She Ain't Afraid,Psychopathics From Outer Space,1998.0,361.50812,0.738651094386,0.490733207715,hip hop,psychopathic; Horrorcore; cocaine; Porno; porn,1102.0,277.0,117.826143,0.0,889.0,TRKSEEY12903CCD312,0.9519015625000002,,
TRZFCJS128E0784D05,,,,,,,,,,,,,,,,,TRKSEEY12903CCD312,,0.5364552169732042,0.5586788128389328
TRDBCEL128F932105C,,,,,,,,,,,,,,,,,TRKVITQ128F4271B31,,0.6355808356741081,0.6466624512983471
TRDPGXU128F9339C2A,SOELYON12AB01876A3,ARLHO5Z1187FB4C861,Beastie Boys,B-Boy Bouillabaisse: A.W.O.L. (2009 Digital Remaster),Paul's Boutique (20th Anniversary Remastered Edition),0.0,105.56036,0.853124523276,0.591628024008,hip hop,hip hop; leapsandbounds CDCollection,1746.0,505.0,153.652205,0.0,2559.0,TRKVITQ128F4271B31,2.800598437500002,,
TRDVELE128F932810A,,,,,,,,,,,,,,,,,TRKVITQ128F4271B31,,0.5874314502412161,0.6116343519536278
TRFLWJZ128F425C9E4,SOZTZRR12A58A80C97,AR82DJK1187B991107,The Pharcyde,Otha Fish,Bizarre Ride II The Pharcyde,1992.0,321.43628,0.756063870843,0.491468881637,hip hop,Hip-Hop; hip hop; oldschool; rap; oldskool,997.0,247.0,147.895233,0.0,2200.0,TRKVITQ128F4271B31,2.502570312499999,,
TRFUJVJ128F426F2A2,SOONCPO12AF72A1986,AR8W8P31187B9A4063,Lauryn Hill,Interlude 5,MTV Unplugged No. 2.0,2002.0,734.48444,0.697206464376,0.580125198887,r&b/soul,ms hill; the realness; The Truth; true; rnb,1903.0,409.0,215.044182,0.0,2915.0,TRKVITQ128F4271B31,3.16765,,
TRORMHQ128F92CB796,,,,,,,,,,,,,,,,,TRKVITQ128F4271B31,,0.5952875527376055,0.6124981666150326
TRFUJVJ128F426F2A2,SOONCPO12AF72A1986,AR8W8P31187B9A4063,Lauryn Hill,Interlude 5,MTV Unplugged No. 2.0,2002.0,734.48444,0.697206464376,0.580125198887,r&b/soul,ms hill; the realness; The Truth; true; rnb,1903.0,409.0,215.044182,0.0,9661.0,TRKVVVK12903CB592C,11.262050000000002,,
TRGLNKG128F9307689,SOFVLYU12AB017F502,ARTH9041187FB43E1F,Eminem,My Darling,Relapse [Deluxe],2009.0,320.49587,0.871010615313,0.879236744738,hip hop,rap; detroit; Hip-Hop; Horrorcore; MOONH8SUN,1055.0,293.0,140.089257,0.0,6194.0,TRKVVVK12903CB592C,7.244134374999999,,
TRLXGLD128F931B4A1,,,,,,,,,,,,,,,,,TRKVVVK12903CB592C,,,0.7736999489115346
TRTVKVY128E07953E4,,,,,,,,,,,,,,,,,TRKVVVK12903CB592C,,0.7873680478929188,0.7915295297454146
TRWSYHO128F4282346,SOKHOQG12A8C13EBF2,ARSE5NP1187B9B98AB,Twista,I'm A Winner (Amended Album Version),The Day After,2005.0,260.23138,0.889613554744,0.593808365175,hip hop,rap; Hip-Hop; winner in bed twista,1253.0,166.0,218.622963,0.0,7351.0,TRKVVVK12903CB592C,8.656643749999999,,
TRYGKRK128F9353545,,,,,,,,,,,,,,,,,TRKVVVK12903CB592C,,0.765466336652081,
TRZBPGN128F92EDF7E,,,,,,,,,,,,,,,,,TRKVVVK12903CB592C,,0.7756037596087991,0.7846891050344484
TRBMILM128F42795A1,,,,,,,,,,,,,,,,,TRLFGML128F92EB391,,0.6899152110650095,0.6951570020964439
TRIJHLY12903D0CE4D,SOAEBYL12AC468B119,AR1ZHZ51187FB37FEC,Violadores del Verso,Cantando,Vivir Para Contarlo,2006.0,312.92036,0.658189532108,0.503436953654,hip hop,Hip-Hop; spanish hip-hop; rap; spanish; hip hop,671.0,209.0,83.660026,0.0,1097.0,TRLFGML128F92EB391,1.3083906250000001,,
TRNRKRY128F147627E,,,,,,,,,,,,,,,,,TRLFGML128F92EB391,,0.63333200602403,0.6427812990411076
TRRUSZX128F1480C9F,,,,,,,,,,,,,,,,,TRLFGML128F92EB391,,0.6389071264115247,0.6471482610213863
TRTHNFG12903D0CE54,SONCVPT12AC468B123,AR1ZHZ51187FB37FEC,Violadores del Verso,Dale tiempo al rumor,Vivir Para Contarlo,2006.0,370.02404,0.658189532108,0.524275367928,hip hop,spanish; Hip-Hop; subelamusica; spanish rap; Doble V,749.0,199.0,99.95499,0.0,1313.0,TRLFGML128F92EB391,1.5699531250000005,,
TRTJLTW12903CFF1E9,SOJLHYI12AC46857C4,ARFJD5L1187B9A30BA,Los Van Van,El Negro Está Cocinando,Live At Miami Arena,1999.0,609.25342,0.604414492162,0.400517950689,latin,cuba; salsa; latin; cubano; latinas,407.0,81.0,86.792857,0.0,944.0,TRLFGML128F92EB391,1.1399218749999982,,
TRDPGXU128F9339C2A,SOELYON12AB01876A3,ARLHO5Z1187FB4C861,Beastie Boys,B-Boy Bouillabaisse: A.W.O.L. (2009 Digital Remaster),Paul's Boutique (20th Anniversary Remastered Edition),0.0,105.56036,0.853124523276,0.591628024008,hip hop,hip hop; leapsandbounds CDCollection,1746.0,505.0,153.652205,0.0,3698.0,TRLHJMW128F1493BA1,4.15318125,0.678106458034327,0.7006273830040078
TRFUJVJ128F426F2A2,SOONCPO12AF72A1986,AR8W8P31187B9A4063,Lauryn Hill,Interlude 5,MTV Unplugged No. 2.0,2002.0,734.48444,0.697206464376,0.580125198887,r&b/soul,ms hill; the realness; The Truth; true; rnb,1903.0,409.0,215.044182,0.0,3989.0,TRLHJMW128F1493BA1,4.42505,,
TRKAIVZ128E07944DB,,,,,,,,,,,,,,,,,TRLHJMW128F1493BA1,,0.6660451523952893,0.6860587240275627
TRRYRGF128F42934E3,,,,,,,,,,,,,,,,,TRLHJMW128F1493BA1,,0.658929887410537,0.6789315977170077
TRWSYHO128F4282346,SOKHOQG12A8C13EBF2,ARSE5NP1187B9B98AB,Twista,I'm A Winner (Amended Album Version),The Day After,2005.0,260.23138,0.889613554744,0.593808365175,hip hop,rap; Hip-Hop; winner in bed twista,1253.0,166.0,218.622963,0.0,3159.0,TRLHJMW128F1493BA1,3.5819875000000008,,
TREDWEP128F4233168,,,,,,,,,,,,,,,,,TRLILBA128F42158A3,,0.6973344230025176,0.7047160219839157
TRJTUMY128F92DC8D1,,,,,,,,,,,,,,,,,TRLILBA128F42158A3,,0.7050780604016605,0.7132860159735198
TRTHNFG12903D0CE54,SONCVPT12AC468B123,AR1ZHZ51187FB37FEC,Violadores del Verso,Dale tiempo al rumor,Vivir Para Contarlo,2006.0,370.02404,0.658189532108,0.524275367928,hip hop,spanish; Hip-Hop; subelamusica; spanish rap; Doble V,749.0,199.0,99.95499,0.0,1781.0,TRLILBA128F42158A3,2.105045312500002,,
TRWAGNG128F4286598,SOHRFLK12A8C13B9C2,AR5Z97E1187FB36169,Tego Calderon,Al Natural (Amended Version),El Abayarde,2003.0,213.60281,0.631219639983,0.450950881507,latin,latin,434.0,92.0,83.114379,0.0,1532.0,TRLILBA128F42158A3,1.8327624999999985,,
TRWQZXS128F92DB731,SOLJOIC12A8C145316,ARVH6PU1187FB46B3F,Victor Manuelle,Lloré Lloré,Historia De Un Sonero,0.0,308.50567,0.668543746567,0.490615493311,latin,salsa; great to dance,365.0,79.0,77.369245,0.0,1540.0,TRLILBA128F42158A3,1.8614093749999978,,
TRXBUFX128F42941F1,,,,,,,,,,,,,,,,,TRLILBA128F42158A3,,0.6954123686917196,0.7033752313996001
TRBDUTO128F421A441,,,,,,,,,,,,,,,,,TRLINLH128F9346400,,0.625816739197908,0.6355929422524544
TRDPGXU128F9339C2A,SOELYON12AB01876A3,ARLHO5Z1187FB4C861,Beastie Boys,B-Boy Bouillabaisse: A.W.O.L. (2009 Digital Remaster),Paul's Boutique (20th Anniversary Remastered Edition),0.0,105.56036,0.853124523276,0.591628024008,hip hop,hip hop; leapsandbounds CDCollection,1746.0,505.0,153.652205,0.0,5715.0,TRLINLH128F9346400,,,
TRFUJVJ128F426F2A2,SOONCPO12AF72A1986,AR8W8P31187B9A4063,Lauryn Hill,Interlude 5,MTV Unplugged No. 2.0,2002.0,734.48444,0.697206464376,0.580125198887,r&b/soul,ms hill; the realness; The Truth; true; rnb,1903.0,409.0,215.044182,0.0,9253.0,TRLINLH128F9346400,10.250649999999997,,
TRFUZIQ128F14591A7,,,,,,,,,,,,,,,,,TRLINLH128F9346400,,0.638780910041083,0.6484252929966451
TRGPDHJ128F14527D5,,,,,,,,,,,,,,,,,TRLINLH128F9346400,,0.5869638593102428,0.598910012511148
TROOJPJ128F14A2A86,,,,,,,,,,,,,,,,,TRLINLH128F9346400,6.4050875000000005,,
TRTLIKK128E07862DA,SOKTWCO12A67020DC0,ARM9HR61187B9AD75A,Ja Rule,One of Us,Rule 3:36,2000.0,356.85832,0.77983324054,0.541519545221,hip hop,Ja Rule; Hip-Hop; east coast rap; 2000; rappers,996.0,215.0,158.347719,0.0,10279.0,TRLINLH128F9346400,12.053312499999993,,
TRBPDOM128F9316691,,,,,,,,,,,,,,,,,TRLJSTZ128F4241831,,0.7934835846678046,0.7964779230746887
TRKKUWM128F92E4E1C,SOHEIBB12AB01827CA,AR4T2NV1187B997CF3,Gemelli Diversi,Istruzioni Per L'(Ill)uso,Istruzioni per l'(ill)uso,2009.0,250.33098,0.641150864963,0.460028873289,hip hop,Hip Hop Italiano; italian; Jeff Mills; 123,413.0,102.0,59.388551,0.0,587.0,TRLJSTZ128F4241831,0.7064890625000012,,
TRPLIYP128F9316695,,,,,,,,,,,,,,,,,TRLJSTZ128F4241831,,0.7560820803505042,0.7583766446398089
TRRVXQX128F429A0C4,SOECCGV12A8C13C130,ARI5PL11187FB35F7A,Fabrizio De Andrè,Sinan Capudan Pascià,1991 Concerti,0.0,324.46649,0.612914470451,0.408716004941,folk,folk; singer-songwriter; italian; blue; intelligent,351.0,80.0,56.480085,0.0,631.0,TRLJSTZ128F4241831,0.7636562499999989,,
TRYVOZZ128F42738F6,,,,,,,,,,,,,,,,,TRLJSTZ128F4241831,,0.8169154145436129,0.8193238354908697
TRZRTPI12903D0954A,SOWUGGD12AC3DF92AF,ARCM3XF1187B9A9A0C,Flaminio Maphia,Quelli Che,Er Mejo 1997-2010,0.0,258.87302,0.560511722251,0.340719721917,hip hop,rap; Hip-Hop; italian rap; italian hip-hop,311.0,83.0,46.861498,0.0,765.0,TRLJSTZ128F4241831,0.9359468749999994,,
TRBVPVV128F425F14F,SOOHYOB12CF5F87A28,ARF8HTQ1187B9AE693,Daft Punk,Touch It / Technologic,Alive 2007,2007.0,329.45587,0.844450642835,1.01049028868,electronic,electronic; dance; techno; House; Daft Punk,687.0,175.0,153.756301,0.0,1979.0,TRLKNKC128F42BC213,2.304896874999999,,
TRCJENI128E0781B04,,,,,,,,,,,,,,,,,TRLKNKC128F42BC213,,0.5384004064993906,0.5465566391201769
TRCYYII12903CB5FCA,,,,,,,,,,,,,,,,,TRLKNKC128F42BC213,,,0.5492418123628318
TRDOJIR128F42840C0,SODNFOU12A8C138A6E,AR3PN3R1187FB4CEBD,Horace Andy,Horse With No Name,Mek It Bun,2002.0,236.01587,0.626436381752,0.374271173856,reggae,roots reggae; great songs; animals; lala; OC,444.0,106.0,147.702404,0.0,3220.0,TRLKNKC128F42BC213,3.9180499999999916,0.5378811808018195,
TRGRUXY128F9310866,,,,,,,,,,,,,,,,,TRLKNKC128F42BC213,,0.5864573265323665,0.5984292252518563
TRZZQIP128F92EFEAD,SOUGPPL12AB018555B,ART50HO1187FB4D0ED,Abba,Move On,The Albums,1977.0,282.72281,0.74865929586,0.575691128555,pop,pop; 70s; abba; Disco; swedish,526.0,107.0,161.959872,0.0,3476.0,TRLKNKC128F42BC213,4.2261343750000036,,
TRBVPVV128F425F14F,SOOHYOB12CF5F87A28,ARF8HTQ1187B9AE693,Daft Punk,Touch It / Technologic,Alive 2007,2007.0,329.45587,0.844450642835,1.01049028868,electronic,electronic; dance; techno; House; Daft Punk,687.0,175.0,153.756301,0.0,776.0,TRLKWJA128F92E154E,0.8982828124999999,,
TRDPGXU128F9339C2A,SOELYON12AB01876A3,ARLHO5Z1187FB4C861,Beastie Boys,B-Boy Bouillabaisse: A.W.O.L. (2009 Digital Remaster),Paul's Boutique (20th Anniversary Remastered Edition),0.0,105.56036,0.853124523276,0.591628024008,hip hop,hip hop; leapsandbounds CDCollection,1746.0,505.0,153.652205,0.0,787.0,TRLKWJA128F92E154E,0.8317984375000009,,
TRJSFMG128F4294A6B,,,,,,,,,,,,,,,,,TRLKWJA128F92E154E,,0.5115900473878597,0.5249714919813976
TRNGQKV12903CD0AB4,,,,,,,,,,,,,,,,,TRLKWJA128F92E154E,,0.5524728873308994,0.5613776561989384
TRRSNPA128F148C45E,SOIUOEW12A67021D3D,AR8RXRI1187FB4104B,The Roots,Mellow My Man,From The Ground Up,0.0,288.31302,0.862795413749,0.600282490747,hip hop,Hip-Hop; jazzy; the roots; rap; hip hop,886.0,270.0,117.358425,0.0,719.0,TRLKWJA128F92E154E,,,
TRSMEAQ128F931801D,,,,,,,,,,,,,,,,,TRLKWJA128F92E154E,,0.5248169877476908,0.5348470254830876
TRUEGMJ128F148D40C,,,,,,,,,,,,,,,,,TRLKWJA128F92E154E,0.8427234375000016,,
TRDPGXU128F9339C2A,SOELYON12AB01876A3,ARLHO5Z1187FB4C861,Beastie Boys,B-Boy Bouillabaisse: A.W.O.L. (2009 Digital Remaster),Paul's Boutique (20th Anniversary Remastered Edition),0.0,105.56036,0.853124523276,0.591628024008,hip hop,hip hop; leapsandbounds CDCollection,1746.0,505.0,153.652205,0.0,850.0,TRLLRQA128F427C709,0.9240124999999995,,
TRESCVU128F145C136,,,,,,,,,,,,,,,,,TRLLRQA128F427C709,,0.5894185888591068,0.6127327547271881
TRFUJVJ128F426F2A2,SOONCPO12AF72A1986,AR8W8P31187B9A4063,Lauryn Hill,Interlude 5,MTV Unplugged No. 2.0,2002.0,734.48444,0.697206464376,0.580125198887,r&b/soul,ms hill; the realness; The Truth; true; rnb,1903.0,409.0,215.044182,0.0,1470.0,TRLLRQA128F427C709,1.6719,,
TRJIBBZ128F425149A,,,,,,,,,,,,,,,,,TRLLRQA128F427C709,,0.6109624207020947,0.6341422287171887
TRJZXOC128F933A199,,,,,,,,,,,,,,,,,TRLLRQA128F427C709,,0.5860526591609087,0.6055912252321028
TRWSYHO128F4282346,SOKHOQG12A8C13EBF2,ARSE5NP1187B9B98AB,Twista,I'm A Winner (Amended Album Version),The Day After,2005.0,260.23138,0.889613554744,0.593808365175,hip hop,rap; Hip-Hop; winner in bed twista,1253.0,166.0,218.622963,0.0,775.0,TRLLRQA128F427C709,0.8605249999999997,,
TRFUJVJ128F426F2A2,SOONCPO12AF72A1986,AR8W8P31187B9A4063,Lauryn Hill,Interlude 5,MTV Unplugged No. 2.0,2002.0,734.48444,0.697206464376,0.580125198887,r&b/soul,ms hill; the realness; The Truth; true; rnb,1903.0,409.0,215.044182,0.0,8660.0,TRLPDIB128F42289CC,9.974,,
TRJFGEX128F426A253,,,,,,,,,,,,,,,,,TRLPDIB128F42289CC,,0.6310921905162329,0.6423728089374924
TRJQCQT128F428E44D,,,,,,,,,,,,,,,,,TRLPDIB128F42289CC,,0.6430368214907601,0.6538073748739257
TRMSQPH128F92E7D20,,,,,,,,,,,,,,,,,TRLPDIB128F42289CC,,0.7346091744744494,0.742411191472892
TRUGLTC128F4227B93,SOUSFNM12A6D4FCDAD,AR4503S1187FB43199,Danity Kane,Hold Me Down (Album Version),Danity Kane,2006.0,237.60934,0.854297752323,0.531302988552,r&b/soul,dance; Hold Me Down; Danity Kane; rnb; party,766.0,149.0,159.499216,0.0,6896.0,TRLPDIB128F42289CC,8.225718749999999,,
TRWSYHO128F4282346,SOKHOQG12A8C13EBF2,ARSE5NP1187B9B98AB,Twista,I'm A Winner (Amended Album Version),The Day After,2005.0,260.23138,0.889613554744,0.593808365175,hip hop,rap; Hip-Hop; winner in bed twista,1253.0,166.0,218.622963,0.0,7165.0,TRLPDIB128F42289CC,8.400093750000003,,
TRDKUSZ12903CF188B,,,,,,,,,,,,,,,,,TRLTFVP128E0782B34,,0.747869519286479,0.7587906862592929
TRDPGXU128F9339C2A,SOELYON12AB01876A3,ARLHO5Z1187FB4C861,Beastie Boys,B-Boy Bouillabaisse: A.W.O.L. (2009 Digital Remaster),Paul's Boutique (20th Anniversary Remastered Edition),0.0,105.56036,0.853124523276,0.591628024008,hip hop,hip hop; leapsandbounds CDCollection,1746.0,505.0,153.652205,0.0,2731.0,TRLTFVP128E0782B34,3.1290812500000005,,
TRDZHMB128F14925BA,,,,,,,,,,,,,,,,,TRLTFVP128E0782B34,,0.7292397946188016,0.7413997674492591
TRFUJVJ128F426F2A2,SOONCPO12AF72A1986,AR8W8P31187B9A4063,Lauryn Hill,Interlude 5,MTV Unplugged No. 2.0,2002.0,734.48444,0.697206464376,0.580125198887,r&b/soul,ms hill; the realness; The Truth; true; rnb,1903.0,409.0,215.044182,0.0,4025.0,TRLTFVP128E0782B34,4.690849999999999,,
TRJIQFW128F428DE49,,,,,,,,,,,,,,,,,TRLTFVP128E0782B34,,,0.740232121292283
TRWFHUB128F1476AFB,,,,,,,,,,,,,,,,,TRLTFVP128E0782B34,,0.7290728805281566,
TRWSYHO128F4282346,SOKHOQG12A8C13EBF2,ARSE5NP1187B9B98AB,Twista,I'm A Winner (Amended Album Version),The Day After,2005.0,260.23138,0.889613554744,0.593808365175,hip hop,rap; Hip-Hop; winner in bed twista,1253.0,166.0,218.622963,0.0,3075.0,TRLTFVP128E0782B34,3.6212874999999998,,
TRCTLQY128F92F1539,,,,,,,,,,,,,,,,,TRLTTDC128E079380E,,0.8239305960493863,0.8289853313139036
TRDPGXU128F9339C2A,SOELYON12AB01876A3,ARLHO5Z1187FB4C861,Beastie Boys,B-Boy Bouillabaisse: A.W.O.L. (2009 Digital Remaster),Paul's Boutique (20th Anniversary Remastered Edition),0.0,105.56036,0.853124523276,0.591628024008,hip hop,hip hop; leapsandbounds CDCollection,1746.0,505.0,153.652205,0.0,4861.0,TRLTTDC128E079380E,,,
TREBGAA128E078FC52,,,,,,,,,,,,,,,,,TRLTTDC128E079380E,5.835757812499999,,
TRFUJVJ128F426F2A2,SOONCPO12AF72A1986,AR8W8P31187B9A4063,Lauryn Hill,Interlude 5,MTV Unplugged No. 2.0,2002.0,734.48444,0.697206464376,0.580125198887,r&b/soul,ms hill; the realness; The Truth; true; rnb,1903.0,409.0,215.044182,0.0,5681.0,TRLTTDC128E079380E,6.60675,,
TRKLJAG128F42B31CF,,,,,,,,,,,,,,,,,TRLTTDC128E079380E,,0.8152414104270791,0.8183457283868151
TRSTJFQ128F428DA21,,,,,,,,,,,,,,,,,TRLTTDC128E079380E,,0.8339074933245703,0.8386664591573368
TRWSYHO128F4282346,SOKHOQG12A8C13EBF2,ARSE5NP1187B9B98AB,Twista,I'm A Winner (Amended Album Version),The Day After,2005.0,260.23138,0.889613554744,0.593808365175,hip hop,rap; Hip-Hop; winner in bed twista,1253.0,166.0,218.622963,0.0,5126.0,TRLTTDC128E079380E,6.084328125000001,,
TRDPGXU128F9339C2A,SOELYON12AB01876A3,ARLHO5Z1187FB4C861,Beastie Boys,B-Boy Bouillabaisse: A.W.O.L. (2009 Digital Remaster),Paul's Boutique (20th Anniversary Remastered Edition),0.0,105.56036,0.853124523276,0.591628024008,hip hop,hip hop; leapsandbounds CDCollection,1746.0,505.0,153.652205,0.0,11876.0,TRLTYLK128F92FE6FF,13.954448437500002,,
TRFUJVJ128F426F2A2,SOONCPO12AF72A1986,AR8W8P31187B9A4063,Lauryn Hill,Interlude 5,MTV Unplugged No. 2.0,2002.0,734.48444,0.697206464376,0.580125198887,r&b/soul,ms hill; the realness; The Truth; true; rnb,1903.0,409.0,215.044182,0.0,13754.0,TRLTYLK128F92FE6FF,16.127599999999997,,
TRKCOFR128F42418DC,,,,,,,,,,,,,,,,,TRLTYLK128F92FE6FF,,0.7695696264274704,0.7744642893343668
TRVVIWJ128F42697BA,,,,,,,,,,,,,,,,,TRLTYLK128F92FE6FF,,0.7334761458409201,0.7390553798575576
TRWCYWE128F425564A,,,,,,,,,,,,,,,,,TRLTYLK128F92FE6FF,,0.7484952818109912,0.7542495904793188
TRWSYHO128F4282346,SOKHOQG12A8C13EBF2,ARSE5NP1187B9B98AB,Twista,I'm A Winner (Amended Album Version),The Day After,2005.0,260.23138,0.889613554744,0.593808365175,hip hop,rap; Hip-Hop; winner in bed twista,1253.0,166.0,218.622963,0.0,12861.0,TRLTYLK128F92FE6FF,15.380303125000001,,
TRAQDFB128F4234E3B,,,,,,,,,,,,,,,,,TRLVRJP128F93519FB,,0.7952730121131887,0.8084758026197649
TRDPGXU128F9339C2A,SOELYON12AB01876A3,ARLHO5Z1187FB4C861,Beastie Boys,B-Boy Bouillabaisse: A.W.O.L. (2009 Digital Remaster),Paul's Boutique (20th Anniversary Remastered Edition),0.0,105.56036,0.853124523276,0.591628024008,hip hop,hip hop; leapsandbounds CDCollection,1746.0,505.0,153.652205,0.0,9207.0,TRLVRJP128F93519FB,10.3835390625,0.8001580434449248,0.8161024490747625
TRFUJVJ128F426F2A2,SOONCPO12AF72A1986,AR8W8P31187B9A4063,Lauryn Hill,Interlude 5,MTV Unplugged No. 2.0,2002.0,734.48444,0.697206464376,0.580125198887,r&b/soul,ms hill; the realness; The Truth; true; rnb,1903.0,409.0,215.044182,0.0,10509.0,TRLVRJP128F93519FB,11.790749999999997,,
TRVDTEO128F14956CF,,,,,,,,,,,,,,,,,TRLVRJP128F93519FB,,0.8046953575223263,0.818815366805303
TRWSYHO128F4282346,SOKHOQG12A8C13EBF2,ARSE5NP1187B9B98AB,Twista,I'm A Winner (Amended Album Version),The Day After,2005.0,260.23138,0.889613554744,0.593808365175,hip hop,rap; Hip-Hop; winner in bed twista,1253.0,166.0,218.622963,0.0,7901.0,TRLVRJP128F93519FB,8.996921875,,
TRDPGXU128F9339C2A,SOELYON12AB01876A3,ARLHO5Z1187FB4C861,Beastie Boys,B-Boy Bouillabaisse: A.W.O.L. (2009 Digital Remaster),Paul's Boutique (20th Anniversary Remastered Edition),0.0,105.56036,0.853124523276,0.591628024008,hip hop,hip hop; leapsandbounds CDCollection,1746.0,505.0,153.652205,0.0,2110.0,TRLWIBC128E0792E2C,2.333596875000002,,
TRFUJVJ128F426F2A2,SOONCPO12AF72A1986,AR8W8P31187B9A4063,Lauryn Hill,Interlude 5,MTV Unplugged No. 2.0,2002.0,734.48444,0.697206464376,0.580125198887,r&b/soul,ms hill; the realness; The Truth; true; rnb,1903.0,409.0,215.044182,0.0,2719.0,TRLWIBC128E0792E2C,3.0353499999999993,,
TRQFRJG128F4260199,,,,,,,,,,,,,,,,,TRLWIBC128E0792E2C,,0.5619421027428302,0.5812763812852317
TRTKXNY12903CB661C,,,,,,,,,,,,,,,,,TRLWIBC128E0792E2C,,0.5755248582468123,0.5968675616148561
TRUGLTC128F4227B93,SOUSFNM12A6D4FCDAD,AR4503S1187FB43199,Danity Kane,Hold Me Down (Album Version),Danity Kane,2006.0,237.60934,0.854297752323,0.531302988552,r&b/soul,dance; Hold Me Down; Danity Kane; rnb; party,766.0,149.0,159.499216,0.0,1773.0,TRLWIBC128E0792E2C,2.0478812499999997,,
TRZRBOX128EF3435A7,,,,,,,,,,,,,,,,,TRLWIBC128E0792E2C,,0.5768927835311591,0.5930414797492458
TRCHZXW128E079288A,SOMEJDK12D0219BB71,ARTH9041187FB43E1F,Eminem,8 Mile,8 Mile,2002.0,359.3922,0.886183647684,0.852677055416,hip hop,rap; Hip-Hop; Eminem; Soundtrack; hip hop,1141.0,328.0,132.992481,0.0,4945.0,TRMAVQT128F4270DBF,5.606431249999999,,
TRDPGXU128F9339C2A,SOELYON12AB01876A3,ARLHO5Z1187FB4C861,Beastie Boys,B-Boy Bouillabaisse: A.W.O.L. (2009 Digital Remaster),Paul's Boutique (20th Anniversary Remastered Edition),0.0,105.56036,0.853124523276,0.591628024008,hip hop,hip hop; leapsandbounds CDCollection,1746.0,505.0,153.652205,0.0,6505.0,TRMAVQT128F4270DBF,7.36956875,,
TRFUJVJ128F426F2A2,SOONCPO12AF72A1986,AR8W8P31187B9A4063,Lauryn Hill,Interlude 5,MTV Unplugged No. 2.0,2002.0,734.48444,0.697206464376,0.580125198887,r&b/soul,ms hill; the realness; The Truth; true; rnb,1903.0,409.0,215.044182,0.0,6988.0,TRMAVQT128F4270DBF,7.824200000000001,,
TRGXGMH128F92F5B48,,,,,,,,,,,,,,,,,TRMAVQT128F4270DBF,,0.7608241346319633,0.7755227431363245
TRNVKOI128E0799173,,,,,,,,,,,,,,,,,TRMAVQT128F4270DBF,,0.7629610403632326,0.7777342903652562
TRYLVAV128F931F5AF,,,,,,,,,,,,,,,,,TRMAVQT128F4270DBF,,0.7716132672660139,0.7816857758870969
TRBJXPW128F428D3CD,,,,,,,,,,,,,,,,,TRMBGMX128F92FD769,,0.7616972696340061,0.770880030994126
TREBGAA128E078FC52,,,,,,,,,,,,,,,,,TRMBGMX128F92FD769,10.598404687499997,,
TRFUJVJ128F426F2A2,SOONCPO12AF72A1986,AR8W8P31187B9A4063,Lauryn Hill,Interlude 5,MTV Unplugged No. 2.0,2002.0,734.48444,0.697206464376,0.580125198887,r&b/soul,ms hill; the realness; The Truth; true; rnb,1903.0,409.0,215.044182,0.0,12494.0,TRMBGMX128F92FD769,14.511199999999999,,
TRGLJRY128F14841E2,,,,,,,,,,,,,,,,,TRMBGMX128F92FD769,,0.7631379539420375,
TRGLNKG128F9307689,SOFVLYU12AB017F502,ARTH9041187FB43E1F,Eminem,My Darling,Relapse [Deluxe],2009.0,320.49587,0.871010615313,0.879236744738,hip hop,rap; detroit; Hip-Hop; Horrorcore; MOONH8SUN,1055.0,293.0,140.089257,0.0,8848.0,TRMBGMX128F92FD769,,,
TROSAQJ128F92D308C,,,,,,,,,,,,,,,,,TRMBGMX128F92FD769,,0.7990768675616656,0.8054571054467728
TRQYUKJ12903C9A1CE,,,,,,,,,,,,,,,,,TRMBGMX128F92FD769,,,0.769442004214009
TRWSYHO128F4282346,SOKHOQG12A8C13EBF2,ARSE5NP1187B9B98AB,Twista,I'm A Winner (Amended Album Version),The Day After,2005.0,260.23138,0.889613554744,0.593808365175,hip hop,rap; Hip-Hop; winner in bed twista,1253.0,166.0,218.622963,0.0,9967.0,TRMBGMX128F92FD769,11.735746875,,
TRCHZXW128E079288A,SOMEJDK12D0219BB71,ARTH9041187FB43E1F,Eminem,8 Mile,8 Mile,2002.0,359.3922,0.886183647684,0.852677055416,hip hop,rap; Hip-Hop; Eminem; Soundtrack; hip hop,1141.0,328.0,132.992481,0.0,3431.0,TRMBNRH12903D02C23,3.9984375000000063,,
TRDPGXU128F9339C2A,SOELYON12AB01876A3,ARLHO5Z1187FB4C861,Beastie Boys,B-Boy Bouillabaisse: A.W.O.L. (2009 Digital Remaster),Paul's Boutique (20th Anniversary Remastered Edition),0.0,105.56036,0.853124523276,0.591628024008,hip hop,hip hop; leapsandbounds CDCollection,1746.0,505.0,153.652205,0.0,3696.0,TRMBNRH12903D02C23,4.235312499999996,,
TREBQOW128F92C4549,,,,,,,,,,,,,,,,,TRMBNRH12903D02C23,,0.7336026365731166,0.7439474803569341
TRFUJVJ128F426F2A2,SOONCPO12AF72A1986,AR8W8P31187B9A4063,Lauryn Hill,Interlude 5,MTV Unplugged No. 2.0,2002.0,734.48444,0.697206464376,0.580125198887,r&b/soul,ms hill; the realness; The Truth; true; rnb,1903.0,409.0,215.044182,0.0,4157.0,TRMBNRH12903D02C23,4.736249999999995,,
TRJIONO128F1452C88,,,,,,,,,,,,,,,,,TRMBNRH12903D02C23,,0.7322172275288622,0.7432422527106193
TRLURQM128F1484267,,,,,,,,,,,,,,,,,TRMBNRH12903D02C23,,0.723350132290084,0.7350361130647047
TRCDMRL12903CB105C,,,,,,,,,,,,,,,,,TRMDYBW128F14A17E8,1.4746671875000001,,
TRDPGXU128F9339C2A,SOELYON12AB01876A3,ARLHO5Z1187FB4C861,Beastie Boys,B-Boy Bouillabaisse: A.W.O.L. (2009 Digital Remaster),Paul's Boutique (20th Anniversary Remastered Edition),0.0,105.56036,0.853124523276,0.591628024008,hip hop,hip hop; leapsandbounds CDCollection,1746.0,505.0,153.652205,0.0,1426.0,TRMDYBW128F14A17E8,1.6228546875000018,,
TRDPTHW12903CF2E0E,,,,,,,,,,,,,,,,,TRMDYBW128F14A17E8,,0.6160767380690598,0.6254869980354952
TRGLNKG128F9307689,SOFVLYU12AB017F502,ARTH9041187FB43E1F,Eminem,My Darling,Relapse [Deluxe],2009.0,320.49587,0.871010615313,0.879236744738,hip hop,rap; detroit; Hip-Hop; Horrorcore; MOONH8SUN,1055.0,293.0,140.089257,0.0,1253.0,TRMDYBW128F14A17E8,,,
TRHNOMB12903CB2544,SOGFAKF12AF72A5D66,ARPTHEU1187B98BF98,Life Without Buildings,New Town,Live at the Annandale Hotel,2000.0,456.82893,0.575620891362,0.381169500326,rock,indie; alternative; i wish i could write lyrics like this; personal jukebox; in another league,719.0,74.0,140.160622,0.0,1231.0,TRMDYBW128F14A17E8,1.4595109374999975,,
TRNOOMW128F4257F9C,,,,,,,,,,,,,,,,,TRMDYBW128F14A17E8,,0.5959436238059821,0.6057689414782675
TRPKHSW12903CF5D1D,,,,,,,,,,,,,,,,,TRMDYBW128F14A17E8,,0.6284530678419461,0.6381371265238076
TRDPGXU128F9339C2A,SOELYON12AB01876A3,ARLHO5Z1187FB4C861,Beastie Boys,B-Boy Bouillabaisse: A.W.O.L. (2009 Digital Remaster),Paul's Boutique (20th Anniversary Remastered Edition),0.0,105.56036,0.853124523276,0.591628024008,hip hop,hip hop; leapsandbounds CDCollection,1746.0,505.0,153.652205,0.0,3816.0,TRMFSTL128F427B6C1,4.368001562500002,,
TREUANG12903CF5E8E,,,,,,,,,,,,,,,,,TRMFSTL128F427B6C1,,0.756216069073428,0.7664126056021127
TRFUJVJ128F426F2A2,SOONCPO12AF72A1986,AR8W8P31187B9A4063,Lauryn Hill,Interlude 5,MTV Unplugged No. 2.0,2002.0,734.48444,0.697206464376,0.580125198887,r&b/soul,ms hill; the realness; The Truth; true; rnb,1903.0,409.0,215.044182,0.0,4268.0,TRMFSTL128F427B6C1,4.8542999999999985,,
TRGLGNR128F1487A6F,,,,,,,,,,,,,,,,,TRMFSTL128F427B6C1,,0.7554985052223713,0.7653720646791049
TRPOHPA128F148B0EF,,,,,,,,,,,,,,,,,TRMFSTL128F427B6C1,,0.7556727068515341,0.7658798907769248
TRWSYHO128F4282346,SOKHOQG12A8C13EBF2,ARSE5NP1187B9B98AB,Twista,I'm A Winner (Amended Album Version),The Day After,2005.0,260.23138,0.889613554744,0.593808365175,hip hop,rap; Hip-Hop; winner in bed twista,1253.0,166.0,218.622963,0.0,3325.0,TRMFSTL128F427B6C1,3.842096875000002,,
TRFGWTJ128E0783A47,,,,,,,,,,,,,,,,,TRMGOLR128F933A7DB,,0.6889561780477298,0.694586823866838
TRFSCLD12903CD213F,SOENGNL12AB018E1BD,AR4L4WQ1187FB51996,The Prodigy,We Gonna Rock,What Evil Lurks,1991.0,282.30485,0.638614022451,0.601436482837,electronic,Rave; big beat; jungle; electronic; techno,312.0,10.0,141.703917,0.0,2718.0,TRMGOLR128F933A7DB,3.2583249999999997,,
TRFUJVJ128F426F2A2,SOONCPO12AF72A1986,AR8W8P31187B9A4063,Lauryn Hill,Interlude 5,MTV Unplugged No. 2.0,2002.0,734.48444,0.697206464376,0.580125198887,r&b/soul,ms hill; the realness; The Truth; true; rnb,1903.0,409.0,215.044182,0.0,4185.0,TRMGOLR128F933A7DB,4.557350000000001,,
TRJOQXR128F92EB51A,,,,,,,,,,,,,,,,,TRMGOLR128F933A7DB,,0.6790445341949765,0.6896343266765022
TRKRVKD128F9327008,SOXKVEZ12AB01821F5,ARX94AN1187FB4B54B,Hollywood Undead,Undead,Desperate Measures,2008.0,288.07791,0.703475783381,0.576625773695,hip hop,rapcore; hollywood undead; rap metal; rock; undead,831.0,222.0,97.082439,0.0,2796.0,TRMGOLR128F933A7DB,3.1777359375000005,,
TROCPYO128F92F9ADC,,,,,,,,,,,,,,,,,TRMGOLR128F933A7DB,,0.686657669444627,0.6988727693714599
TRDPGXU128F9339C2A,SOELYON12AB01876A3,ARLHO5Z1187FB4C861,Beastie Boys,B-Boy Bouillabaisse: A.W.O.L. (2009 Digital Remaster),Paul's Boutique (20th Anniversary Remastered Edition),0.0,105.56036,0.853124523276,0.591628024008,hip hop,hip hop; leapsandbounds CDCollection,1746.0,505.0,153.652205,0.0,1532.0,TRMIHFS128F92F2A01,1.670723437500002,,
TRFUJVJ128F426F2A2,SOONCPO12AF72A1986,AR8W8P31187B9A4063,Lauryn Hill,Interlude 5,MTV Unplugged No. 2.0,2002.0,734.48444,0.697206464376,0.580125198887,r&b/soul,ms hill; the realness; The Truth; true; rnb,1903.0,409.0,215.044182,0.0,1648.0,TRMIHFS128F92F2A01,1.7679000000000005,,
TRQCXUL128E078A9D6,,,,,,,,,,,,,,,,,TRMIHFS128F92F2A01,,0.5385817768846338,0.5676366039949823
TRRFUEU128F42144C6,,,,,,,,,,,,,,,,,TRMIHFS128F92F2A01,,0.5288951534172673,0.5587293207500901
TRTHFTG128F42550BC,,,,,,,,,,,,,,,,,TRMIHFS128F92F2A01,,0.5313540375936874,0.562233593749491
TRWSYHO128F4282346,SOKHOQG12A8C13EBF2,ARSE5NP1187B9B98AB,Twista,I'm A Winner (Amended Album Version),The Day After,2005.0,260.23138,0.889613554744,0.593808365175,hip hop,rap; Hip-Hop; winner in bed twista,1253.0,166.0,218.622963,0.0,1283.0,TRMIHFS128F92F2A01,1.4128531249999998,,
TRDPGXU128F9339C2A,SOELYON12AB01876A3,ARLHO5Z1187FB4C861,Beastie Boys,B-Boy Bouillabaisse: A.W.O.L. (2009 Digital Remaster),Paul's Boutique (20th Anniversary Remastered Edition),0.0,105.56036,0.853124523276,0.591628024008,hip hop,hip hop; leapsandbounds CDCollection,1746.0,505.0,153.652205,0.0,412.0,TRMJMVW12903CD44F4,,,
TREXCMT128F933D825,SOWVWEG12AF72A37C7,ARQUN9K1187B9B5BD7,Vanilla Ice,It's A Party,To The Extreme,1989.0,278.49098,0.722075127339,0.463037021551,hip hop,rap; 80s; Jam; leapsandbounds CDCollection,832.0,201.0,139.942845,0.0,436.0,TRMJMVW12903CD44F4,0.487078125,,
TRFJQMU128F4273B8F,,,,,,,,,,,,,,,,,TRMJMVW12903CD44F4,,0.4242466940347633,0.45068090520852994
TRFSCLD12903CD213F,,,,,,,,,,,,,,,,,TRMJMVW12903CD44F4,0.4538750000000003,,
TRFUJVJ128F426F2A2,SOONCPO12AF72A1986,AR8W8P31187B9A4063,Lauryn Hill,Interlude 5,MTV Unplugged No. 2.0,2002.0,734.48444,0.697206464376,0.580125198887,r&b/soul,ms hill; the realness; The Truth; true; rnb,1903.0,409.0,215.044182,0.0,628.0,TRMJMVW12903CD44F4,0.6584999999999998,,
TRGAPEV12903D09678,,,,,,,,,,,,,,,,,TRMJMVW12903CD44F4,,0.43689036318516966,0.45978957318854374
TRLKDAS128F14610D7,,,,,,,,,,,,,,,,,TRMJMVW12903CD44F4,,0.44061291820150017,0.4655051307245378
TRKDIWP128F92F19AA,,,,,,,,,,,,,,,,,TRMKTUF128F42BC140,,0.9179863709908285,0.9193250772511166
TRKKUWM128F92E4E1C,SOHEIBB12AB01827CA,AR4T2NV1187B997CF3,Gemelli Diversi,Istruzioni Per L'(Ill)uso,Istruzioni per l'(ill)uso,2009.0,250.33098,0.641150864963,0.460028873289,hip hop,Hip Hop Italiano; italian; Jeff Mills; 123,413.0,102.0,59.388551,0.0,690.0,TRMKTUF128F42BC140,0.8430812499999998,0.8266983567642653,0.8298857841304109
TRRVXQX128F429A0C4,SOECCGV12A8C13C130,ARI5PL11187FB35F7A,Fabrizio De Andrè,Sinan Capudan Pascià,1991 Concerti,0.0,324.46649,0.612914470451,0.408716004941,folk,folk; singer-songwriter; italian; blue; intelligent,351.0,80.0,56.480085,0.0,518.0,TRMKTUF128F42BC140,0.6296249999999979,,
TRZITCI128F426837D,,,,,,,,,,,,,,,,,TRMKTUF128F42BC140,,0.8020099597545653,0.8055613588617299
TRZZQIP128F92EFEAD,SOUGPPL12AB018555B,ART50HO1187FB4D0ED,Abba,Move On,The Albums,1977.0,282.72281,0.74865929586,0.575691128555,pop,pop; 70s; abba; Disco; swedish,526.0,107.0,161.959872,0.0,507.0,TRMKTUF128F42BC140,0.60051875,,
TREBGAA128E078FC52,SOVYGAV12A58A7C3A9,AR24DZB1187FB3C869,Erykah Badu,I Want You,Worldwide Underground,2003.0,653.13914,0.855731901717,0.584841725537,r&b/soul,soul; Neo-Soul; female vocalists; rnb; Erykah Badu,617.0,98.0,153.163312,0.0,3824.0,TRMLKKJ128E0798A59,4.611782812500001,,
TREPPUG128F9301FAB,,,,,,,,,,,,,,,,,TRMLKKJ128E0798A59,,0.7484415930715255,0.7595398537227716
TRFUJVJ128F426F2A2,SOONCPO12AF72A1986,AR8W8P31187B9A4063,Lauryn Hill,Interlude 5,MTV Unplugged No. 2.0,2002.0,734.48444,0.697206464376,0.580125198887,r&b/soul,ms hill; the realness; The Truth; true; rnb,1903.0,409.0,215.044182,0.0,5305.0,TRMLKKJ128E0798A59,6.173550000000002,,
TRTYLFM12903CD2C97,,,,,,,,,,,,,,,,,TRMLKKJ128E0798A59,,0.7401118409903447,0.7505309506646636
TRWSYHO128F4282346,SOKHOQG12A8C13EBF2,ARSE5NP1187B9B98AB,Twista,I'm A Winner (Amended Album Version),The Day After,2005.0,260.23138,0.889613554744,0.593808365175,hip hop,rap; Hip-Hop; winner in bed twista,1253.0,166.0,218.622963,0.0,4323.0,TRMLKKJ128E0798A59,5.1046281250000005,,
TRYVYKU128F426F26F,,,,,,,,,,,,,,,,,TRMLKKJ128E0798A59,,0.7453642964459313,0.7562653547560878
TRDPGXU128F9339C2A,SOELYON12AB01876A3,ARLHO5Z1187FB4C861,Beastie Boys,B-Boy Bouillabaisse: A.W.O.L. (2009 Digital Remaster),Paul's Boutique (20th Anniversary Remastered Edition),0.0,105.56036,0.853124523276,0.591628024008,hip hop,hip hop; leapsandbounds CDCollection,1746.0,505.0,153.652205,0.0,3722.0,TRMMALW128F92FD049,4.302434374999999,,
TRFUJVJ128F426F2A2,SOONCPO12AF72A1986,AR8W8P31187B9A4063,Lauryn Hill,Interlude 5,MTV Unplugged No. 2.0,2002.0,734.48444,0.697206464376,0.580125198887,r&b/soul,ms hill; the realness; The Truth; true; rnb,1903.0,409.0,215.044182,0.0,4597.0,TRMMALW128F92FD049,5.32765,,
TRPYPOE128F4248543,,,,,,,,,,,,,,,,,TRMMALW128F92FD049,,0.6619949063669056,0.6703596100206974
TRRJXRE128F93141F6,,,,,,,,,,,,,,,,,TRMMALW128F92FD049,,0.6648010039503706,0.6750246601106777
TRVVIWJ128F42697BA,,,,,,,,,,,,,,,,,TRMMALW128F92FD049,,0.6669323712356544,0.6782620363865318
TRWSYHO128F4282346,SOKHOQG12A8C13EBF2,ARSE5NP1187B9B98AB,Twista,I'm A Winner (Amended Album Version),The Day After,2005.0,260.23138,0.889613554744,0.593808365175,hip hop,rap; Hip-Hop; winner in bed twista,1253.0,166.0,218.622963,0.0,3671.0,TRMMALW128F92FD049,4.31518125,,
TRDPGXU128F9339C2A,SOELYON12AB01876A3,ARLHO5Z1187FB4C861,Beastie Boys,B-Boy Bouillabaisse: A.W.O.L. (2009 Digital Remaster),Paul's Boutique (20th Anniversary Remastered Edition),0.0,105.56036,0.853124523276,0.591628024008,hip hop,hip hop; leapsandbounds CDCollection,1746.0,505.0,153.652205,0.0,2558.0,TRMMTKA128F42A51E7,2.7666500000000007,,
TRFUJVJ128F426F2A2,SOONCPO12AF72A1986,AR8W8P31187B9A4063,Lauryn Hill,Interlude 5,MTV Unplugged No. 2.0,2002.0,734.48444,0.697206464376,0.580125198887,r&b/soul,ms hill; the realness; The Truth; true; rnb,1903.0,409.0,215.044182,0.0,3969.0,TRMMTKA128F42A51E7,4.4460500000000005,,
TROSICW128F933ADB8,,,,,,,,,,,,,,,,,TRMMTKA128F42A51E7,,0.6579159037940128,0.6788518822081462
TRPEVHC128F92FADB9,,,,,,,,,,,,,,,,,TRMMTKA128F42A51E7,,0.650057514739349,0.6705528630030871
TRRYRGF128F42934E3,,,,,,,,,,,,,,,,,TRMMTKA128F42A51E7,,0.657037069104976,0.6777147490239745
TRWSYHO128F4282346,SOKHOQG12A8C13EBF2,ARSE5NP1187B9B98AB,Twista,I'm A Winner (Amended Album Version),The Day After,2005.0,260.23138,0.889613554744,0.593808365175,hip hop,rap; Hip-Hop; winner in bed twista,1253.0,166.0,218.622963,0.0,2487.0,TRMMTKA128F42A51E7,2.7720499999999992,,
TRASCZE128F4234D85,,,,,,,,,,,,,,,,,TRMMVPU128F145EC99,,0.7186265787581455,0.724427634398472
TRIJHLY12903D0CE4D,SOAEBYL12AC468B119,AR1ZHZ51187FB37FEC,Violadores del Verso,Cantando,Vivir Para Contarlo,2006.0,312.92036,0.658189532108,0.503436953654,hip hop,Hip-Hop; spanish hip-hop; rap; spanish; hip hop,671.0,209.0,83.660026,0.0,2568.0,TRMMVPU128F145EC99,3.051454687499998,,
TRTHNFG12903D0CE54,SONCVPT12AC468B123,AR1ZHZ51187FB37FEC,Violadores del Verso,Dale tiempo al rumor,Vivir Para Contarlo,2006.0,370.02404,0.658189532108,0.524275367928,hip hop,spanish; Hip-Hop; subelamusica; spanish rap; Doble V,749.0,199.0,99.95499,0.0,3252.0,TRMMVPU128F145EC99,3.885173437500005,,
TRTSIYO128F9339267,,,,,,,,,,,,,,,,,TRMMVPU128F145EC99,,0.7133281137274424,0.7207350918709684
TRWAGNG128F4286598,SOHRFLK12A8C13B9C2,AR5Z97E1187FB36169,Tego Calderon,Al Natural (Amended Version),El Abayarde,2003.0,213.60281,0.631219639983,0.450950881507,latin,latin,434.0,92.0,83.114379,0.0,2707.0,TRMMVPU128F145EC99,3.2617374999999966,,
TRYQYFV128F4243793,,,,,,,,,,,,,,,,,TRMMVPU128F145EC99,,0.7256498183406758,0.731668371221979
TRBEBJO128C719646B,SORXHBR12AF72A5DA5,ARCBD0U1187FB466EF,Nelly,Splurge,Nellyville,2002.0,309.49832,0.912368981478,0.787994622198,hip hop,Hip-Hop; rap; hip hop; rnb; 00s,911.0,225.0,131.289756,0.0,2711.0,TRMOHUN128F424DEE6,3.1379265625,,
TRDIOJU128F931BF15,,,,,,,,,,,,,,,,,TRMOHUN128F424DEE6,,0.5731968342305631,0.5850156522938843
TRFUJVJ128F426F2A2,SOONCPO12AF72A1986,AR8W8P31187B9A4063,Lauryn Hill,Interlude 5,MTV Unplugged No. 2.0,2002.0,734.48444,0.697206464376,0.580125198887,r&b/soul,ms hill; the realness; The Truth; true; rnb,1903.0,409.0,215.044182,0.0,2801.0,TRMOHUN128F424DEE6,2.9975499999999995,,
TRIIMSD128F14739FD,,,,,,,,,,,,,,,,,TRMOHUN128F424DEE6,,0.5225871791334079,0.5386758590549793
TRUGLTC128F4227B93,SOUSFNM12A6D4FCDAD,AR4503S1187FB43199,Danity Kane,Hold Me Down (Album Version),Danity Kane,2006.0,237.60934,0.854297752323,0.531302988552,r&b/soul,dance; Hold Me Down; Danity Kane; rnb; party,766.0,149.0,159.499216,0.0,2902.0,TRMOHUN128F424DEE6,3.3941281249999986,,
TRYZACI128F4298560,,,,,,,,,,,,,,,,,TRMOHUN128F424DEE6,,0.510909314983773,0.5241248337542679
TRDPGXU128F9339C2A,SOELYON12AB01876A3,ARLHO5Z1187FB4C861,Beastie Boys,B-Boy Bouillabaisse: A.W.O.L. (2009 Digital Remaster),Paul's Boutique (20th Anniversary Remastered Edition),0.0,105.56036,0.853124523276,0.591628024008,hip hop,hip hop; leapsandbounds CDCollection,1746.0,505.0,153.652205,0.0,3679.0,TRMOUUU128F14ADE16,,,
TREBGAA128E078FC52,,,,,,,,,,,,,,,,,TRMOUUU128F14ADE16,4.339354687500003,,
TRFUJVJ128F426F2A2,SOONCPO12AF72A1986,AR8W8P31187B9A4063,Lauryn Hill,Interlude 5,MTV Unplugged No. 2.0,2002.0,734.48444,0.697206464376,0.580125198887,r&b/soul,ms hill; the realness; The Truth; true; rnb,1903.0,409.0,215.044182,0.0,5271.0,TRMOUUU128F14ADE16,6.144849999999999,,
TRNHSZN128F930FF03,,,,,,,,,,,,,,,,,TRMOUUU128F14ADE16,,0.8009023141441427,0.8082816309693984
TRVFPAQ12903CBB680,,,,,,,,,,,,,,,,,TRMOUUU128F14ADE16,,0.7879518207730583,0.796042228096731
TRWNUXN128F93095BF,,,,,,,,,,,,,,,,,TRMOUUU128F14ADE16,,0.790440521941335,0.7967210771082904
TRWSYHO128F4282346,SOKHOQG12A8C13EBF2,ARSE5NP1187B9B98AB,Twista,I'm A Winner (Amended Album Version),The Day After,2005.0,260.23138,0.889613554744,0.593808365175,hip hop,rap; Hip-Hop; winner in bed twista,1253.0,166.0,218.622963,0.0,4153.0,TRMOUUU128F14ADE16,4.901146875,,
TRDPGXU128F9339C2A,SOELYON12AB01876A3,ARLHO5Z1187FB4C861,Beastie Boys,B-Boy Bouillabaisse: A.W.O.L. (2009 Digital Remaster),Paul's Boutique (20th Anniversary Remastered Edition),0.0,105.56036,0.853124523276,0.591628024008,hip hop,hip hop; leapsandbounds CDCollection,1746.0,505.0,153.652205,0.0,1374.0,TRMQMTC128F428A516,1.5001515624999993,,
TRFUJVJ128F426F2A2,SOONCPO12AF72A1986,AR8W8P31187B9A4063,Lauryn Hill,Interlude 5,MTV Unplugged No. 2.0,2002.0,734.48444,0.697206464376,0.580125198887,r&b/soul,ms hill; the realness; The Truth; true; rnb,1903.0,409.0,215.044182,0.0,1916.0,TRMQMTC128F428A516,2.1350999999999996,,
TRQAWKR128F425EEC3,SOFHEBR12CF5F892C7,ARXPPEY1187FB51DF4,Michael Jackson,Man In The Mirror,HIStory - PAST_ PRESENT AND FUTURE - Book I,1987.0,319.29424,0.855245195586,0.899991594263,pop,pop; michael jackson; 80s; soul; king of pop,1543.0,135.0,200.024998,0.0,1296.0,TRMQMTC128F428A516,,,
TRQZEGA128F428FEFE,,,,,,,,,,,,,,,,,TRMQMTC128F428A516,,0.7180478349383476,0.7276437794230677
TRTLLMP128F9307700,,,,,,,,,,,,,,,,,TRMQMTC128F428A516,,0.7297087633792986,0.7389383403275933
TRTPLZP128F426AC13,,,,,,,,,,,,,,,,,TRMQMTC128F428A516,,0.7348932779218903,0.7426565469688222
TRZOZSK128F92F6735,,,,,,,,,,,,,,,,,TRMQMTC128F428A516,1.5390921874999979,,
TRAOTAR128E07846FE,,,,,,,,,,,,,,,,,TRMRMTN128F92D426F,,0.6544471983993573,0.6623058767432092
TRBVPVV128F425F14F,SOOHYOB12CF5F87A28,ARF8HTQ1187B9AE693,Daft Punk,Touch It / Technologic,Alive 2007,2007.0,329.45587,0.844450642835,1.01049028868,electronic,electronic; dance; techno; House; Daft Punk,687.0,175.0,153.756301,0.0,4204.0,TRMRMTN128F92D426F,4.9817484374999985,,
TRFUJVJ128F426F2A2,SOONCPO12AF72A1986,AR8W8P31187B9A4063,Lauryn Hill,Interlude 5,MTV Unplugged No. 2.0,2002.0,734.48444,0.697206464376,0.580125198887,r&b/soul,ms hill; the realness; The Truth; true; rnb,1903.0,409.0,215.044182,0.0,5582.0,TRMRMTN128F92D426F,6.285200000000003,,
TRGSGOW128EF3456D4,,,,,,,,,,,,,,,,,TRMRMTN128F92D426F,,0.6411735414584453,0.6494944600193853
TRGUCIR128F933D817,SORMTGC12A6D4F6C8B,ARQUN9K1187B9B5BD7,Vanilla Ice,Ice Is Workin' It,To The Extreme,1990.0,275.43465,0.722075127339,0.463037021551,hip hop,rap; hiphop; 90s; cool as ice; leapsandbounds CDCollection,898.0,242.0,166.246804,0.0,4069.0,TRMRMTN128F92D426F,4.7589125,,
TRNWQYN128F4284F1D,,,,,,,,,,,,,,,,,TRMRMTN128F92D426F,,0.5359128863342351,0.5487054736705547
TRBEBJO128C719646B,SORXHBR12AF72A5DA5,ARCBD0U1187FB466EF,Nelly,Splurge,Nellyville,2002.0,309.49832,0.912368981478,0.787994622198,hip hop,Hip-Hop; rap; hip hop; rnb; 00s,911.0,225.0,131.289756,0.0,1197.0,TRMTTBA128F429A7EC,1.3920265625000001,,
TRCHZXW128E079288A,SOMEJDK12D0219BB71,ARTH9041187FB43E1F,Eminem,8 Mile,8 Mile,2002.0,359.3922,0.886183647684,0.852677055416,hip hop,rap; Hip-Hop; Eminem; Soundtrack; hip hop,1141.0,328.0,132.992481,0.0,1294.0,TRMTTBA128F429A7EC,1.4854078124999999,,
TRDPGXU128F9339C2A,SOELYON12AB01876A3,ARLHO5Z1187FB4C861,Beastie Boys,B-Boy Bouillabaisse: A.W.O.L. (2009 Digital Remaster),Paul's Boutique (20th Anniversary Remastered Edition),0.0,105.56036,0.853124523276,0.591628024008,hip hop,hip hop; leapsandbounds CDCollection,1746.0,505.0,153.652205,0.0,1334.0,TRMTTBA128F429A7EC,1.4924671875000002,,
TRNNLCQ128F426E87E,,,,,,,,,,,,,,,,,TRMTTBA128F429A7EC,,0.6312766868257793,0.6474070486194551
TRRCMIA12903CE8562,,,,,,,,,,,,,,,,,TRMTTBA128F429A7EC,,0.620822404089543,0.6363525156940442
TRSXWOE12903CA7F6E,,,,,,,,,,,,,,,,,TRMTTBA128F429A7EC,,,0.6339575874126033
TRVJKTB128F4262283,,,,,,,,,,,,,,,,,TRMTTBA128F429A7EC,,0.6159081682266543,
TREBGAA128E078FC52,SOVYGAV12A58A7C3A9,AR24DZB1187FB3C869,Erykah Badu,I Want You,Worldwide Underground,2003.0,653.13914,0.855731901717,0.584841725537,r&b/soul,soul; Neo-Soul; female vocalists; rnb; Erykah Badu,617.0,98.0,153.163312,0.0,4726.0,TRMVVDP128E0787806,5.696171875000007,,
TRFUJVJ128F426F2A2,SOONCPO12AF72A1986,AR8W8P31187B9A4063,Lauryn Hill,Interlude 5,MTV Unplugged No. 2.0,2002.0,734.48444,0.697206464376,0.580125198887,r&b/soul,ms hill; the realness; The Truth; true; rnb,1903.0,409.0,215.044182,0.0,7162.0,TRMVVDP128E0787806,8.377499999999998,,
TRHXTSH128F932472E,,,,,,,,,,,,,,,,,TRMVVDP128E0787806,,0.7949397208293707,0.80153950644782
TRSDDPK128F146AF76,,,,,,,,,,,,,,,,,TRMVVDP128E0787806,,0.7915556229330071,0.7994179058074643
TRWSYHO128F4282346,SOKHOQG12A8C13EBF2,ARSE5NP1187B9B98AB,Twista,I'm A Winner (Amended Album Version),The Day After,2005.0,260.23138,0.889613554744,0.593808365175,hip hop,rap; Hip-Hop; winner in bed twista,1253.0,166.0,218.622963,0.0,6206.0,TRMVVDP128E0787806,7.3817187499999966,,
TRXXGPE128F42916C7,,,,,,,,,,,,,,,,,TRMVVDP128E0787806,,0.7883585346125483,0.7970711675926523
TRDHWHD128F931BCA3,,,,,,,,,,,,,,,,,TRMVVWQ128F422BB64,,0.8132971981695607,0.8196535539325371
TREBGAA128E078FC52,SOVYGAV12A58A7C3A9,AR24DZB1187FB3C869,Erykah Badu,I Want You,Worldwide Underground,2003.0,653.13914,0.855731901717,0.584841725537,r&b/soul,soul; Neo-Soul; female vocalists; rnb; Erykah Badu,617.0,98.0,153.163312,0.0,4143.0,TRMVVWQ128F422BB64,4.984328124999999,,
TRFNFSL128F146E882,,,,,,,,,,,,,,,,,TRMVVWQ128F422BB64,,0.7302767990995555,0.7413644709285913
TRFUJVJ128F426F2A2,SOONCPO12AF72A1986,AR8W8P31187B9A4063,Lauryn Hill,Interlude 5,MTV Unplugged No. 2.0,2002.0,734.48444,0.697206464376,0.580125198887,r&b/soul,ms hill; the realness; The Truth; true; rnb,1903.0,409.0,215.044182,0.0,4823.0,TRMVVWQ128F422BB64,5.499750000000001,,
TRWSYHO128F4282346,SOKHOQG12A8C13EBF2,ARSE5NP1187B9B98AB,Twista,I'm A Winner (Amended Album Version),The Day After,2005.0,260.23138,0.889613554744,0.593808365175,hip hop,rap; Hip-Hop; winner in bed twista,1253.0,166.0,218.622963,0.0,4702.0,TRMVVWQ128F422BB64,5.531781249999999,,
TRZCHKB128F92CB740,,,,,,,,,,,,,,,,,TRMVVWQ128F422BB64,,0.7343102368987175,0.7463166783175269
TRDPGXU128F9339C2A,SOELYON12AB01876A3,ARLHO5Z1187FB4C861,Beastie Boys,B-Boy Bouillabaisse: A.W.O.L. (2009 Digital Remaster),Paul's Boutique (20th Anniversary Remastered Edition),0.0,105.56036,0.853124523276,0.591628024008,hip hop,hip hop; leapsandbounds CDCollection,1746.0,505.0,153.652205,0.0,7227.0,TRMWYIH128E078DCA6,8.062414062499998,,
TRFUJVJ128F426F2A2,SOONCPO12AF72A1986,AR8W8P31187B9A4063,Lauryn Hill,Interlude 5,MTV Unplugged No. 2.0,2002.0,734.48444,0.697206464376,0.580125198887,r&b/soul,ms hill; the realness; The Truth; true; rnb,1903.0,409.0,215.044182,0.0,9575.0,TRMWYIH128E078DCA6,10.807250000000003,,
TRHKJVR128F42857EA,,,,,,,,,,,,,,,,,TRMWYIH128E078DCA6,,0.6677099638644215,0.6904687041916838
TRJUUKB128F428E973,,,,,,,,,,,,,,,,,TRMWYIH128E078DCA6,,0.6727790489311329,0.6956358428070462
TRQSXXR128F4266519,,,,,,,,,,,,,,,,,TRMWYIH128E078DCA6,,0.6628208099188244,0.6844385076896574
TRWSYHO128F4282346,SOKHOQG12A8C13EBF2,ARSE5NP1187B9B98AB,Twista,I'm A Winner (Amended Album Version),The Day After,2005.0,260.23138,0.889613554744,0.593808365175,hip hop,rap; Hip-Hop; winner in bed twista,1253.0,166.0,218.622963,0.0,6326.0,TRMWYIH128E078DCA6,7.148421874999998,,
TRDPGXU128F9339C2A,SOELYON12AB01876A3,ARLHO5Z1187FB4C861,Beastie Boys,B-Boy Bouillabaisse: A.W.O.L. (2009 Digital Remaster),Paul's Boutique (20th Anniversary Remastered Edition),0.0,105.56036,0.853124523276,0.591628024008,hip hop,hip hop; leapsandbounds CDCollection,1746.0,505.0,153.652205,0.0,2135.0,TRMYVVL128F92E865E,2.301373437500001,,
TRDWWFQ12903CDB482,,,,,,,,,,,,,,,,,TRMYVVL128F92E865E,,0.5643511611369209,0.5809928937741268
TRFUJVJ128F426F2A2,SOONCPO12AF72A1986,AR8W8P31187B9A4063,Lauryn Hill,Interlude 5,MTV Unplugged No. 2.0,2002.0,734.48444,0.697206464376,0.580125198887,r&b/soul,ms hill; the realness; The Truth; true; rnb,1903.0,409.0,215.044182,0.0,2289.0,TRMYVVL128F92E865E,2.421950000000001,,
TRLXCIQ128F429142D,,,,,,,,,,,,,,,,,TRMYVVL128F92E865E,,0.5425058639766548,0.5582489746603887
TRRMQYQ128F42765E7,,,,,,,,,,,,,,,,,TRMYVVL128F92E865E,,0.5587545182408162,0.5721870309909729
TRTLIKK128E07862DA,SOKTWCO12A67020DC0,ARM9HR61187B9AD75A,Ja Rule,One of Us,Rule 3:36,2000.0,356.85832,0.77983324054,0.541519545221,hip hop,Ja Rule; Hip-Hop; east coast rap; 2000; rappers,996.0,215.0,158.347719,0.0,2216.0,TRMYVVL128F92E865E,2.504390625,,
TRACBWX128F92FD725,,,,,,,,,,,,,,,,,TRMZJSE12903D00E60,,0.7813399395836048,0.7866966210344944
TRCTLQY128F92F1539,,,,,,,,,,,,,,,,,TRMZJSE12903D00E60,,0.7753805019041495,0.7816818948578419
TREBGAA128E078FC52,SOVYGAV12A58A7C3A9,AR24DZB1187FB3C869,Erykah Badu,I Want You,Worldwide Underground,2003.0,653.13914,0.855731901717,0.584841725537,r&b/soul,soul; Neo-Soul; female vocalists; rnb; Erykah Badu,617.0,98.0,153.163312,0.0,4893.0,TRMZJSE12903D00E60,5.937889062499998,,
TRFUJVJ128F426F2A2,SOONCPO12AF72A1986,AR8W8P31187B9A4063,Lauryn Hill,Interlude 5,MTV Unplugged No. 2.0,2002.0,734.48444,0.697206464376,0.580125198887,r&b/soul,ms hill; the realness; The Truth; true; rnb,1903.0,409.0,215.044182,0.0,5816.0,TRMZJSE12903D00E60,6.7847,,
TRNHSZN128F930FF03,,,,,,,,,,,,,,,,,TRMZJSE12903D00E60,,0.7818060665078786,0.7885603017668223
TRWSYHO128F4282346,SOKHOQG12A8C13EBF2,ARSE5NP1187B9B98AB,Twista,I'm A Winner (Amended Album Version),The Day After,2005.0,260.23138,0.889613554744,0.593808365175,hip hop,rap; Hip-Hop; winner in bed twista,1253.0,166.0,218.622963,0.0,5905.0,TRMZJSE12903D00E60,7.064090624999998,,
TRDPGXU128F9339C2A,SOELYON12AB01876A3,ARLHO5Z1187FB4C861,Beastie Boys,B-Boy Bouillabaisse: A.W.O.L. (2009 Digital Remaster),Paul's Boutique (20th Anniversary Remastered Edition),0.0,105.56036,0.853124523276,0.591628024008,hip hop,hip hop; leapsandbounds CDCollection,1746.0,505.0,153.652205,0.0,1213.0,TRMZSJY128F4255BE9,1.3046718749999995,,
TRFUJVJ128F426F2A2,SOONCPO12AF72A1986,AR8W8P31187B9A4063,Lauryn Hill,Interlude 5,MTV Unplugged No. 2.0,2002.0,734.48444,0.697206464376,0.580125198887,r&b/soul,ms hill; the realness; The Truth; true; rnb,1903.0,409.0,215.044182,0.0,1378.0,TRMZSJY128F4255BE9,1.4694999999999998,,
TRQGRYE128F429D17F,,,,,,,,,,,,,,,,,TRMZSJY128F4255BE9,,0.49993964165882876,0.5112786019323207
TRUIISX12903CEBDC4,,,,,,,,,,,,,,,,,TRMZSJY128F4255BE9,,0.5174792115587323,0.5261629690193306
TRXHFMI128F429B2F2,SOPSDTK12A8C13C52D,ARIRE5Q1187FB4DC13,Rufio,Over It (Acoustic),Punk Goes Acoustic,0.0,114.23302,0.707525588474,0.493312154342,punk,punk; emo; rock; acoustic; punk rock,526.0,92.0,135.716617,0.0,1111.0,TRMZSJY128F4255BE9,1.302984374999998,,
TRZJNDV128E078E185,,,,,,,,,,,,,,,,,TRMZSJY128F4255BE9,,0.5251694507348528,0.5324817082241688
TRAIEIM128F4253EFD,,,,,,,,,,,,,,,,,TRMZSRG128F428BE3F,,0.6444843344644072,0.6558389928781108
TRDPGXU128F9339C2A,SOELYON12AB01876A3,ARLHO5Z1187FB4C861,Beastie Boys,B-Boy Bouillabaisse: A.W.O.L. (2009 Digital Remaster),Paul's Boutique (20th Anniversary Remastered Edition),0.0,105.56036,0.853124523276,0.591628024008,hip hop,hip hop; leapsandbounds CDCollection,1746.0,505.0,153.652205,0.0,5794.0,TRMZSRG128F428BE3F,6.357718750000001,,
TRFUJVJ128F426F2A2,SOONCPO12AF72A1986,AR8W8P31187B9A4063,Lauryn Hill,Interlude 5,MTV Unplugged No. 2.0,2002.0,734.48444,0.697206464376,0.580125198887,r&b/soul,ms hill; the realness; The Truth; true; rnb,1903.0,409.0,215.044182,0.0,7646.0,TRMZSRG128F428BE3F,8.499499999999998,,
TRKXMPU128F4222F78,,,,,,,,,,,,,,,,,TRMZSRG128F428BE3F,,0.6414283628336269,0.6554045250103253
TRWSYHO128F4282346,SOKHOQG12A8C13EBF2,ARSE5NP1187B9B98AB,Twista,I'm A Winner (Amended Album Version),The Day After,2005.0,260.23138,0.889613554744,0.593808365175,hip hop,rap; Hip-Hop; winner in bed twista,1253.0,166.0,218.622963,0.0,6034.0,TRMZSRG128F428BE3F,6.8510625,,
TRWVXWR128F92CF848,,,,,,,,,,,,,,,,,TRMZSRG128F428BE3F,,0.6069380712848138,0.6211093005385305
TRCHZXW128E079288A,SOMEJDK12D0219BB71,ARTH9041187FB43E1F,Eminem,8 Mile,8 Mile,2002.0,359.3922,0.886183647684,0.852677055416,hip hop,rap; Hip-Hop; Eminem; Soundtrack; hip hop,1141.0,328.0,132.992481,0.0,1291.0,TRNBZVW128F92EE688,1.4294015624999994,,
TRDDTJP128F42437DA,,,,,,,,,,,,,,,,,TRNBZVW128F92EE688,,0.520925296639264,0.528870346493555
TRDPGXU128F9339C2A,SOELYON12AB01876A3,ARLHO5Z1187FB4C861,Beastie Boys,B-Boy Bouillabaisse: A.W.O.L. (2009 Digital Remaster),Paul's Boutique (20th Anniversary Remastered Edition),0.0,105.56036,0.853124523276,0.591628024008,hip hop,hip hop; leapsandbounds CDCollection,1746.0,505.0,153.652205,0.0,1466.0,TRNBZVW128F92EE688,1.588223437500001,,
TRIZEFA128F148582F,,,,,,,,,,,,,,,,,TRNBZVW128F92EE688,,0.5134859791978899,0.5370846194594372
TRVYERM128F93137C1,,,,,,,,,,,,,,,,,TRNBZVW128F92EE688,,0.5305304833555619,0.5511063866647862
TRWSYHO128F4282346,SOKHOQG12A8C13EBF2,ARSE5NP1187B9B98AB,Twista,I'm A Winner (Amended Album Version),The Day After,2005.0,260.23138,0.889613554744,0.593808365175,hip hop,rap; Hip-Hop; winner in bed twista,1253.0,166.0,218.622963,0.0,1271.0,TRNBZVW128F92EE688,1.3978531250000001,,
TRDPGXU128F9339C2A,SOELYON12AB01876A3,ARLHO5Z1187FB4C861,Beastie Boys,B-Boy Bouillabaisse: A.W.O.L. (2009 Digital Remaster),Paul's Boutique (20th Anniversary Remastered Edition),0.0,105.56036,0.853124523276,0.591628024008,hip hop,hip hop; leapsandbounds CDCollection,1746.0,505.0,153.652205,0.0,5055.0,TRNDNKN12903CC8A4C,,,
TREBGAA128E078FC52,,,,,,,,,,,,,,,,,TRNDNKN12903CC8A4C,5.847414062500002,,
TRFFMKD128F42303A4,,,,,,,,,,,,,,,,,TRNDNKN12903CC8A4C,,0.6343210900648848,0.6545102826679078
TRFUJVJ128F426F2A2,SOONCPO12AF72A1986,AR8W8P31187B9A4063,Lauryn Hill,Interlude 5,MTV Unplugged No. 2.0,2002.0,734.48444,0.697206464376,0.580125198887,r&b/soul,ms hill; the realness; The Truth; true; rnb,1903.0,409.0,215.044182,0.0,7297.0,TRNDNKN12903CC8A4C,8.304749999999999,,
TRQPVSP128F92E6DCC,,,,,,,,,,,,,,,,,TRNDNKN12903CC8A4C,,0.6301752570827565,0.6486180987691934
TRWSYHO128F4282346,SOKHOQG12A8C13EBF2,ARSE5NP1187B9B98AB,Twista,I'm A Winner (Amended Album Version),The Day After,2005.0,260.23138,0.889613554744,0.593808365175,hip hop,rap; Hip-Hop; winner in bed twista,1253.0,166.0,218.622963,0.0,6537.0,TRNDNKN12903CC8A4C,7.6376406249999995,,
TRZBVZA128F429C955,,,,,,,,,,,,,,,,,TRNDNKN12903CC8A4C,,0.6346792930812678,0.6542646757730994
TRDPGXU128F9339C2A,SOELYON12AB01876A3,ARLHO5Z1187FB4C861,Beastie Boys,B-Boy Bouillabaisse: A.W.O.L. (2009 Digital Remaster),Paul's Boutique (20th Anniversary Remastered Edition),0.0,105.56036,0.853124523276,0.591628024008,hip hop,hip hop; leapsandbounds CDCollection,1746.0,505.0,153.652205,0.0,6578.0,TRNEGIP128F4296261,,,
TRFUJVJ128F426F2A2,SOONCPO12AF72A1986,AR8W8P31187B9A4063,Lauryn Hill,Interlude 5,MTV Unplugged No. 2.0,2002.0,734.48444,0.697206464376,0.580125198887,r&b/soul,ms hill; the realness; The Truth; true; rnb,1903.0,409.0,215.044182,0.0,9339.0,TRNEGIP128F4296261,10.857249999999999,,
TRGHYGG12903CAC100,,,,,,,,,,,,,,,,,TRNEGIP128F4296261,,0.7408443993532313,0.749883342787364
TRGUCIR128F933D817,,,,,,,,,,,,,,,,,TRNEGIP128F4296261,7.725187500000005,,
TRJIONO128F1452C88,,,,,,,,,,,,,,,,,TRNEGIP128F4296261,,0.7036895767319872,0.7142749021053271
TRRGWST128F930E4AE,,,,,,,,,,,,,,,,,TRNEGIP128F4296261,,0.712763598407015,0.7225252008099253
TRWSYHO128F4282346,SOKHOQG12A8C13EBF2,ARSE5NP1187B9B98AB,Twista,I'm A Winner (Amended Album Version),The Day After,2005.0,260.23138,0.889613554744,0.593808365175,hip hop,rap; Hip-Hop; winner in bed twista,1253.0,166.0,218.622963,0.0,7408.0,TRNEGIP128F4296261,8.726390625,,
TRBEBJO128C719646B,,,,,,,,,,,,,,,,,TRNEITZ128F92F29EA,0.9676359375,,
TRDPGXU128F9339C2A,SOELYON12AB01876A3,ARLHO5Z1187FB4C861,Beastie Boys,B-Boy Bouillabaisse: A.W.O.L. (2009 Digital Remaster),Paul's Boutique (20th Anniversary Remastered Edition),0.0,105.56036,0.853124523276,0.591628024008,hip hop,hip hop; leapsandbounds CDCollection,1746.0,505.0,153.652205,0.0,1175.0,TRNEITZ128F92F29EA,1.3514203125000004,,
TRFUJVJ128F426F2A2,SOONCPO12AF72A1986,AR8W8P31187B9A4063,Lauryn Hill,Interlude 5,MTV Unplugged No. 2.0,2002.0,734.48444,0.697206464376,0.580125198887,r&b/soul,ms hill; the realness; The Truth; true; rnb,1903.0,409.0,215.044182,0.0,1541.0,TRNEITZ128F92F29EA,1.7859500000000004,,
TRGLNKG128F9307689,SOFVLYU12AB017F502,ARTH9041187FB43E1F,Eminem,My Darling,Relapse [Deluxe],2009.0,320.49587,0.871010615313,0.879236744738,hip hop,rap; detroit; Hip-Hop; Horrorcore; MOONH8SUN,1055.0,293.0,140.089257,0.0,842.0,TRNEITZ128F92F29EA,,,
TRJWDHU128F14AE7F6,,,,,,,,,,,,,,,,,TRNEITZ128F92F29EA,,0.7583086763457042,0.7651734526569165
TRVMMTF128F930A7B8,,,,,,,,,,,,,,,,,TRNEITZ128F92F29EA,,0.7471961108518603,0.7534389410179979
TRYLJVY128F4246873,,,,,,,,,,,,,,,,,TRNEITZ128F92F29EA,,0.785056851236378,0.7851486506977174
TRFUJVJ128F426F2A2,SOONCPO12AF72A1986,AR8W8P31187B9A4063,Lauryn Hill,Interlude 5,MTV Unplugged No. 2.0,2002.0,734.48444,0.697206464376,0.580125198887,r&b/soul,ms hill; the realness; The Truth; true; rnb,1903.0,409.0,215.044182,0.0,10890.0,TRNEYNN128F92C21F7,12.4648,,
TRGLNKG128F9307689,SOFVLYU12AB017F502,ARTH9041187FB43E1F,Eminem,My Darling,Relapse [Deluxe],2009.0,320.49587,0.871010615313,0.879236744738,hip hop,rap; detroit; Hip-Hop; Horrorcore; MOONH8SUN,1055.0,293.0,140.089257,0.0,6627.0,TRNEYNN128F92C21F7,7.581251562500001,,
TRKRVKD128F9327008,,,,,,,,,,,,,,,,,TRNEYNN128F92C21F7,,,0.6080880249973781
TROJJKH128F425C8D8,,,,,,,,,,,,,,,,,TRNEYNN128F92C21F7,,0.5895153146253366,
TRTKAVS128F93096FD,,,,,,,,,,,,,,,,,TRNEYNN128F92C21F7,,0.6339983306142639,0.6433912692526554
TRWRUQO128F14733DD,,,,,,,,,,,,,,,,,TRNEYNN128F92C21F7,,0.5913379596956762,0.6102263991013114
TRWSYHO128F4282346,SOKHOQG12A8C13EBF2,ARSE5NP1187B9B98AB,Twista,I'm A Winner (Amended Album Version),The Day After,2005.0,260.23138,0.889613554744,0.593808365175,hip hop,rap; Hip-Hop; winner in bed twista,1253.0,166.0,218.622963,0.0,7320.0,TRNEYNN128F92C21F7,8.399940625000001,,
TRDPGXU128F9339C2A,SOELYON12AB01876A3,ARLHO5Z1187FB4C861,Beastie Boys,B-Boy Bouillabaisse: A.W.O.L. (2009 Digital Remaster),Paul's Boutique (20th Anniversary Remastered Edition),0.0,105.56036,0.853124523276,0.591628024008,hip hop,hip hop; leapsandbounds CDCollection,1746.0,505.0,153.652205,0.0,3420.0,TRNGOHS128E0781235,,,
TREBGAA128E078FC52,,,,,,,,,,,,,,,,,TRNGOHS128E0781235,4.044714062499999,,
TRFUJVJ128F426F2A2,SOONCPO12AF72A1986,AR8W8P31187B9A4063,Lauryn Hill,Interlude 5,MTV Unplugged No. 2.0,2002.0,734.48444,0.697206464376,0.580125198887,r&b/soul,ms hill; the realness; The Truth; true; rnb,1903.0,409.0,215.044182,0.0,3882.0,TRNGOHS128E0781235,4.477600000000001,,
TRKLJAG128F42B31CF,,,,,,,,,,,,,,,,,TRNGOHS128E0781235,,0.770583398708875,0.7747224262263515
TRQBHPO128F9307C8E,,,,,,,,,,,,,,,,,TRNGOHS128E0781235,,0.790499352448746,0.79558930609822
TRWSYHO128F4282346,SOKHOQG12A8C13EBF2,ARSE5NP1187B9B98AB,Twista,I'm A Winner (Amended Album Version),The Day After,2005.0,260.23138,0.889613554744,0.593808365175,hip hop,rap; Hip-Hop; winner in bed twista,1253.0,166.0,218.622963,0.0,3674.0,TRNGOHS128E0781235,4.347490625000001,,
TRYATVR128F4283D4A,,,,,,,,,,,,,,,,,TRNGOHS128E0781235,,0.7980600525166064,0.8042621450617822
TRAQOZG128F4263EE2,,,,,,,,,,,,,,,,,TRNHATG128F428BC8A,,0.7645189525473,0.7716834565632026
TREBGAA128E078FC52,SOVYGAV12A58A7C3A9,AR24DZB1187FB3C869,Erykah Badu,I Want You,Worldwide Underground,2003.0,653.13914,0.855731901717,0.584841725537,r&b/soul,soul; Neo-Soul; female vocalists; rnb; Erykah Badu,617.0,98.0,153.163312,0.0,4868.0,TRNHATG128F428BC8A,5.899031249999998,,
TRFUJVJ128F426F2A2,SOONCPO12AF72A1986,AR8W8P31187B9A4063,Lauryn Hill,Interlude 5,MTV Unplugged No. 2.0,2002.0,734.48444,0.697206464376,0.580125198887,r&b/soul,ms hill; the realness; The Truth; true; rnb,1903.0,409.0,215.044182,0.0,5725.0,TRNHATG128F428BC8A,6.650249999999997,,
TRLQBZP12903CECC4A,,,,,,,,,,,,,,,,,TRNHATG128F428BC8A,,0.7799721965660295,0.7863453831346229
TRSRDVR128F92E6CF4,,,,,,,,,,,,,,,,,TRNHATG128F428BC8A,,0.9954110187808062,0.9955455951265381
TRWSYHO128F4282346,SOKHOQG12A8C13EBF2,ARSE5NP1187B9B98AB,Twista,I'm A Winner (Amended Album Version),The Day After,2005.0,260.23138,0.889613554744,0.593808365175,hip hop,rap; Hip-Hop; winner in bed twista,1253.0,166.0,218.622963,0.0,5753.0,TRNHATG128F428BC8A,6.860562500000001,,
TRDPGXU128F9339C2A,SOELYON12AB01876A3,ARLHO5Z1187FB4C861,Beastie Boys,B-Boy Bouillabaisse: A.W.O.L. (2009 Digital Remaster),Paul's Boutique (20th Anniversary Remastered Edition),0.0,105.56036,0.853124523276,0.591628024008,hip hop,hip hop; leapsandbounds CDCollection,1746.0,505.0,153.652205,0.0,5913.0,TRNJPBY128F92F621A,,,
TREBGAA128E078FC52,SOVYGAV12A58A7C3A9,AR24DZB1187FB3C869,Erykah Badu,I Want You,Worldwide Underground,2003.0,653.13914,0.855731901717,0.584841725537,r&b/soul,soul; Neo-Soul; female vocalists; rnb; Erykah Badu,617.0,98.0,153.163312,0.0,5877.0,TRNJPBY128F92F621A,7.0749046875,,
TRKLJAG128F42B31CF,,,,,,,,,,,,,,,,,TRNJPBY128F92F621A,6.856796875000002,0.7242473250487097,0.729452448407703
TRLIRTX128EF35F038,,,,,,,,,,,,,,,,,TRNJPBY128F92F621A,,0.7181540570444181,0.7167654147531861
TRWBWCV12903CF1327,,,,,,,,,,,,,,,,,TRNJPBY128F92F621A,,0.7051030477731474,0.7140989729480632
TRWSYHO128F4282346,SOKHOQG12A8C13EBF2,ARSE5NP1187B9B98AB,Twista,I'm A Winner (Amended Album Version),The Day After,2005.0,260.23138,0.889613554744,0.593808365175,hip hop,rap; Hip-Hop; winner in bed twista,1253.0,166.0,218.622963,0.0,6490.0,TRNJPBY128F92F621A,7.629996875,,
TRCHZXW128E079288A,SOMEJDK12D0219BB71,ARTH9041187FB43E1F,Eminem,8 Mile,8 Mile,2002.0,359.3922,0.886183647684,0.852677055416,hip hop,rap; Hip-Hop; Eminem; Soundtrack; hip hop,1141.0,328.0,132.992481,0.0,3749.0,TRNOUUF128F4280B8D,4.407549999999999,0.74801601306172,0.75774016369134
TRDPGXU128F9339C2A,SOELYON12AB01876A3,ARLHO5Z1187FB4C861,Beastie Boys,B-Boy Bouillabaisse: A.W.O.L. (2009 Digital Remaster),Paul's Boutique (20th Anniversary Remastered Edition),0.0,105.56036,0.853124523276,0.591628024008,hip hop,hip hop; leapsandbounds CDCollection,1746.0,505.0,153.652205,0.0,3657.0,TRNOUUF128F4280B8D,4.201949999999999,,
TREBQOW128F92C4549,,,,,,,,,,,,,,,,,TRNOUUF128F4280B8D,,0.7462799898868104,0.7555192686623954
TRTVTYS128E0792887,,,,,,,,,,,,,,,,,TRNOUUF128F4280B8D,,0.7477634748512687,0.7575083177970414
TRXHFMI128F429B2F2,SOPSDTK12A8C13C52D,ARIRE5Q1187FB4DC13,Rufio,Over It (Acoustic),Punk Goes Acoustic,0.0,114.23302,0.707525588474,0.493312154342,punk,punk; emo; rock; acoustic; punk rock,526.0,92.0,135.716617,0.0,3583.0,TRNOUUF128F4280B8D,4.329050000000003,,
TRBEBJO128C719646B,SORXHBR12AF72A5DA5,ARCBD0U1187FB466EF,Nelly,Splurge,Nellyville,2002.0,309.49832,0.912368981478,0.787994622198,hip hop,Hip-Hop; rap; hip hop; rnb; 00s,911.0,225.0,131.289756,0.0,4008.0,TRNQDAJ128F92F4AE0,,0.6256400206416587,0.6425857531241738
TREBGAA128E078FC52,,,,,,,,,,,,,,,,,TRNQDAJ128F92F4AE0,4.742035937499999,,
TRFUJVJ128F426F2A2,SOONCPO12AF72A1986,AR8W8P31187B9A4063,Lauryn Hill,Interlude 5,MTV Unplugged No. 2.0,2002.0,734.48444,0.697206464376,0.580125198887,r&b/soul,ms hill; the realness; The Truth; true; rnb,1903.0,409.0,215.044182,0.0,5698.0,TRNQDAJ128F92F4AE0,6.3934000000000015,,
TROHAHB128F4284DCA,,,,,,,,,,,,,,,,,TRNQDAJ128F92F4AE0,,,0.6444344381904505
TRRXHUS128F4289B89,,,,,,,,,,,,,,,,,TRNQDAJ128F92F4AE0,,0.6977854778434897,0.7116653289954948
TRWNUXN128F93095BF,,,,,,,,,,,,,,,,,TRNQDAJ128F92F4AE0,,0.628835058861,
TRWSYHO128F4282346,SOKHOQG12A8C13EBF2,ARSE5NP1187B9B98AB,Twista,I'm A Winner (Amended Album Version),The Day After,2005.0,260.23138,0.889613554744,0.593808365175,hip hop,rap; Hip-Hop; winner in bed twista,1253.0,166.0,218.622963,0.0,4709.0,TRNQDAJ128F92F4AE0,5.409759375000001,,
TRDGKXL128E07831AA,,,,,,,,,,,,,,,,,TRNQSWR128EF34375F,,0.4395704107960554,0.45975612795704196
TRFUJVJ128F426F2A2,SOONCPO12AF72A1986,AR8W8P31187B9A4063,Lauryn Hill,Interlude 5,MTV Unplugged No. 2.0,2002.0,734.48444,0.697206464376,0.580125198887,r&b/soul,ms hill; the realness; The Truth; true; rnb,1903.0,409.0,215.044182,0.0,2651.0,TRNQSWR128EF34375F,,,
TRJAZRW12903CAFA01,,,,,,,,,,,,,,,,,TRNQSWR128EF34375F,2.95345,,
TRTLIKK128E07862DA,SOKTWCO12A67020DC0,ARM9HR61187B9AD75A,Ja Rule,One of Us,Rule 3:36,2000.0,356.85832,0.77983324054,0.541519545221,hip hop,Ja Rule; Hip-Hop; east coast rap; 2000; rappers,996.0,215.0,158.347719,0.0,2670.0,TRNQSWR128EF34375F,2.9091875,,
TRXKZQN128F149CB73,,,,,,,,,,,,,,,,,TRNQSWR128EF34375F,,0.40621675634954985,0.43066850856805156
TRYQAJC128F145A2CF,SOEPDZY12A6D4F72DD,ARDA9NZ1187FB3A825,Röyksopp,Remind Me (Live),Röyksopp's Night Out (Live EP),0.0,227.49995,0.793644920798,0.545834724662,electronic,electronic; electronica; royksopp; dance; electronica chillout,405.0,96.0,107.242715,0.0,2586.0,TRNQSWR128EF34375F,3.10689375,0.419342518742722,0.42653761230192777
TRBDCVT128F428CB03,,,,,,,,,,,,,,,,,TRNUDHG12903CAF56B,,0.5409897585041062,
TRFCNPY128F934AF94,,,,,,,,,,,,,,,,,TRNUDHG12903CAF56B,,0.5537710997797849,0.5634006699500398
TRFUJVJ128F426F2A2,SOONCPO12AF72A1986,AR8W8P31187B9A4063,Lauryn Hill,Interlude 5,MTV Unplugged No. 2.0,2002.0,734.48444,0.697206464376,0.580125198887,r&b/soul,ms hill; the realness; The Truth; true; rnb,1903.0,409.0,215.044182,0.0,626.0,TRNUDHG12903CAF56B,0.7227,,
TRGFZZN128F14530CA,,,,,,,,,,,,,,,,,TRNUDHG12903CAF56B,,0.5734606966845793,0.583115436899835
TRLDRYJ128F930BBB4,SOTGJNY12AB017E23D,ARH7H5K1187B98FA67,Pain of Salvation,Spitfall,Scarsick,2007.0,437.002,0.692216738815,0.521275882557,metal,Progressive metal; Progressive; Progressive rock; Gangsta Rap; Pain Of Salvation,986.0,292.0,111.337325,0.0,341.0,TRNUDHG12903CAF56B,0.3974874999999997,,
TRQENBA128F426093C,,,,,,,,,,,,,,,,,TRNUDHG12903CAF56B,,,0.5513067596400915
TRTLIKK128E07862DA,SOKTWCO12A67020DC0,ARM9HR61187B9AD75A,Ja Rule,One of Us,Rule 3:36,2000.0,356.85832,0.77983324054,0.541519545221,hip hop,Ja Rule; Hip-Hop; east coast rap; 2000; rappers,996.0,215.0,158.347719,0.0,343.0,TRNUDHG12903CAF56B,0.39259374999999996,,
TRDPGXU128F9339C2A,SOELYON12AB01876A3,ARLHO5Z1187FB4C861,Beastie Boys,B-Boy Bouillabaisse: A.W.O.L. (2009 Digital Remaster),Paul's Boutique (20th Anniversary Remastered Edition),0.0,105.56036,0.853124523276,0.591628024008,hip hop,hip hop; leapsandbounds CDCollection,1746.0,505.0,153.652205,0.0,13137.0,TRNVKOI128E0799173,15.082537500000006,0.8554211356996329,0.8650766272567033
TRFUJVJ128F426F2A2,SOONCPO12AF72A1986,AR8W8P31187B9A4063,Lauryn Hill,Interlude 5,MTV Unplugged No. 2.0,2002.0,734.48444,0.697206464376,0.580125198887,r&b/soul,ms hill; the realness; The Truth; true; rnb,1903.0,409.0,215.044182,0.0,15031.0,TRNVKOI128E0799173,17.187949999999987,,
TRJPNAE128F425FAFB,,,,,,,,,,,,,,,,,TRNVKOI128E0799173,,0.860717127216311,0.8695694012122461
TRPJILS128F9301616,,,,,,,,,,,,,,,,,TRNVKOI128E0799173,,0.8616027405496952,0.8702964194888465
TRWSYHO128F4282346,SOKHOQG12A8C13EBF2,ARSE5NP1187B9B98AB,Twista,I'm A Winner (Amended Album Version),The Day After,2005.0,260.23138,0.889613554744,0.593808365175,hip hop,rap; Hip-Hop; winner in bed twista,1253.0,166.0,218.622963,0.0,11084.0,TRNVKOI128E0799173,12.808824999999992,,
TRDPGXU128F9339C2A,SOELYON12AB01876A3,ARLHO5Z1187FB4C861,Beastie Boys,B-Boy Bouillabaisse: A.W.O.L. (2009 Digital Remaster),Paul's Boutique (20th Anniversary Remastered Edition),0.0,105.56036,0.853124523276,0.591628024008,hip hop,hip hop; leapsandbounds CDCollection,1746.0,505.0,153.652205,0.0,7016.0,TRNWHUD128F932E304,,,
TREBGAA128E078FC52,,,,,,,,,,,,,,,,,TRNWHUD128F932E304,8.426173437500005,,
TRFUJVJ128F426F2A2,SOONCPO12AF72A1986,AR8W8P31187B9A4063,Lauryn Hill,Interlude 5,MTV Unplugged No. 2.0,2002.0,734.48444,0.697206464376,0.580125198887,r&b/soul,ms hill; the realness; The Truth; true; rnb,1903.0,409.0,215.044182,0.0,8789.0,TRNWHUD128F932E304,10.09155,,
TRKEINR128F4258B98,,,,,,,,,,,,,,,,,TRNWHUD128F932E304,,0.8027120628514712,0.8100800277820065
TROXHLM128F4266510,,,,,,,,,,,,,,,,,TRNWHUD128F932E304,,0.7916165377099595,0.8019385595698869
TRWSYHO128F4282346,SOKHOQG12A8C13EBF2,ARSE5NP1187B9B98AB,Twista,I'm A Winner (Amended Album Version),The Day After,2005.0,260.23138,0.889613554744,0.593808365175,hip hop,rap; Hip-Hop; winner in bed twista,1253.0,166.0,218.622963,0.0,7434.0,TRNWHUD128F932E304,8.707784375000001,,
TRZCHKB128F92CB740,,,,,,,,,,,,,,,,,TRNWHUD128F932E304,,0.7988456432230548,0.8097786208426687
TRDVUEH12903D0FAA9,SOIAVVA12AC468AAAE,AR1ZHZ51187FB37FEC,Violadores del Verso,La ciudad nunca duerme,Vicios y Virtudes,2001.0,339.3824,0.658189532108,0.524275367928,hip hop,Hip-Hop,499.0,168.0,65.543878,0.0,1973.0,TRNXCMJ128F4295BC6,2.3839562499999967,,
TRMFPWC128F42A3887,,,,,,,,,,,,,,,,,TRNXCMJ128F4295BC6,,0.7395760097340462,0.7430553759796567
TRMGTKW128F42359E9,,,,,,,,,,,,,,,,,TRNXCMJ128F4295BC6,,0.7576177968446102,0.7623361782989397
TRQIRWO128F428787E,,,,,,,,,,,,,,,,,TRNXCMJ128F4295BC6,,0.7418362874093054,0.7437103690368632
TRRCXJT128F425BB27,SOXHJYM12A8C13A2A2,ARBJ8QE1187B9902D3,Rey Ruiz,No Existe Un Lugar,Fenomenal,2000.0,287.05914,0.624563277054,0.422191582694,latin,salsa romantica; Madonna; salsa; Marc Anthony; TKA,338.0,66.0,64.745656,0.0,1868.0,TRNXCMJ128F4295BC6,2.278212500000003,,
TRTHNFG12903D0CE54,SONCVPT12AC468B123,AR1ZHZ51187FB37FEC,Violadores del Verso,Dale tiempo al rumor,Vivir Para Contarlo,2006.0,370.02404,0.658189532108,0.524275367928,hip hop,spanish; Hip-Hop; subelamusica; spanish rap; Doble V,749.0,199.0,99.95499,0.0,2540.0,TRNXCMJ128F4295BC6,3.053003125,,
TRGTGWE128F42ACB3A,,,,,,,,,,,,,,,,,TRNXJGR128F93044E7,,0.7477452464948454,0.75420571824152
TRIJHLY12903D0CE4D,SOAEBYL12AC468B119,AR1ZHZ51187FB37FEC,Violadores del Verso,Cantando,Vivir Para Contarlo,2006.0,312.92036,0.658189532108,0.503436953654,hip hop,Hip-Hop; spanish hip-hop; rap; spanish; hip hop,671.0,209.0,83.660026,0.0,1247.0,TRNXJGR128F93044E7,1.4944937499999997,,
TRIOIZQ128F42BBC6C,,,,,,,,,,,,,,,,,TRNXJGR128F93044E7,,0.7681111578529525,0.7738504648542559
TRTHNFG12903D0CE54,SONCVPT12AC468B123,AR1ZHZ51187FB37FEC,Violadores del Verso,Dale tiempo al rumor,Vivir Para Contarlo,2006.0,370.02404,0.658189532108,0.524275367928,hip hop,spanish; Hip-Hop; subelamusica; spanish rap; Doble V,749.0,199.0,99.95499,0.0,1325.0,TRNXJGR128F93044E7,1.5833687499999995,,
TRWQZXS128F92DB731,SOLJOIC12A8C145316,ARVH6PU1187FB46B3F,Victor Manuelle,Lloré Lloré,Historia De Un Sonero,0.0,308.50567,0.668543746567,0.490615493311,latin,salsa; great to dance,365.0,79.0,77.369245,0.0,1004.0,TRNXJGR128F93044E7,1.2167625,,
TRYFBLW128F428A81A,,,,,,,,,,,,,,,,,TRNXJGR128F93044E7,,0.7473980585882701,0.7541124213306418
TRDPGXU128F9339C2A,SOELYON12AB01876A3,ARLHO5Z1187FB4C861,Beastie Boys,B-Boy Bouillabaisse: A.W.O.L. (2009 Digital Remaster),Paul's Boutique (20th Anniversary Remastered Edition),0.0,105.56036,0.853124523276,0.591628024008,hip hop,hip hop; leapsandbounds CDCollection,1746.0,505.0,153.652205,0.0,3609.0,TRNXWLK128F92EC9A7,4.174648437499995,,
TRDQLTF128E0787809,,,,,,,,,,,,,,,,,TRNXWLK128F92EC9A7,,0.7772824984384767,0.7854657595066026
TREIANS128F147AD97,,,,,,,,,,,,,,,,,TRNXWLK128F92EC9A7,,,0.7666164037456286
TRFUJVJ128F426F2A2,SOONCPO12AF72A1986,AR8W8P31187B9A4063,Lauryn Hill,Interlude 5,MTV Unplugged No. 2.0,2002.0,734.48444,0.697206464376,0.580125198887,r&b/soul,ms hill; the realness; The Truth; true; rnb,1903.0,409.0,215.044182,0.0,4220.0,TRNXWLK128F92EC9A7,4.872499999999995,,
TRGDGKP128F42A34A7,,,,,,,,,,,,,,,,,TRNXWLK128F92EC9A7,,0.7775174918346015,0.785685329769337
TRWSYHO128F4282346,SOKHOQG12A8C13EBF2,ARSE5NP1187B9B98AB,Twista,I'm A Winner (Amended Album Version),The Day After,2005.0,260.23138,0.889613554744,0.593808365175,hip hop,rap; Hip-Hop; winner in bed twista,1253.0,166.0,218.622963,0.0,3545.0,TRNXWLK128F92EC9A7,4.168203124999998,,
TRXZNNF12903CA6F9B,,,,,,,,,,,,,,,,,TRNXWLK128F92EC9A7,,0.7578529350414345,
TRBOMMX128F426593B,,,,,,,,,,,,,,,,,TRNZCWJ128F427099F,,0.6452087927872598,0.6597289562238479
TRCHZXW128E079288A,SOMEJDK12D0219BB71,ARTH9041187FB43E1F,Eminem,8 Mile,8 Mile,2002.0,359.3922,0.886183647684,0.852677055416,hip hop,rap; Hip-Hop; Eminem; Soundtrack; hip hop,1141.0,328.0,132.992481,0.0,1139.0,TRNZCWJ128F427099F,1.2902062499999998,,
TRDPGXU128F9339C2A,SOELYON12AB01876A3,ARLHO5Z1187FB4C861,Beastie Boys,B-Boy Bouillabaisse: A.W.O.L. (2009 Digital Remaster),Paul's Boutique (20th Anniversary Remastered Edition),0.0,105.56036,0.853124523276,0.591628024008,hip hop,hip hop; leapsandbounds CDCollection,1746.0,505.0,153.652205,0.0,1696.0,TRNZCWJ128F427099F,1.943043750000001,,
TREIMWU128F14570E1,,,,,,,,,,,,,,,,,TRNZCWJ128F427099F,,0.6598012519105698,0.6732444622478669
TRFUJVJ128F426F2A2,SOONCPO12AF72A1986,AR8W8P31187B9A4063,Lauryn Hill,Interlude 5,MTV Unplugged No. 2.0,2002.0,734.48444,0.697206464376,0.580125198887,r&b/soul,ms hill; the realness; The Truth; true; rnb,1903.0,409.0,215.044182,0.0,1648.0,TRNZCWJ128F427099F,1.8484000000000003,,
TRPYVFQ128F9314D82,,,,,,,,,,,,,,,,,TRNZCWJ128F427099F,,0.6723403340498152,0.6842119717617625
TRCDLUM128F9331CA9,,,,,,,,,,,,,,,,,TRNZNSR128F429F04B,,0.6529901625776058,0.667025812177734
TREXCMT128F933D825,SOWVWEG12AF72A37C7,ARQUN9K1187B9B5BD7,Vanilla Ice,It's A Party,To The Extreme,1989.0,278.49098,0.722075127339,0.463037021551,hip hop,rap; 80s; Jam; leapsandbounds CDCollection,832.0,201.0,139.942845,0.0,2829.0,TRNZNSR128F429F04B,3.3256249999999987,,
TRFUJVJ128F426F2A2,SOONCPO12AF72A1986,AR8W8P31187B9A4063,Lauryn Hill,Interlude 5,MTV Unplugged No. 2.0,2002.0,734.48444,0.697206464376,0.580125198887,r&b/soul,ms hill; the realness; The Truth; true; rnb,1903.0,409.0,215.044182,0.0,3485.0,TRNZNSR128F429F04B,3.896250000000001,,
TRJLMAI128F92EBB04,,,,,,,,,,,,,,,,,TRNZNSR128F429F04B,,0.6655444221016603,0.6809337442010978
TRWSYHO128F4282346,SOKHOQG12A8C13EBF2,ARSE5NP1187B9B98AB,Twista,I'm A Winner (Amended Album Version),The Day After,2005.0,260.23138,0.889613554744,0.593808365175,hip hop,rap; Hip-Hop; winner in bed twista,1253.0,166.0,218.622963,0.0,3029.0,TRNZNSR128F429F04B,3.485625,,
TRYOUMI128E078F4DE,,,,,,,,,,,,,,,,,TRNZNSR128F429F04B,,0.6356607600794257,0.6464082644947164
TRDPGXU128F9339C2A,SOELYON12AB01876A3,ARLHO5Z1187FB4C861,Beastie Boys,B-Boy Bouillabaisse: A.W.O.L. (2009 Digital Remaster),Paul's Boutique (20th Anniversary Remastered Edition),0.0,105.56036,0.853124523276,0.591628024008,hip hop,hip hop; leapsandbounds CDCollection,1746.0,505.0,153.652205,0.0,1532.0,TRNZQVO128F427A71E,1.6899578125000003,,
TRFUJVJ128F426F2A2,SOONCPO12AF72A1986,AR8W8P31187B9A4063,Lauryn Hill,Interlude 5,MTV Unplugged No. 2.0,2002.0,734.48444,0.697206464376,0.580125198887,r&b/soul,ms hill; the realness; The Truth; true; rnb,1903.0,409.0,215.044182,0.0,1825.0,TRNZQVO128F427A71E,2.0121499999999997,,
TRITIFV128F4294213,,,,,,,,,,,,,,,,,TRNZQVO128F427A71E,,0.6242314817702787,0.6401766373602283
TRPUCJZ12903D12FDD,,,,,,,,,,,,,,,,,TRNZQVO128F427A71E,,0.6200440763937315,0.6287694619975158
TRUWJOP128F42420DC,,,,,,,,,,,,,,,,,TRNZQVO128F427A71E,,0.6084335483863242,0.6225176217771732
TRWSYHO128F4282346,SOKHOQG12A8C13EBF2,ARSE5NP1187B9B98AB,Twista,I'm A Winner (Amended Album Version),The Day After,2005.0,260.23138,0.889613554744,0.593808365175,hip hop,rap; Hip-Hop; winner in bed twista,1253.0,166.0,218.622963,0.0,1506.0,TRNZQVO128F427A71E,1.706634375,,
TRBWKZD128F428AAEB,,,,,,,,,,,,,,,,,TROAQBZ128F9326213,,0.6415703323556003,0.6615110333655913
TRCHZXW128E079288A,SOMEJDK12D0219BB71,ARTH9041187FB43E1F,Eminem,8 Mile,8 Mile,2002.0,359.3922,0.886183647684,0.852677055416,hip hop,rap; Hip-Hop; Eminem; Soundtrack; hip hop,1141.0,328.0,132.992481,0.0,4144.0,TROAQBZ128F9326213,4.7198546875,,
TRDPGXU128F9339C2A,SOELYON12AB01876A3,ARLHO5Z1187FB4C861,Beastie Boys,B-Boy Bouillabaisse: A.W.O.L. (2009 Digital Remaster),Paul's Boutique (20th Anniversary Remastered Edition),0.0,105.56036,0.853124523276,0.591628024008,hip hop,hip hop; leapsandbounds CDCollection,1746.0,505.0,153.652205,0.0,4649.0,TROAQBZ128F9326213,5.201520312500001,,
TREBPOO128F4297132,,,,,,,,,,,,,,,,,TROAQBZ128F9326213,,0.6436484675347781,0.6587729878647447
TRFUJVJ128F426F2A2,SOONCPO12AF72A1986,AR8W8P31187B9A4063,Lauryn Hill,Interlude 5,MTV Unplugged No. 2.0,2002.0,734.48444,0.697206464376,0.580125198887,r&b/soul,ms hill; the realness; The Truth; true; rnb,1903.0,409.0,215.044182,0.0,4646.0,TROAQBZ128F9326213,5.078399999999999,,
TRGOLAX128F92F87BF,,,,,,,,,,,,,,,,,TROAQBZ128F9326213,,0.6433441104184359,0.6610239550759045
TRIJHLY12903D0CE4D,SOAEBYL12AC468B119,AR1ZHZ51187FB37FEC,Violadores del Verso,Cantando,Vivir Para Contarlo,2006.0,312.92036,0.658189532108,0.503436953654,hip hop,Hip-Hop; spanish hip-hop; rap; spanish; hip hop,671.0,209.0,83.660026,0.0,1542.0,TROBWIG12903CB0FD7,1.8443859375000002,,
TRLTIHK128F42521C0,,,,,,,,,,,,,,,,,TROBWIG12903CB0FD7,,0.7882810532143942,0.7918395959918446
TROIVHS128F931D5F0,,,,,,,,,,,,,,,,,TROBWIG12903CB0FD7,,0.798609088748079,0.8025887616656597
TRPMUDQ128F425218E,,,,,,,,,,,,,,,,,TROBWIG12903CB0FD7,,0.8158806214442536,0.8195208037719853
TRTHNFG12903D0CE54,SONCVPT12AC468B123,AR1ZHZ51187FB37FEC,Violadores del Verso,Dale tiempo al rumor,Vivir Para Contarlo,2006.0,370.02404,0.658189532108,0.524275367928,hip hop,spanish; Hip-Hop; subelamusica; spanish rap; Doble V,749.0,199.0,99.95499,0.0,1915.0,TROBWIG12903CB0FD7,2.299479687499998,,
TRWQZXS128F92DB731,SOLJOIC12A8C145316,ARVH6PU1187FB46B3F,Victor Manuelle,Lloré Lloré,Historia De Un Sonero,0.0,308.50567,0.668543746567,0.490615493311,latin,salsa; great to dance,365.0,79.0,77.369245,0.0,1308.0,TROBWIG12903CB0FD7,1.5855406249999993,,
TRCHZXW128E079288A,SOMEJDK12D0219BB71,ARTH9041187FB43E1F,Eminem,8 Mile,8 Mile,2002.0,359.3922,0.886183647684,0.852677055416,hip hop,rap; Hip-Hop; Eminem; Soundtrack; hip hop,1141.0,328.0,132.992481,0.0,1772.0,TROFEVE12903CD8AAA,2.0117812500000003,,
TRDPGXU128F9339C2A,SOELYON12AB01876A3,ARLHO5Z1187FB4C861,Beastie Boys,B-Boy Bouillabaisse: A.W.O.L. (2009 Digital Remaster),Paul's Boutique (20th Anniversary Remastered Edition),0.0,105.56036,0.853124523276,0.591628024008,hip hop,hip hop; leapsandbounds CDCollection,1746.0,505.0,153.652205,0.0,2092.0,TROFEVE12903CD8AAA,2.3457187500000005,,
TRFUJVJ128F426F2A2,SOONCPO12AF72A1986,AR8W8P31187B9A4063,Lauryn Hill,Interlude 5,MTV Unplugged No. 2.0,2002.0,734.48444,0.697206464376,0.580125198887,r&b/soul,ms hill; the realness; The Truth; true; rnb,1903.0,409.0,215.044182,0.0,2268.0,TROFEVE12903CD8AAA,2.5130000000000003,,
TRNEDXS128EF347095,,,,,,,,,,,,,,,,,TROFEVE12903CD8AAA,,0.6204365192080387,0.6311391808738567
TRSLGXM12903CE5B9C,,,,,,,,,,,,,,,,,TROFEVE12903CD8AAA,,0.62434582126985,0.6374657574594913
TRWWLCH128F9307E59,,,,,,,,,,,,,,,,,TROFEVE12903CD8AAA,,0.6387857487434715,0.6520805604100922
TREBGAA128E078FC52,SOVYGAV12A58A7C3A9,AR24DZB1187FB3C869,Erykah Badu,I Want You,Worldwide Underground,2003.0,653.13914,0.855731901717,0.584841725537,r&b/soul,soul; Neo-Soul; female vocalists; rnb; Erykah Badu,617.0,98.0,153.163312,0.0,3978.0,TROGTUS128F932D6CB,4.831332812500001,,
TRFUJVJ128F426F2A2,SOONCPO12AF72A1986,AR8W8P31187B9A4063,Lauryn Hill,Interlude 5,MTV Unplugged No. 2.0,2002.0,734.48444,0.697206464376,0.580125198887,r&b/soul,ms hill; the realness; The Truth; true; rnb,1903.0,409.0,215.044182,0.0,4813.0,TROGTUS128F932D6CB,5.632149999999999,,
TRISFKH128F9336E63,,,,,,,,,,,,,,,,,TROGTUS128F932D6CB,,0.7923761857122207,0.7991199678096599
TRNHSZN128F930FF03,,,,,,,,,,,,,,,,,TROGTUS128F932D6CB,,0.7914956272938074,0.7979245614795774
TRWNUXN128F93095BF,,,,,,,,,,,,,,,,,TROGTUS128F932D6CB,,0.789678655257609,0.7954905739980809
TRWSYHO128F4282346,SOKHOQG12A8C13EBF2,ARSE5NP1187B9B98AB,Twista,I'm A Winner (Amended Album Version),The Day After,2005.0,260.23138,0.889613554744,0.593808365175,hip hop,rap; Hip-Hop; winner in bed twista,1253.0,166.0,218.622963,0.0,4510.0,TROGTUS128F932D6CB,5.386478124999999,,
TRDENDW128F42747AE,,,,,,,,,,,,,,,,,TROGUOT128F147F39A,,0.8348878714500747,0.840067919980346
TRFUJVJ128F426F2A2,SOONCPO12AF72A1986,AR8W8P31187B9A4063,Lauryn Hill,Interlude 5,MTV Unplugged No. 2.0,2002.0,734.48444,0.697206464376,0.580125198887,r&b/soul,ms hill; the realness; The Truth; true; rnb,1903.0,409.0,215.044182,0.0,4990.0,TROGUOT128F147F39A,5.860299999999999,,
TRGLNKG128F9307689,SOFVLYU12AB017F502,ARTH9041187FB43E1F,Eminem,My Darling,Relapse [Deluxe],2009.0,320.49587,0.871010615313,0.879236744738,hip hop,rap; detroit; Hip-Hop; Horrorcore; MOONH8SUN,1055.0,293.0,140.089257,0.0,3483.0,TROGUOT128F147F39A,4.12286875,,
TRPBTSJ128F42A3168,,,,,,,,,,,,,,,,,TROGUOT128F147F39A,,0.8371306691765782,0.8429679722119156
TRWSYHO128F4282346,SOKHOQG12A8C13EBF2,ARSE5NP1187B9B98AB,Twista,I'm A Winner (Amended Album Version),The Day After,2005.0,260.23138,0.889613554744,0.593808365175,hip hop,rap; Hip-Hop; winner in bed twista,1253.0,166.0,218.622963,0.0,3658.0,TROGUOT128F147F39A,4.3259875,,
TRZBPGN128F92EDF7E,,,,,,,,,,,,,,,,,TROGUOT128F147F39A,,0.8406231946758764,0.8467369926646121
TRAFLMU128F4274A4D,,,,,,,,,,,,,,,,,TROIJDA128F9341E70,,0.8013249120972741,0.8070928945766809
TRDQNSS128F4240C31,,,,,,,,,,,,,,,,,TROIJDA128F9341E70,,0.8111011647829062,0.8159029279039322
TREBGAA128E078FC52,SOVYGAV12A58A7C3A9,AR24DZB1187FB3C869,Erykah Badu,I Want You,Worldwide Underground,2003.0,653.13914,0.855731901717,0.584841725537,r&b/soul,soul; Neo-Soul; female vocalists; rnb; Erykah Badu,617.0,98.0,153.163312,0.0,15433.0,TROIJDA128F9341E70,18.7646203125,,
TRFUJVJ128F426F2A2,SOONCPO12AF72A1986,AR8W8P31187B9A4063,Lauryn Hill,Interlude 5,MTV Unplugged No. 2.0,2002.0,734.48444,0.697206464376,0.580125198887,r&b/soul,ms hill; the realness; The Truth; true; rnb,1903.0,409.0,215.044182,0.0,15352.0,TROIJDA128F9341E70,17.757099999999998,,
TRNLKLH128EF340A43,,,,,,,,,,,,,,,,,TROIJDA128F9341E70,,0.7968875277543436,0.8027817649452463
TRWSYHO128F4282346,SOKHOQG12A8C13EBF2,ARSE5NP1187B9B98AB,Twista,I'm A Winner (Amended Album Version),The Day After,2005.0,260.23138,0.889613554744,0.593808365175,hip hop,rap; Hip-Hop; winner in bed twista,1253.0,166.0,218.622963,0.0,14738.0,TROIJDA128F9341E70,17.486053124999994,,
TRDPGXU128F9339C2A,SOELYON12AB01876A3,ARLHO5Z1187FB4C861,Beastie Boys,B-Boy Bouillabaisse: A.W.O.L. (2009 Digital Remaster),Paul's Boutique (20th Anniversary Remastered Edition),0.0,105.56036,0.853124523276,0.591628024008,hip hop,hip hop; leapsandbounds CDCollection,1746.0,505.0,153.652205,0.0,2672.0,TROLGMC128F4259BB8,2.9745468749999993,,
TRFUJVJ128F426F2A2,SOONCPO12AF72A1986,AR8W8P31187B9A4063,Lauryn Hill,Interlude 5,MTV Unplugged No. 2.0,2002.0,734.48444,0.697206464376,0.580125198887,r&b/soul,ms hill; the realness; The Truth; true; rnb,1903.0,409.0,215.044182,0.0,3126.0,TROLGMC128F4259BB8,3.4704999999999995,,
TRLXXCC128F92EABC3,,,,,,,,,,,,,,,,,TROLGMC128F4259BB8,,0.5893803592235468,0.6101384291647136
TRNJNUP128E078F822,,,,,,,,,,,,,,,,,TROLGMC128F4259BB8,,0.5881952451112965,0.6085229691820605
TRWSYHO128F4282346,SOKHOQG12A8C13EBF2,ARSE5NP1187B9B98AB,Twista,I'm A Winner (Amended Album Version),The Day After,2005.0,260.23138,0.889613554744,0.593808365175,hip hop,rap; Hip-Hop; winner in bed twista,1253.0,166.0,218.622963,0.0,2560.0,TROLGMC128F4259BB8,2.914406250000001,,
TRZCHKB128F92CB740,,,,,,,,,,,,,,,,,TROLGMC128F4259BB8,,0.5863910949639687,0.6090711087036049
TRBVPVV128F425F14F,SOOHYOB12CF5F87A28,ARF8HTQ1187B9AE693,Daft Punk,Touch It / Technologic,Alive 2007,2007.0,329.45587,0.844450642835,1.01049028868,electronic,electronic; dance; techno; House; Daft Punk,687.0,175.0,153.756301,0.0,3205.0,TROLTZX128E0791C1A,3.855553124999999,,
TRFUJVJ128F426F2A2,SOONCPO12AF72A1986,AR8W8P31187B9A4063,Lauryn Hill,Interlude 5,MTV Unplugged No. 2.0,2002.0,734.48444,0.697206464376,0.580125198887,r&b/soul,ms hill; the realness; The Truth; true; rnb,1903.0,409.0,215.044182,0.0,3227.0,TROLTZX128E0791C1A,3.651950000000001,,
TRGUCIR128F933D817,SORMTGC12A6D4F6C8B,ARQUN9K1187B9B5BD7,Vanilla Ice,Ice Is Workin' It,To The Extreme,1990.0,275.43465,0.722075127339,0.463037021551,hip hop,rap; hiphop; 90s; cool as ice; leapsandbounds CDCollection,898.0,242.0,166.246804,0.0,3145.0,TROLTZX128E0791C1A,3.750725,,
TROERMK128F4293EDD,,,,,,,,,,,,,,,,,TROLTZX128E0791C1A,,0.8052932454843791,0.8101077396977312
TRRBOOS128F42726FE,,,,,,,,,,,,,,,,,TROLTZX128E0791C1A,,0.7126312415649317,0.7214450813240924
TRREWHC128F42BAA2D,,,,,,,,,,,,,,,,,TROLTZX128E0791C1A,,0.7124165491346257,0.721850688965359
TRAUNHR128F92DBBC1,SOGARXB12A8C143D8D,ARRTHFN11F4C83D56B,UGK (Underground Kingz),She Luv It,UGK 4 Life,0.0,232.48934,0.742388600489,0.44458261521,hip hop,rap; texas,735.0,159.0,113.446022,0.0,1594.0,TROMGSH128F427A408,1.8755000000000004,,
TREEGKN128F1461867,,,,,,,,,,,,,,,,,TROMGSH128F427A408,,0.7259392328589465,0.7344662537966612
TRFEVDF128F4214874,,,,,,,,,,,,,,,,,TROMGSH128F427A408,,0.7441348931319436,0.7496652116822717
TRNIMKL128F9301867,,,,,,,,,,,,,,,,,TROMGSH128F427A408,,0.7286398001650681,0.7369258686409615
TRXJTJZ128F4295464,SOADEWJ12A8C13D4CF,AROVU6Z1187B9AE74E,The Corrs,Queen Of Hollywood ( LP Version ),Talk On Corners,1997.0,302.10567,0.687686737519,0.513196187359,pop,pop; irish; rock; the corrs; folk,596.0,114.0,77.858847,0.0,1481.0,TROMGSH128F427A408,1.7533437499999993,,
TRYCBLK12903CE6A0E,SOWQRYJ12AB0189461,ARJ5LS21187B991003,Twiztid,She Ain't Afraid,Psychopathics From Outer Space,1998.0,361.50812,0.738651094386,0.490733207715,hip hop,psychopathic; Horrorcore; cocaine; Porno; porn,1102.0,277.0,117.826143,0.0,1718.0,TROMGSH128F427A408,1.9734218750000005,,
TREBGAA128E078FC52,SOVYGAV12A58A7C3A9,AR24DZB1187FB3C869,Erykah Badu,I Want You,Worldwide Underground,2003.0,653.13914,0.855731901717,0.584841725537,r&b/soul,soul; Neo-Soul; female vocalists; rnb; Erykah Badu,617.0,98.0,153.163312,0.0,5537.0,TRONPIZ128F1454219,6.691324999999998,,
TRFUJVJ128F426F2A2,SOONCPO12AF72A1986,AR8W8P31187B9A4063,Lauryn Hill,Interlude 5,MTV Unplugged No. 2.0,2002.0,734.48444,0.697206464376,0.580125198887,r&b/soul,ms hill; the realness; The Truth; true; rnb,1903.0,409.0,215.044182,0.0,7470.0,TRONPIZ128F1454219,8.7119,,
TRGNWZK128F42960A4,,,,,,,,,,,,,,,,,TRONPIZ128F1454219,,0.7178373169875989,
TRJJTPI128F4276759,,,,,,,,,,,,,,,,,TRONPIZ128F1454219,,0.7608324508522996,0.7695548776058522
TRKNLNM128F1488556,,,,,,,,,,,,,,,,,TRONPIZ128F1454219,,,0.7272235120130154
TRKRPKE128E07946D4,,,,,,,,,,,,,,,,,TRONPIZ128F1454219,,0.7333586244217496,0.7429012771406109
TRWSYHO128F4282346,SOKHOQG12A8C13EBF2,ARSE5NP1187B9B98AB,Twista,I'm A Winner (Amended Album Version),The Day After,2005.0,260.23138,0.889613554744,0.593808365175,hip hop,rap; Hip-Hop; winner in bed twista,1253.0,166.0,218.622963,0.0,6233.0,TRONPIZ128F1454219,7.382399999999995,,
TRBEBJO128C719646B,,,,,,,,,,,,,,,,,TROQFYY128F429DBA0,4.086892187499996,,
TRCHZXW128E079288A,SOMEJDK12D0219BB71,ARTH9041187FB43E1F,Eminem,8 Mile,8 Mile,2002.0,359.3922,0.886183647684,0.852677055416,hip hop,rap; Hip-Hop; Eminem; Soundtrack; hip hop,1141.0,328.0,132.992481,0.0,3493.0,TROQFYY128F429DBA0,,,
TRDPGXU128F9339C2A,SOELYON12AB01876A3,ARLHO5Z1187FB4C861,Beastie Boys,B-Boy Bouillabaisse: A.W.O.L. (2009 Digital Remaster),Paul's Boutique (20th Anniversary Remastered Edition),0.0,105.56036,0.853124523276,0.591628024008,hip hop,hip hop; leapsandbounds CDCollection,1746.0,505.0,153.652205,0.0,4306.0,TROQFYY128F429DBA0,4.934339062500001,0.8094806993473195,0.8217607082764979
TREBQOW128F92C4549,,,,,,,,,,,,,,,,,TROQFYY128F429DBA0,,0.7887055838920056,0.7984623757492492
TRFUJVJ128F426F2A2,SOONCPO12AF72A1986,AR8W8P31187B9A4063,Lauryn Hill,Interlude 5,MTV Unplugged No. 2.0,2002.0,734.48444,0.697206464376,0.580125198887,r&b/soul,ms hill; the realness; The Truth; true; rnb,1903.0,409.0,215.044182,0.0,4587.0,TROQFYY128F429DBA0,5.19785,,
TRJPNAE128F425FAFB,,,,,,,,,,,,,,,,,TROQFYY128F429DBA0,,0.7885233865746213,0.8015094165955842
TRARHIC128F424B27B,,,,,,,,,,,,,,,,,TRORBTM128F93368FB,,0.6581244224660249,0.667356774338222
TRDPGXU128F9339C2A,SOELYON12AB01876A3,ARLHO5Z1187FB4C861,Beastie Boys,B-Boy Bouillabaisse: A.W.O.L. (2009 Digital Remaster),Paul's Boutique (20th Anniversary Remastered Edition),0.0,105.56036,0.853124523276,0.591628024008,hip hop,hip hop; leapsandbounds CDCollection,1746.0,505.0,153.652205,0.0,2307.0,TRORBTM128F93368FB,2.637550000000001,,
TRFUJVJ128F426F2A2,SOONCPO12AF72A1986,AR8W8P31187B9A4063,Lauryn Hill,Interlude 5,MTV Unplugged No. 2.0,2002.0,734.48444,0.697206464376,0.580125198887,r&b/soul,ms hill; the realness; The Truth; true; rnb,1903.0,409.0,215.044182,0.0,2297.0,TRORBTM128F93368FB,2.5768500000000008,,
TRMYJUA128F428A590,,,,,,,,,,,,,,,,,TRORBTM128F93368FB,,0.6524725067505619,0.6613952399697519
TRWSYHO128F4282346,SOKHOQG12A8C13EBF2,ARSE5NP1187B9B98AB,Twista,I'm A Winner (Amended Album Version),The Day After,2005.0,260.23138,0.889613554744,0.593808365175,hip hop,rap; Hip-Hop; winner in bed twista,1253.0,166.0,218.622963,0.0,2451.0,TRORBTM128F93368FB,2.87135,,
TRZRCGB128F146F82B,,,,,,,,,,,,,,,,,TRORBTM128F93368FB,,0.6520204845866954,0.6610822342429592
TRDPGXU128F9339C2A,SOELYON12AB01876A3,ARLHO5Z1187FB4C861,Beastie Boys,B-Boy Bouillabaisse: A.W.O.L. (2009 Digital Remaster),Paul's Boutique (20th Anniversary Remastered Edition),0.0,105.56036,0.853124523276,0.591628024008,hip hop,hip hop; leapsandbounds CDCollection,1746.0,505.0,153.652205,0.0,1651.0,TRORKSH128F9320C21,1.8002390624999993,,
TREBGAA128E078FC52,,,,,,,,,,,,,,,,,TRORKSH128F9320C21,1.6329421874999988,,
TRFUJVJ128F426F2A2,SOONCPO12AF72A1986,AR8W8P31187B9A4063,Lauryn Hill,Interlude 5,MTV Unplugged No. 2.0,2002.0,734.48444,0.697206464376,0.580125198887,r&b/soul,ms hill; the realness; The Truth; true; rnb,1903.0,409.0,215.044182,0.0,2085.0,TRORKSH128F9320C21,2.2911499999999982,,
TROFTGV128F1458F77,,,,,,,,,,,,,,,,,TRORKSH128F9320C21,,0.6140784101656449,0.619534727222212
TRRZYOC128F423085D,,,,,,,,,,,,,,,,,TRORKSH128F9320C21,,0.5171071863486363,0.5385160672422936
TRWSYHO128F4282346,SOKHOQG12A8C13EBF2,ARSE5NP1187B9B98AB,Twista,I'm A Winner (Amended Album Version),The Day After,2005.0,260.23138,0.889613554744,0.593808365175,hip hop,rap; Hip-Hop; winner in bed twista,1253.0,166.0,218.622963,0.0,1446.0,TRORKSH128F9320C21,,,
TRXICJK128F1466AA5,,,,,,,,,,,,,,,,,TRORKSH128F9320C21,,0.518503533815691,0.5395077534562611
TRBDCAH128EF362D31,,,,,,,,,,,,,,,,,TROZEMN128F4262CCA,,0.6495420206197324,0.6661505056060111
TRDPGXU128F9339C2A,SOELYON12AB01876A3,ARLHO5Z1187FB4C861,Beastie Boys,B-Boy Bouillabaisse: A.W.O.L. (2009 Digital Remaster),Paul's Boutique (20th Anniversary Remastered Edition),0.0,105.56036,0.853124523276,0.591628024008,hip hop,hip hop; leapsandbounds CDCollection,1746.0,505.0,153.652205,0.0,3817.0,TROZEMN128F4262CCA,4.253845312499998,,
TRFUJVJ128F426F2A2,SOONCPO12AF72A1986,AR8W8P31187B9A4063,Lauryn Hill,Interlude 5,MTV Unplugged No. 2.0,2002.0,734.48444,0.697206464376,0.580125198887,r&b/soul,ms hill; the realness; The Truth; true; rnb,1903.0,409.0,215.044182,0.0,4724.0,TROZEMN128F4262CCA,5.286299999999999,,
TRLVRJP128F93519FB,,,,,,,,,,,,,,,,,TROZEMN128F4262CCA,,0.6717997645006916,0.6898237509042626
TRYCBLK12903CE6A0E,SOWQRYJ12AB0189461,ARJ5LS21187B991003,Twiztid,She Ain't Afraid,Psychopathics From Outer Space,1998.0,361.50812,0.738651094386,0.490733207715,hip hop,psychopathic; Horrorcore; cocaine; Porno; porn,1102.0,277.0,117.826143,0.0,3260.0,TROZEMN128F4262CCA,3.7147921875000014,,
TRYWUBG128F14771B5,,,,,,,,,,,,,,,,,TROZEMN128F4262CCA,,0.6500910799894765,0.6668673603111734
TRANAPL128F42BA7D6,SOOAXBU12A8C141C71,AR81GOD1187B9B1583,Young Jeezy,By The Way,The Recession,2008.0,239.98649,0.922092702113,0.553782209471,hip hop,Jeezy; hiphop; southern rap; rap; hip hop,778.0,187.0,117.626528,0.0,5075.0,TRPAJJF128F428D18A,6.013312499999996,0.630530115293661,0.6428824630883891
TRDPGXU128F9339C2A,SOELYON12AB01876A3,ARLHO5Z1187FB4C861,Beastie Boys,B-Boy Bouillabaisse: A.W.O.L. (2009 Digital Remaster),Paul's Boutique (20th Anniversary Remastered Edition),0.0,105.56036,0.853124523276,0.591628024008,hip hop,hip hop; leapsandbounds CDCollection,1746.0,505.0,153.652205,0.0,4154.0,TRPAJJF128F428D18A,4.538531250000001,,
TRFUJVJ128F426F2A2,SOONCPO12AF72A1986,AR8W8P31187B9A4063,Lauryn Hill,Interlude 5,MTV Unplugged No. 2.0,2002.0,734.48444,0.697206464376,0.580125198887,r&b/soul,ms hill; the realness; The Truth; true; rnb,1903.0,409.0,215.044182,0.0,4369.0,TRPAJJF128F428D18A,4.67925,,
TRWKGQS128E0792F09,,,,,,,,,,,,,,,,,TRPAJJF128F428D18A,,0.5162073665779231,0.5313794072904473
TRWNHNC128F92D469E,,,,,,,,,,,,,,,,,TRPAJJF128F428D18A,,0.5166647091610171,0.5247130742536599
TRBVPVV128F425F14F,SOOHYOB12CF5F87A28,ARF8HTQ1187B9AE693,Daft Punk,Touch It / Technologic,Alive 2007,2007.0,329.45587,0.844450642835,1.01049028868,electronic,electronic; dance; techno; House; Daft Punk,687.0,175.0,153.756301,0.0,4243.0,TRPAYRK128E0792986,5.068626562500006,,
TRFUJVJ128F426F2A2,SOONCPO12AF72A1986,AR8W8P31187B9A4063,Lauryn Hill,Interlude 5,MTV Unplugged No. 2.0,2002.0,734.48444,0.697206464376,0.580125198887,r&b/soul,ms hill; the realness; The Truth; true; rnb,1903.0,409.0,215.044182,0.0,4959.0,TRPAYRK128E0792986,5.6030500000000005,,
TRGUCIR128F933D817,SORMTGC12A6D4F6C8B,ARQUN9K1187B9B5BD7,Vanilla Ice,Ice Is Workin' It,To The Extreme,1990.0,275.43465,0.722075127339,0.463037021551,hip hop,rap; hiphop; 90s; cool as ice; leapsandbounds CDCollection,898.0,242.0,166.246804,0.0,4298.0,TRPAYRK128E0792986,5.090837499999996,,
TRTYLFM12903CD2C97,,,,,,,,,,,,,,,,,TRPAYRK128E0792986,,0.6686499151381744,0.6816632591373338
TRYAPRE128F425EE39,,,,,,,,,,,,,,,,,TRPAYRK128E0792986,,0.6685804719017572,0.6806678579502222
TRYXRXL128F427F13A,,,,,,,,,,,,,,,,,TRPAYRK128E0792986,,0.6857242031990234,0.6938261070099185
TRDOJIR128F42840C0,SODNFOU12A8C138A6E,AR3PN3R1187FB4CEBD,Horace Andy,Horse With No Name,Mek It Bun,2002.0,236.01587,0.626436381752,0.374271173856,reggae,roots reggae; great songs; animals; lala; OC,444.0,106.0,147.702404,0.0,2595.0,TRPAZDJ128F42881A1,3.1569249999999998,,
TRRHCOS128F4248193,,,,,,,,,,,,,,,,,TRPAZDJ128F42881A1,,0.7903248421002816,0.7937309125358529
TRRQFHI128F42AC06B,,,,,,,,,,,,,,,,,TRPAZDJ128F42881A1,,0.8266839582292721,0.8298251097347298
TRTHNFG12903D0CE54,SONCVPT12AC468B123,AR1ZHZ51187FB37FEC,Violadores del Verso,Dale tiempo al rumor,Vivir Para Contarlo,2006.0,370.02404,0.658189532108,0.524275367928,hip hop,spanish; Hip-Hop; subelamusica; spanish rap; Doble V,749.0,199.0,99.95499,0.0,2494.0,TRPAZDJ128F42881A1,2.997879687499997,,
TRVPQIU128F427CF25,,,,,,,,,,,,,,,,,TRPAZDJ128F42881A1,,0.7583598406171251,0.7626811957876786
TRZZQIP128F92EFEAD,SOUGPPL12AB018555B,ART50HO1187FB4D0ED,Abba,Move On,The Albums,1977.0,282.72281,0.74865929586,0.575691128555,pop,pop; 70s; abba; Disco; swedish,526.0,107.0,161.959872,0.0,2808.0,TRPAZDJ128F42881A1,3.413501562499998,,
TRCKMDM128F148BEA7,,,,,,,,,,,,,,,,,TRPCZPE12903CAF5BD,,0.63767283083274,0.658762686126843
TRDPGXU128F9339C2A,SOELYON12AB01876A3,ARLHO5Z1187FB4C861,Beastie Boys,B-Boy Bouillabaisse: A.W.O.L. (2009 Digital Remaster),Paul's Boutique (20th Anniversary Remastered Edition),0.0,105.56036,0.853124523276,0.591628024008,hip hop,hip hop; leapsandbounds CDCollection,1746.0,505.0,153.652205,0.0,2658.0,TRPCZPE12903CAF5BD,2.883956250000001,,
TRFUJVJ128F426F2A2,SOONCPO12AF72A1986,AR8W8P31187B9A4063,Lauryn Hill,Interlude 5,MTV Unplugged No. 2.0,2002.0,734.48444,0.697206464376,0.580125198887,r&b/soul,ms hill; the realness; The Truth; true; rnb,1903.0,409.0,215.044182,0.0,3310.0,TRPCZPE12903CAF5BD,3.6131000000000006,,
TRROYWN128F92E41F7,,,,,,,,,,,,,,,,,TRPCZPE12903CAF5BD,,0.6379830512215791,0.6590634224753672
TRWSYHO128F4282346,SOKHOQG12A8C13EBF2,ARSE5NP1187B9B98AB,Twista,I'm A Winner (Amended Album Version),The Day After,2005.0,260.23138,0.889613554744,0.593808365175,hip hop,rap; Hip-Hop; winner in bed twista,1253.0,166.0,218.622963,0.0,2620.0,TRPCZPE12903CAF5BD,2.9322874999999997,,
TRWUTHA128F423EE32,,,,,,,,,,,,,,,,,TRPCZPE12903CAF5BD,,0.6473704752904136,0.6689599218780159
TRBVPVV128F425F14F,SOOHYOB12CF5F87A28,ARF8HTQ1187B9AE693,Daft Punk,Touch It / Technologic,Alive 2007,2007.0,329.45587,0.844450642835,1.01049028868,electronic,electronic; dance; techno; House; Daft Punk,687.0,175.0,153.756301,0.0,6512.0,TRPDBLM128E0792367,7.737839062499996,,
TRCFORL128F427670A,,,,,,,,,,,,,,,,,TRPDBLM128E0792367,,0.68718215913966,0.7013992079218276
TRFIYKD128F1460F2A,,,,,,,,,,,,,,,,,TRPDBLM128E0792367,,0.7080047235054041,0.7203881266821792
TRFUJVJ128F426F2A2,SOONCPO12AF72A1986,AR8W8P31187B9A4063,Lauryn Hill,Interlude 5,MTV Unplugged No. 2.0,2002.0,734.48444,0.697206464376,0.580125198887,r&b/soul,ms hill; the realness; The Truth; true; rnb,1903.0,409.0,215.044182,0.0,7908.0,TRPDBLM128E0792367,8.8661,,
TRGUCIR128F933D817,SORMTGC12A6D4F6C8B,ARQUN9K1187B9B5BD7,Vanilla Ice,Ice Is Workin' It,To The Extreme,1990.0,275.43465,0.722075127339,0.463037021551,hip hop,rap; hiphop; 90s; cool as ice; leapsandbounds CDCollection,898.0,242.0,166.246804,0.0,6373.0,TRPDBLM128E0792367,7.484487499999997,,
TRXWSOU128F42662B0,,,,,,,,,,,,,,,,,TRPDBLM128E0792367,,0.6815502506040072,0.6962022825726946
TRAFLMU128F4274A4D,,,,,,,,,,,,,,,,,TRPEBTH128F9327C4D,,0.7428348407469482,0.7561220426091677
TRDPGXU128F9339C2A,SOELYON12AB01876A3,ARLHO5Z1187FB4C861,Beastie Boys,B-Boy Bouillabaisse: A.W.O.L. (2009 Digital Remaster),Paul's Boutique (20th Anniversary Remastered Edition),0.0,105.56036,0.853124523276,0.591628024008,hip hop,hip hop; leapsandbounds CDCollection,1746.0,505.0,153.652205,0.0,5569.0,TRPEBTH128F9327C4D,6.336132812500001,0.741684672691692,0.758552189169887
TRFUJVJ128F426F2A2,SOONCPO12AF72A1986,AR8W8P31187B9A4063,Lauryn Hill,Interlude 5,MTV Unplugged No. 2.0,2002.0,734.48444,0.697206464376,0.580125198887,r&b/soul,ms hill; the realness; The Truth; true; rnb,1903.0,409.0,215.044182,0.0,6673.0,TRPEBTH128F9327C4D,7.593749999999997,,
TROXHLM128F4266510,,,,,,,,,,,,,,,,,TRPEBTH128F9327C4D,,0.7430112475755679,0.756381455883275
TRWSYHO128F4282346,SOKHOQG12A8C13EBF2,ARSE5NP1187B9B98AB,Twista,I'm A Winner (Amended Album Version),The Day After,2005.0,260.23138,0.889613554744,0.593808365175,hip hop,rap; Hip-Hop; winner in bed twista,1253.0,166.0,218.622963,0.0,5237.0,TRPEBTH128F9327C4D,6.057734375,,
TRBEBJO128C719646B,,,,,,,,,,,,,,,,,TRPEWXU12903CE6EA2,11.176807812499998,,
TRCDUMA128F427D458,,,,,,,,,,,,,,,,,TRPEWXU12903CE6EA2,,0.7086726376355672,0.7159010857040885
TRDIYGM128F425B1F1,,,,,,,,,,,,,,,,,TRPEWXU12903CE6EA2,,0.7425361450786544,0.7486372291303719
TRDPGXU128F9339C2A,SOELYON12AB01876A3,ARLHO5Z1187FB4C861,Beastie Boys,B-Boy Bouillabaisse: A.W.O.L. (2009 Digital Remaster),Paul's Boutique (20th Anniversary Remastered Edition),0.0,105.56036,0.853124523276,0.591628024008,hip hop,hip hop; leapsandbounds CDCollection,1746.0,505.0,153.652205,0.0,9474.0,TRPEWXU12903CE6EA2,,,
TRFUJVJ128F426F2A2,SOONCPO12AF72A1986,AR8W8P31187B9A4063,Lauryn Hill,Interlude 5,MTV Unplugged No. 2.0,2002.0,734.48444,0.697206464376,0.580125198887,r&b/soul,ms hill; the realness; The Truth; true; rnb,1903.0,409.0,215.044182,0.0,11672.0,TRPEWXU12903CE6EA2,13.506699999999993,,
TROIJDA128F9341E70,SOCUXGX12A8C13B78C,ARLMXEA1187B9A7D04,R. Kelly,I Mean (I Don't Mean It),TP-2.com,2000.0,205.00853,0.811092052861,0.783843023046,r&b/soul,soul; rnb; english lyrics; SDZ,701.0,190.0,135.443715,0.0,10461.0,TRPEWXU12903CE6EA2,12.6177609375,,
TROKPEY128F4293061,,,,,,,,,,,,,,,,,TRPEWXU12903CE6EA2,,0.7588440151627042,0.7640494606995895
TRDGGRW128F931EA53,,,,,,,,,,,,,,,,,TRPGPVH128F429B2F0,,0.6801670204477932,0.697442950464658
TRDPGXU128F9339C2A,SOELYON12AB01876A3,ARLHO5Z1187FB4C861,Beastie Boys,B-Boy Bouillabaisse: A.W.O.L. (2009 Digital Remaster),Paul's Boutique (20th Anniversary Remastered Edition),0.0,105.56036,0.853124523276,0.591628024008,hip hop,hip hop; leapsandbounds CDCollection,1746.0,505.0,153.652205,0.0,3753.0,TRPGPVH128F429B2F0,4.2238546874999985,,
TRELWVS128F422B91A,,,,,,,,,,,,,,,,,TRPGPVH128F429B2F0,,0.704621305800496,0.7189496142418095
TRFUJVJ128F426F2A2,SOONCPO12AF72A1986,AR8W8P31187B9A4063,Lauryn Hill,Interlude 5,MTV Unplugged No. 2.0,2002.0,734.48444,0.697206464376,0.580125198887,r&b/soul,ms hill; the realness; The Truth; true; rnb,1903.0,409.0,215.044182,0.0,4554.0,TRPGPVH128F429B2F0,5.133599999999999,,
TRFUNRS128F9346BF4,,,,,,,,,,,,,,,,,TRPGPVH128F429B2F0,,0.6898616654683787,0.706768690944044
TRWSYHO128F4282346,SOKHOQG12A8C13EBF2,ARSE5NP1187B9B98AB,Twista,I'm A Winner (Amended Album Version),The Day After,2005.0,260.23138,0.889613554744,0.593808365175,hip hop,rap; Hip-Hop; winner in bed twista,1253.0,166.0,218.622963,0.0,3492.0,TRPGPVH128F429B2F0,3.9997406249999994,,
TRCHZXW128E079288A,SOMEJDK12D0219BB71,ARTH9041187FB43E1F,Eminem,8 Mile,8 Mile,2002.0,359.3922,0.886183647684,0.852677055416,hip hop,rap; Hip-Hop; Eminem; Soundtrack; hip hop,1141.0,328.0,132.992481,0.0,604.0,TRPITXR128F427FA1B,0.63306875,,
TRDPGXU128F9339C2A,SOELYON12AB01876A3,ARLHO5Z1187FB4C861,Beastie Boys,B-Boy Bouillabaisse: A.W.O.L. (2009 Digital Remaster),Paul's Boutique (20th Anniversary Remastered Edition),0.0,105.56036,0.853124523276,0.591628024008,hip hop,hip hop; leapsandbounds CDCollection,1746.0,505.0,153.652205,0.0,787.0,TRPITXR128F427FA1B,0.8221812500000003,,
TRFUJVJ128F426F2A2,SOONCPO12AF72A1986,AR8W8P31187B9A4063,Lauryn Hill,Interlude 5,MTV Unplugged No. 2.0,2002.0,734.48444,0.697206464376,0.580125198887,r&b/soul,ms hill; the realness; The Truth; true; rnb,1903.0,409.0,215.044182,0.0,824.0,TRPITXR128F427FA1B,0.8367999999999997,,
TRKVITQ128F4271B31,,,,,,,,,,,,,,,,,TRPITXR128F427FA1B,,0.47176268238155766,0.49876140383270867
TRRPLDV128F92D6086,,,,,,,,,,,,,,,,,TRPITXR128F427FA1B,,0.46135906406936045,
TRWMTYV128F9303212,,,,,,,,,,,,,,,,,TRPITXR128F427FA1B,,,0.47960640532661186
TRYLIGF128F428CFBC,,,,,,,,,,,,,,,,,TRPITXR128F427FA1B,,0.9851946117751803,0.9859194045679841
TRFLWJZ128F425C9E4,SOZTZRR12A58A80C97,AR82DJK1187B991107,The Pharcyde,Otha Fish,Bizarre Ride II The Pharcyde,1992.0,321.43628,0.756063870843,0.491468881637,hip hop,Hip-Hop; hip hop; oldschool; rap; oldskool,997.0,247.0,147.895233,0.0,378.0,TRPJAPP128EF35A1AC,0.4306640624999993,,
TRGGYCR128F426837F,,,,,,,,,,,,,,,,,TRPJAPP128EF35A1AC,,0.7177346849438775,0.72109294214476
TRRVXQX128F429A0C4,SOECCGV12A8C13C130,ARI5PL11187FB35F7A,Fabrizio De Andrè,Sinan Capudan Pascià,1991 Concerti,0.0,324.46649,0.612914470451,0.408716004941,folk,folk; singer-songwriter; italian; blue; intelligent,351.0,80.0,56.480085,0.0,368.0,TRPJAPP128EF35A1AC,0.4479687499999998,,
TRWZTMS128F42AD03C,,,,,,,,,,,,,,,,,TRPJAPP128EF35A1AC,,0.6646155564629691,0.6687940083445564
TRZKRRE128F4264095,,,,,,,,,,,,,,,,,TRPJAPP128EF35A1AC,,0.6516753202104456,0.6560733875680482
TRZZQIP128F92EFEAD,SOUGPPL12AB018555B,ART50HO1187FB4D0ED,Abba,Move On,The Albums,1977.0,282.72281,0.74865929586,0.575691128555,pop,pop; 70s; abba; Disco; swedish,526.0,107.0,161.959872,0.0,373.0,TRPJAPP128EF35A1AC,0.4438828124999998,,
TRBUSGY128E07833AE,,,,,,,,,,,,,,,,,TRPKKZG128F92E495A,,0.5335555987784893,0.5402551638186823
TRJVGZN128F4294F2A,,,,,,,,,,,,,,,,,TRPKKZG128F92E495A,,0.5633270057054467,0.5704295605069961
TROYGVY128E0788A36,SOZJKKS12A6701CD3E,AR0CANF1187B9AF35F,Dilated Peoples,Love And War,Neighborhood Watch,2004.0,226.66404,0.804838888827,0.457841156094,hip hop,Hip-Hop; dope beats; rap; underground hip-hop; dialated peoples,483.0,138.0,76.341339,0.0,456.0,TRPKKZG128F92E495A,0.5467249999999992,,
TRPFQRE128E078B07C,,,,,,,,,,,,,,,,,TRPKKZG128F92E495A,,0.5955410615027199,0.6011078428933582
TRUEPSG128F149639E,SOJPWZI12A6701D00C,ARUM60L1187B9A7E1F,Stevie Wonder,All Day Sucker,The Complete Stevie Wonder,1976.0,305.65832,0.757921011206,0.600265107973,r&b/soul,soul; funk; 70s; Stevie Wonder; motown,629.0,89.0,147.064612,0.0,665.0,TRPKKZG128F92E495A,0.8010875000000013,,
TRXHMID128F42BA902,SOQQPYI12A8C13F84B,ARFR8SF1187FB5C174,Brick & Lace,Love Is Wicked,Love Is Wicked,2007.0,222.82404,0.692385911353,0.523984540659,r&b/soul,rnb; dancehall; female vocalists; love is wicked; dance,756.0,131.0,113.243101,0.0,547.0,TRPKKZG128F92E495A,0.6488375000000007,,
TREBGAA128E078FC52,SOVYGAV12A58A7C3A9,AR24DZB1187FB3C869,Erykah Badu,I Want You,Worldwide Underground,2003.0,653.13914,0.855731901717,0.584841725537,r&b/soul,soul; Neo-Soul; female vocalists; rnb; Erykah Badu,617.0,98.0,153.163312,0.0,3086.0,TRPLRVY128F1473EBE,3.686746875000001,,
TRFUJVJ128F426F2A2,SOONCPO12AF72A1986,AR8W8P31187B9A4063,Lauryn Hill,Interlude 5,MTV Unplugged No. 2.0,2002.0,734.48444,0.697206464376,0.580125198887,r&b/soul,ms hill; the realness; The Truth; true; rnb,1903.0,409.0,215.044182,0.0,4463.0,TRPLRVY128F1473EBE,5.11415,,
TRKBSYP128F42647E7,,,,,,,,,,,,,,,,,TRPLRVY128F1473EBE,,0.7192580977680834,0.7267854833606897
TRQFNCQ128F42809CC,,,,,,,,,,,,,,,,,TRPLRVY128F1473EBE,,,0.6295711050428603
TRURGUR128F149409A,,,,,,,,,,,,,,,,,TRPLRVY128F1473EBE,,0.6600251045552652,0.6681571071763651
TRWSYHO128F4282346,SOKHOQG12A8C13EBF2,ARSE5NP1187B9B98AB,Twista,I'm A Winner (Amended Album Version),The Day After,2005.0,260.23138,0.889613554744,0.593808365175,hip hop,rap; Hip-Hop; winner in bed twista,1253.0,166.0,218.622963,0.0,3037.0,TRPLRVY128F1473EBE,3.492618749999999,,
TRXIBFV128F424D8AB,,,,,,,,,,,,,,,,,TRPLRVY128F1473EBE,,0.6196878869366131,
TRDPGXU128F9339C2A,SOELYON12AB01876A3,ARLHO5Z1187FB4C861,Beastie Boys,B-Boy Bouillabaisse: A.W.O.L. (2009 Digital Remaster),Paul's Boutique (20th Anniversary Remastered Edition),0.0,105.56036,0.853124523276,0.591628024008,hip hop,hip hop; leapsandbounds CDCollection,1746.0,505.0,153.652205,0.0,1440.0,TRPMJOK128F92F317A,,,
TREBGAA128E078FC52,,,,,,,,,,,,,,,,,TRPMJOK128F92F317A,1.5974562500000002,,
TRFSOAL128F931B19F,,,,,,,,,,,,,,,,,TRPMJOK128F92F317A,,0.5434697373049154,0.5577570277273353
TRFUJVJ128F426F2A2,SOONCPO12AF72A1986,AR8W8P31187B9A4063,Lauryn Hill,Interlude 5,MTV Unplugged No. 2.0,2002.0,734.48444,0.697206464376,0.580125198887,r&b/soul,ms hill; the realness; The Truth; true; rnb,1903.0,409.0,215.044182,0.0,2103.0,TRPMJOK128F92F317A,2.3803500000000004,,
TRRDSTH12903CF37F7,,,,,,,,,,,,,,,,,TRPMJOK128F92F317A,,0.552626063150677,0.5696912691762414
TRWSYHO128F4282346,SOKHOQG12A8C13EBF2,ARSE5NP1187B9B98AB,Twista,I'm A Winner (Amended Album Version),The Day After,2005.0,260.23138,0.889613554744,0.593808365175,hip hop,rap; Hip-Hop; winner in bed twista,1253.0,166.0,218.622963,0.0,1435.0,TRPMJOK128F92F317A,1.6314124999999995,,
TRYVYKU128F426F26F,,,,,,,,,,,,,,,,,TRPMJOK128F92F317A,,0.529565975040349,0.5491798622456296
TRDPGXU128F9339C2A,SOELYON12AB01876A3,ARLHO5Z1187FB4C861,Beastie Boys,B-Boy Bouillabaisse: A.W.O.L. (2009 Digital Remaster),Paul's Boutique (20th Anniversary Remastered Edition),0.0,105.56036,0.853124523276,0.591628024008,hip hop,hip hop; leapsandbounds CDCollection,1746.0,505.0,153.652205,0.0,11253.0,TRPMNRL128F9302AD7,13.146846875,,
TRFUJVJ128F426F2A2,SOONCPO12AF72A1986,AR8W8P31187B9A4063,Lauryn Hill,Interlude 5,MTV Unplugged No. 2.0,2002.0,734.48444,0.697206464376,0.580125198887,r&b/soul,ms hill; the realness; The Truth; true; rnb,1903.0,409.0,215.044182,0.0,14362.0,TRPMNRL128F9302AD7,16.853099999999998,,
TRHVNJF128F934B8C0,,,,,,,,,,,,,,,,,TRPMNRL128F9302AD7,,0.7757605977112686,0.7824318819588947
TRNHSZN128F930FF03,,,,,,,,,,,,,,,,,TRPMNRL128F9302AD7,,0.8135375366003718,0.819537726220782
TRQCMLS128F933DB3B,,,,,,,,,,,,,,,,,TRPMNRL128F9302AD7,,0.7635556890909789,0.7706665638678859
TRWSYHO128F4282346,SOKHOQG12A8C13EBF2,ARSE5NP1187B9B98AB,Twista,I'm A Winner (Amended Album Version),The Day After,2005.0,260.23138,0.889613554744,0.593808365175,hip hop,rap; Hip-Hop; winner in bed twista,1253.0,166.0,218.622963,0.0,11057.0,TRPMNRL128F9302AD7,13.102756249999997,,
TRDPGXU128F9339C2A,SOELYON12AB01876A3,ARLHO5Z1187FB4C861,Beastie Boys,B-Boy Bouillabaisse: A.W.O.L. (2009 Digital Remaster),Paul's Boutique (20th Anniversary Remastered Edition),0.0,105.56036,0.853124523276,0.591628024008,hip hop,hip hop; leapsandbounds CDCollection,1746.0,505.0,153.652205,0.0,3679.0,TRPNLLB128F14956A5,4.187134375000002,,
TRFUJVJ128F426F2A2,SOONCPO12AF72A1986,AR8W8P31187B9A4063,Lauryn Hill,Interlude 5,MTV Unplugged No. 2.0,2002.0,734.48444,0.697206464376,0.580125198887,r&b/soul,ms hill; the realness; The Truth; true; rnb,1903.0,409.0,215.044182,0.0,4422.0,TRPNLLB128F14956A5,5.035299999999999,,
TRGLNKG128F9307689,,,,,,,,,,,,,,,,,TRPNLLB128F14956A5,,0.7274136259136315,0.7417446849753278
TRNHSZN128F930FF03,,,,,,,,,,,,,,,,,TRPNLLB128F14956A5,,0.7339075863975518,0.7443318892144923
TRQYLYP12903CC26F6,,,,,,,,,,,,,,,,,TRPNLLB128F14956A5,,0.7335461186468096,0.746099403436712
TRWSYHO128F4282346,SOKHOQG12A8C13EBF2,ARSE5NP1187B9B98AB,Twista,I'm A Winner (Amended Album Version),The Day After,2005.0,260.23138,0.889613554744,0.593808365175,hip hop,rap; Hip-Hop; winner in bed twista,1253.0,166.0,218.622963,0.0,3751.0,TRPNLLB128F14956A5,4.36708125,,
TRFUJVJ128F426F2A2,SOONCPO12AF72A1986,AR8W8P31187B9A4063,Lauryn Hill,Interlude 5,MTV Unplugged No. 2.0,2002.0,734.48444,0.697206464376,0.580125198887,r&b/soul,ms hill; the realness; The Truth; true; rnb,1903.0,409.0,215.044182,0.0,4315.0,TRPPATZ128F428BA6E,4.71525,,
TROKPEY128F4293061,,,,,,,,,,,,,,,,,TRPPATZ128F428BA6E,,0.5974283205833162,0.6077593606066267
TRUGLTC128F4227B93,SOUSFNM12A6D4FCDAD,AR4503S1187FB43199,Danity Kane,Hold Me Down (Album Version),Danity Kane,2006.0,237.60934,0.854297752323,0.531302988552,r&b/soul,dance; Hold Me Down; Danity Kane; rnb; party,766.0,149.0,159.499216,0.0,4271.0,TRPPATZ128F428BA6E,5.024390624999999,,
TRVLIZK128F428845E,SOGLUJL12A8C138E31,ARUN7IC1187FB3D392,Five,That's What You Told Me,Five,1998.0,222.92853,0.588017305158,0.435444888557,pop,5ive; pop; Favorite; boybands; Remember,593.0,95.0,153.277526,0.0,4170.0,TRPPATZ128F428BA6E,4.952531249999998,,
TRZFXRK12903CBE34F,,,,,,,,,,,,,,,,,TRPPATZ128F428BA6E,,0.5724062318758502,0.5846867866317716
TRZHFGK128F423B618,,,,,,,,,,,,,,,,,TRPPATZ128F428BA6E,,0.5777759084486128,0.5887365300446227
TRDPGXU128F9339C2A,SOELYON12AB01876A3,ARLHO5Z1187FB4C861,Beastie Boys,B-Boy Bouillabaisse: A.W.O.L. (2009 Digital Remaster),Paul's Boutique (20th Anniversary Remastered Edition),0.0,105.56036,0.853124523276,0.591628024008,hip hop,hip hop; leapsandbounds CDCollection,1746.0,505.0,153.652205,0.0,1345.0,TRPPHPQ128F4258FFC,,,
TRFGWTJ128E0783A47,,,,,,,,,,,,,,,,,TRPPHPQ128F4258FFC,,0.6088881546560592,0.6162911634776579
TRFSCLD12903CD213F,SOENGNL12AB018E1BD,AR4L4WQ1187FB51996,The Prodigy,We Gonna Rock,What Evil Lurks,1991.0,282.30485,0.638614022451,0.601436482837,electronic,Rave; big beat; jungle; electronic; techno,312.0,10.0,141.703917,0.0,1845.0,TRPPHPQ128F4258FFC,2.2411749999999966,,
TRFUJVJ128F426F2A2,SOONCPO12AF72A1986,AR8W8P31187B9A4063,Lauryn Hill,Interlude 5,MTV Unplugged No. 2.0,2002.0,734.48444,0.697206464376,0.580125198887,r&b/soul,ms hill; the realness; The Truth; true; rnb,1903.0,409.0,215.044182,0.0,1880.0,TRPPHPQ128F4258FFC,2.034900000000001,,
TRJOQXR128F92EB51A,,,,,,,,,,,,,,,,,TRPPHPQ128F4258FFC,,0.6016170377215161,0.6137257989065713
TRNKIVH128F421D429,,,,,,,,,,,,,,,,,TRPPHPQ128F4258FFC,,0.6052537335027667,0.6187127253648694
TRVDAHO128F92F231E,,,,,,,,,,,,,,,,,TRPPHPQ128F4258FFC,1.4958046874999993,,
TRDPGXU128F9339C2A,SOELYON12AB01876A3,ARLHO5Z1187FB4C861,Beastie Boys,B-Boy Bouillabaisse: A.W.O.L. (2009 Digital Remaster),Paul's Boutique (20th Anniversary Remastered Edition),0.0,105.56036,0.853124523276,0.591628024008,hip hop,hip hop; leapsandbounds CDCollection,1746.0,505.0,153.652205,0.0,6833.0,TRPPHPV128F92F0750,7.6680093750000005,,
TRFPLQD128F92FFB52,,,,,,,,,,,,,,,,,TRPPHPV128F92F0750,,0.774417645143061,0.7892664591418733
TRFUJVJ128F426F2A2,SOONCPO12AF72A1986,AR8W8P31187B9A4063,Lauryn Hill,Interlude 5,MTV Unplugged No. 2.0,2002.0,734.48444,0.697206464376,0.580125198887,r&b/soul,ms hill; the realness; The Truth; true; rnb,1903.0,409.0,215.044182,0.0,8052.0,TRPPHPV128F92F0750,9.0208,,
TRVUUKM128F425FB16,,,,,,,,,,,,,,,,,TRPPHPV128F92F0750,,0.7786121901172204,0.7944454779654736
TRWSYHO128F4282346,SOKHOQG12A8C13EBF2,ARSE5NP1187B9B98AB,Twista,I'm A Winner (Amended Album Version),The Day After,2005.0,260.23138,0.889613554744,0.593808365175,hip hop,rap; Hip-Hop; winner in bed twista,1253.0,166.0,218.622963,0.0,6016.0,TRPPHPV128F92F0750,6.83758125,,
TRXEITL128F92EBCF0,,,,,,,,,,,,,,,,,TRPPHPV128F92F0750,,0.7749485480152107,0.7896355095968679
TREBGAA128E078FC52,SOVYGAV12A58A7C3A9,AR24DZB1187FB3C869,Erykah Badu,I Want You,Worldwide Underground,2003.0,653.13914,0.855731901717,0.584841725537,r&b/soul,soul; Neo-Soul; female vocalists; rnb; Erykah Badu,617.0,98.0,153.163312,0.0,2856.0,TRPQDHV128E07845CB,3.428832812500001,,
TRFUJVJ128F426F2A2,SOONCPO12AF72A1986,AR8W8P31187B9A4063,Lauryn Hill,Interlude 5,MTV Unplugged No. 2.0,2002.0,734.48444,0.697206464376,0.580125198887,r&b/soul,ms hill; the realness; The Truth; true; rnb,1903.0,409.0,215.044182,0.0,3980.0,TRPQDHV128E07845CB,4.5908999999999995,,
TRIUYFJ128F421FBCA,,,,,,,,,,,,,,,,,TRPQDHV128E07845CB,,0.7823577457682093,0.7942108846996822
TRNHSZN128F930FF03,,,,,,,,,,,,,,,,,TRPQDHV128E07845CB,,0.7586942459881055,0.7679399302907091
TRPBTSJ128F42A3168,,,,,,,,,,,,,,,,,TRPQDHV128E07845CB,,0.7579775378434862,0.7675755335260797
TRWSYHO128F4282346,SOKHOQG12A8C13EBF2,ARSE5NP1187B9B98AB,Twista,I'm A Winner (Amended Album Version),The Day After,2005.0,260.23138,0.889613554744,0.593808365175,hip hop,rap; Hip-Hop; winner in bed twista,1253.0,166.0,218.622963,0.0,3177.0,TRPQDHV128E07845CB,3.7202281249999993,,
TRCYEZX128F9336C8E,,,,,,,,,,,,,,,,,TRPQFJA128F145AC60,,0.558709711355452,0.5792850446739107
TRDPGXU128F9339C2A,SOELYON12AB01876A3,ARLHO5Z1187FB4C861,Beastie Boys,B-Boy Bouillabaisse: A.W.O.L. (2009 Digital Remaster),Paul's Boutique (20th Anniversary Remastered Edition),0.0,105.56036,0.853124523276,0.591628024008,hip hop,hip hop; leapsandbounds CDCollection,1746.0,505.0,153.652205,0.0,1739.0,TRPQFJA128F145AC60,1.9102390624999992,,
TRFLWJZ128F425C9E4,SOZTZRR12A58A80C97,AR82DJK1187B991107,The Pharcyde,Otha Fish,Bizarre Ride II The Pharcyde,1992.0,321.43628,0.756063870843,0.491468881637,hip hop,Hip-Hop; hip hop; oldschool; rap; oldskool,997.0,247.0,147.895233,0.0,1620.0,TRPQFJA128F145AC60,1.8612421875000011,,
TRFUJVJ128F426F2A2,SOONCPO12AF72A1986,AR8W8P31187B9A4063,Lauryn Hill,Interlude 5,MTV Unplugged No. 2.0,2002.0,734.48444,0.697206464376,0.580125198887,r&b/soul,ms hill; the realness; The Truth; true; rnb,1903.0,409.0,215.044182,0.0,1799.0,TRPQFJA128F145AC60,1.93365,,
TRNFNNE128F14A94F7,,,,,,,,,,,,,,,,,TRPQFJA128F145AC60,,0.49839532530793385,0.5186392549293459
TRTAMAU128F4291473,,,,,,,,,,,,,,,,,TRPQFJA128F145AC60,,0.5140875962138812,0.5339097178395226
TRDPGXU128F9339C2A,SOELYON12AB01876A3,ARLHO5Z1187FB4C861,Beastie Boys,B-Boy Bouillabaisse: A.W.O.L. (2009 Digital Remaster),Paul's Boutique (20th Anniversary Remastered Edition),0.0,105.56036,0.853124523276,0.591628024008,hip hop,hip hop; leapsandbounds CDCollection,1746.0,505.0,153.652205,0.0,3403.0,TRPSKLI128F425E42C,3.7017234375000005,,
TREXCMT128F933D825,SOWVWEG12AF72A37C7,ARQUN9K1187B9B5BD7,Vanilla Ice,It's A Party,To The Extreme,1989.0,278.49098,0.722075127339,0.463037021551,hip hop,rap; 80s; Jam; leapsandbounds CDCollection,832.0,201.0,139.942845,0.0,3509.0,TRPSKLI128F425E42C,4.084003125000001,0.5053555342991692,0.5227263087660752
TRFUJVJ128F426F2A2,SOONCPO12AF72A1986,AR8W8P31187B9A4063,Lauryn Hill,Interlude 5,MTV Unplugged No. 2.0,2002.0,734.48444,0.697206464376,0.580125198887,r&b/soul,ms hill; the realness; The Truth; true; rnb,1903.0,409.0,215.044182,0.0,3469.0,TRPSKLI128F425E42C,3.676149999999999,,
TRGFFYK128F933CB76,,,,,,,,,,,,,,,,,TRPSKLI128F425E42C,,0.503255192022411,0.5266624795541381
TRMTDOR128F4258632,,,,,,,,,,,,,,,,,TRPSKLI128F425E42C,,0.5707707828598652,0.5902008669866663
TRDPGXU128F9339C2A,SOELYON12AB01876A3,ARLHO5Z1187FB4C861,Beastie Boys,B-Boy Bouillabaisse: A.W.O.L. (2009 Digital Remaster),Paul's Boutique (20th Anniversary Remastered Edition),0.0,105.56036,0.853124523276,0.591628024008,hip hop,hip hop; leapsandbounds CDCollection,1746.0,505.0,153.652205,0.0,3449.0,TRPSYVF128F428A446,3.915021875,,
TRDSLPM128F1495679,,,,,,,,,,,,,,,,,TRPSYVF128F428A446,,0.6648292196587251,0.6817800417174624
TREBRPS128E07938F2,,,,,,,,,,,,,,,,,TRPSYVF128F428A446,,0.6797783982232322,0.690200242094388
TRFUJVJ128F426F2A2,SOONCPO12AF72A1986,AR8W8P31187B9A4063,Lauryn Hill,Interlude 5,MTV Unplugged No. 2.0,2002.0,734.48444,0.697206464376,0.580125198887,r&b/soul,ms hill; the realness; The Truth; true; rnb,1903.0,409.0,215.044182,0.0,3935.0,TRPSYVF128F428A446,4.444949999999999,,
TRQBHPO128F9307C8E,,,,,,,,,,,,,,,,,TRPSYVF128F428A446,,0.6754940000982822,0.6840906921800699
TRWSYHO128F4282346,SOKHOQG12A8C13EBF2,ARSE5NP1187B9B98AB,Twista,I'm A Winner (Amended Album Version),The Day After,2005.0,260.23138,0.889613554744,0.593808365175,hip hop,rap; Hip-Hop; winner in bed twista,1253.0,166.0,218.622963,0.0,3367.0,TRPSYVF128F428A446,3.899106250000004,,
TRFUJVJ128F426F2A2,SOONCPO12AF72A1986,AR8W8P31187B9A4063,Lauryn Hill,Interlude 5,MTV Unplugged No. 2.0,2002.0,734.48444,0.697206464376,0.580125198887,r&b/soul,ms hill; the realness; The Truth; true; rnb,1903.0,409.0,215.044182,0.0,1913.0,TRPTCMZ128F9340B09,2.18885,,
TRGPUVY128F9313AD9,,,,,,,,,,,,,,,,,TRPTCMZ128F9340B09,,0.6116015460079227,0.6187185674368255
TRQAWKR128F425EEC3,SOFHEBR12CF5F892C7,ARXPPEY1187FB51DF4,Michael Jackson,Man In The Mirror,HIStory - PAST_ PRESENT AND FUTURE - Book I,1987.0,319.29424,0.855245195586,0.899991594263,pop,pop; michael jackson; 80s; soul; king of pop,1543.0,135.0,200.024998,0.0,1585.0,TRPTCMZ128F9340B09,1.807725,,
TRSTDLM128EF3431B6,,,,,,,,,,,,,,,,,TRPTCMZ128F9340B09,,0.6044967567223929,0.6164341452711488
TRVJCBD128F4268421,,,,,,,,,,,,,,,,,TRPTCMZ128F9340B09,,0.6446113692397297,0.6552596777324119
TRWSYHO128F4282346,SOKHOQG12A8C13EBF2,ARSE5NP1187B9B98AB,Twista,I'm A Winner (Amended Album Version),The Day After,2005.0,260.23138,0.889613554744,0.593808365175,hip hop,rap; Hip-Hop; winner in bed twista,1253.0,166.0,218.622963,0.0,1790.0,TRPTCMZ128F9340B09,2.105225,,
TRFUJVJ128F426F2A2,SOONCPO12AF72A1986,AR8W8P31187B9A4063,Lauryn Hill,Interlude 5,MTV Unplugged No. 2.0,2002.0,734.48444,0.697206464376,0.580125198887,r&b/soul,ms hill; the realness; The Truth; true; rnb,1903.0,409.0,215.044182,0.0,3968.0,TRPTWJT128F422F239,4.557500000000002,,
TRLNCCP128F426504E,,,,,,,,,,,,,,,,,TRPTWJT128F422F239,,0.7173484247048331,0.7262262332197584
TRUGLTC128F4227B93,SOUSFNM12A6D4FCDAD,AR4503S1187FB43199,Danity Kane,Hold Me Down (Album Version),Danity Kane,2006.0,237.60934,0.854297752323,0.531302988552,r&b/soul,dance; Hold Me Down; Danity Kane; rnb; party,766.0,149.0,159.499216,0.0,3347.0,TRPTWJT128F422F239,3.9972656249999967,,
TRUXYDP128F93234BD,,,,,,,,,,,,,,,,,TRPTWJT128F422F239,,0.6979844228279384,0.709096476192283
TRVLIZK128F428845E,SOGLUJL12A8C138E31,ARUN7IC1187FB3D392,Five,That's What You Told Me,Five,1998.0,222.92853,0.588017305158,0.435444888557,pop,5ive; pop; Favorite; boybands; Remember,593.0,95.0,153.277526,0.0,3061.0,TRPTWJT128F422F239,3.6720312500000034,,
TRXKSAZ12903CAFB8E,,,,,,,,,,,,,,,,,TRPTWJT128F422F239,,0.7243852888582915,0.728433473710059
TRDPGXU128F9339C2A,SOELYON12AB01876A3,ARLHO5Z1187FB4C861,Beastie Boys,B-Boy Bouillabaisse: A.W.O.L. (2009 Digital Remaster),Paul's Boutique (20th Anniversary Remastered Edition),0.0,105.56036,0.853124523276,0.591628024008,hip hop,hip hop; leapsandbounds CDCollection,1746.0,505.0,153.652205,0.0,4484.0,TRPWTNZ128F147AD9F,5.087595312499999,,
TRFUJVJ128F426F2A2,SOONCPO12AF72A1986,AR8W8P31187B9A4063,Lauryn Hill,Interlude 5,MTV Unplugged No. 2.0,2002.0,734.48444,0.697206464376,0.580125198887,r&b/soul,ms hill; the realness; The Truth; true; rnb,1903.0,409.0,215.044182,0.0,4859.0,TRPWTNZ128F147AD9F,5.45505,,
TRMBNRH12903D02C23,,,,,,,,,,,,,,,,,TRPWTNZ128F147AD9F,,0.702594875557309,0.7147628554624083
TRQSIZR128EF362D3A,,,,,,,,,,,,,,,,,TRPWTNZ128F147AD9F,,0.7134905705740037,0.7295200646140947
TRTPMBB128F42934F8,,,,,,,,,,,,,,,,,TRPWTNZ128F147AD9F,,0.7087992799811659,0.7242958708268249
TRWSYHO128F4282346,SOKHOQG12A8C13EBF2,ARSE5NP1187B9B98AB,Twista,I'm A Winner (Amended Album Version),The Day After,2005.0,260.23138,0.889613554744,0.593808365175,hip hop,rap; Hip-Hop; winner in bed twista,1253.0,166.0,218.622963,0.0,3974.0,TRPWTNZ128F147AD9F,4.563159375000001,,
TRDPGXU128F9339C2A,SOELYON12AB01876A3,ARLHO5Z1187FB4C861,Beastie Boys,B-Boy Bouillabaisse: A.W.O.L. (2009 Digital Remaster),Paul's Boutique (20th Anniversary Remastered Edition),0.0,105.56036,0.853124523276,0.591628024008,hip hop,hip hop; leapsandbounds CDCollection,1746.0,505.0,153.652205,0.0,1122.0,TRPXMGA128F42A98BA,1.187075000000001,,
TRFAWIW128F9318B9B,,,,,,,,,,,,,,,,,TRPXMGA128F42A98BA,,0.4440639999036629,0.46160054217113705
TRIMKIC128F4271EA8,SOFWAPZ12AB018F371,AR2UWUD1187B9B3B01,Nina Simone,My Baby Just Cares For Me,Jazz Divas,1958.0,215.66649,0.661601101289,0.587353388802,jazz,jazz; female vocalists; nina simone; vocal jazz; blues,424.0,41.0,106.705201,0.0,1109.0,TRPXMGA128F42A98BA,1.3148500000000016,0.4657479448889296,0.4783821398184999
TRRSNPA128F148C45E,SOIUOEW12A67021D3D,AR8RXRI1187FB4104B,The Roots,Mellow My Man,From The Ground Up,0.0,288.31302,0.862795413749,0.600282490747,hip hop,Hip-Hop; jazzy; the roots; rap; hip hop,886.0,270.0,117.358425,0.0,1113.0,TRPXMGA128F42A98BA,1.2762750000000003,,
TRWAHZI12903D075D1,,,,,,,,,,,,,,,,,TRPXMGA128F42A98BA,,0.46427378521255,0.48348364324196236
TREBGAA128E078FC52,SOVYGAV12A58A7C3A9,AR24DZB1187FB3C869,Erykah Badu,I Want You,Worldwide Underground,2003.0,653.13914,0.855731901717,0.584841725537,r&b/soul,soul; Neo-Soul; female vocalists; rnb; Erykah Badu,617.0,98.0,153.163312,0.0,4071.0,TRPYGVQ128E078EFE9,4.936593749999999,,
TRFUJVJ128F426F2A2,SOONCPO12AF72A1986,AR8W8P31187B9A4063,Lauryn Hill,Interlude 5,MTV Unplugged No. 2.0,2002.0,734.48444,0.697206464376,0.580125198887,r&b/soul,ms hill; the realness; The Truth; true; rnb,1903.0,409.0,215.044182,0.0,5579.0,TRPYGVQ128E078EFE9,6.5597499999999975,,
TRISFKH128F9336E63,,,,,,,,,,,,,,,,,TRPYGVQ128E078EFE9,,0.6963210362069783,0.7036822071249154
TRMEKRF12903CC80A6,,,,,,,,,,,,,,,,,TRPYGVQ128E078EFE9,,0.6875904805395842,0.6949354270021553
TRVFKVN128F42B501F,,,,,,,,,,,,,,,,,TRPYGVQ128E078EFE9,,0.6822005754465855,0.6897099032142422
TRWSYHO128F4282346,SOKHOQG12A8C13EBF2,ARSE5NP1187B9B98AB,Twista,I'm A Winner (Amended Album Version),The Day After,2005.0,260.23138,0.889613554744,0.593808365175,hip hop,rap; Hip-Hop; winner in bed twista,1253.0,166.0,218.622963,0.0,4571.0,TRPYGVQ128E078EFE9,5.443187499999999,,
TREBGAA128E078FC52,SOVYGAV12A58A7C3A9,AR24DZB1187FB3C869,Erykah Badu,I Want You,Worldwide Underground,2003.0,653.13914,0.855731901717,0.584841725537,r&b/soul,soul; Neo-Soul; female vocalists; rnb; Erykah Badu,617.0,98.0,153.163312,0.0,10461.0,TRPZAPZ128F9341D3E,12.661201562500004,,
TRFUJVJ128F426F2A2,SOONCPO12AF72A1986,AR8W8P31187B9A4063,Lauryn Hill,Interlude 5,MTV Unplugged No. 2.0,2002.0,734.48444,0.697206464376,0.580125198887,r&b/soul,ms hill; the realness; The Truth; true; rnb,1903.0,409.0,215.044182,0.0,12606.0,TRPZAPZ128F9341D3E,14.628199999999998,,
TRRREHG128F9319163,,,,,,,,,,,,,,,,,TRPZAPZ128F9341D3E,,0.7378691753394974,0.7440107658085171
TRTBBGQ128E078FE63,,,,,,,,,,,,,,,,,TRPZAPZ128F9341D3E,,0.7522952099272375,0.7586327631720818
TRWSYHO128F4282346,SOKHOQG12A8C13EBF2,ARSE5NP1187B9B98AB,Twista,I'm A Winner (Amended Album Version),The Day After,2005.0,260.23138,0.889613554744,0.593808365175,hip hop,rap; Hip-Hop; winner in bed twista,1253.0,166.0,218.622963,0.0,10587.0,TRPZAPZ128F9341D3E,12.495715624999997,,
TRWZCIQ12903C97881,,,,,,,,,,,,,,,,,TRPZAPZ128F9341D3E,,0.7420650301266765,0.7486364422954158
TRBJDUF128F92D74D1,,,,,,,,,,,,,,,,,TRPZEWS128F92F585E,,0.6494427371512222,0.6627476516448516
TRDNAVT128F428A246,,,,,,,,,,,,,,,,,TRPZEWS128F92F585E,,0.6411415645622998,0.657535505639407
TRDPGXU128F9339C2A,SOELYON12AB01876A3,ARLHO5Z1187FB4C861,Beastie Boys,B-Boy Bouillabaisse: A.W.O.L. (2009 Digital Remaster),Paul's Boutique (20th Anniversary Remastered Edition),0.0,105.56036,0.853124523276,0.591628024008,hip hop,hip hop; leapsandbounds CDCollection,1746.0,505.0,153.652205,0.0,2038.0,TRPZEWS128F92F585E,2.182046875,,
TRFUJVJ128F426F2A2,SOONCPO12AF72A1986,AR8W8P31187B9A4063,Lauryn Hill,Interlude 5,MTV Unplugged No. 2.0,2002.0,734.48444,0.697206464376,0.580125198887,r&b/soul,ms hill; the realness; The Truth; true; rnb,1903.0,409.0,215.044182,0.0,3190.0,TRPZEWS128F92F585E,3.5504999999999995,,
TRIAGUC12903CE3DA2,,,,,,,,,,,,,,,,,TRPZEWS128F92F585E,,0.6093621931119325,0.6270120708038567
TRQAWKR128F425EEC3,SOFHEBR12CF5F892C7,ARXPPEY1187FB51DF4,Michael Jackson,Man In The Mirror,HIStory - PAST_ PRESENT AND FUTURE - Book I,1987.0,319.29424,0.855245195586,0.899991594263,pop,pop; michael jackson; 80s; soul; king of pop,1543.0,135.0,200.024998,0.0,2087.0,TRPZEWS128F92F585E,2.2340937499999995,,
TRCHZXW128E079288A,SOMEJDK12D0219BB71,ARTH9041187FB43E1F,Eminem,8 Mile,8 Mile,2002.0,359.3922,0.886183647684,0.852677055416,hip hop,rap; Hip-Hop; Eminem; Soundtrack; hip hop,1141.0,328.0,132.992481,0.0,2166.0,TRPZXTD128F14856D4,2.4288000000000007,,
TRDPGXU128F9339C2A,SOELYON12AB01876A3,ARLHO5Z1187FB4C861,Beastie Boys,B-Boy Bouillabaisse: A.W.O.L. (2009 Digital Remaster),Paul's Boutique (20th Anniversary Remastered Edition),0.0,105.56036,0.853124523276,0.591628024008,hip hop,hip hop; leapsandbounds CDCollection,1746.0,505.0,153.652205,0.0,2639.0,TRPZXTD128F14856D4,2.9294499999999988,0.5554083855171618,0.5836354299324463
TRFUJVJ128F426F2A2,SOONCPO12AF72A1986,AR8W8P31187B9A4063,Lauryn Hill,Interlude 5,MTV Unplugged No. 2.0,2002.0,734.48444,0.697206464376,0.580125198887,r&b/soul,ms hill; the realness; The Truth; true; rnb,1903.0,409.0,215.044182,0.0,3048.0,TRPZXTD128F14856D4,3.3684000000000016,,
TRGFFYK128F933CB76,,,,,,,,,,,,,,,,,TRPZXTD128F14856D4,,0.5627382432242969,0.5852238166776126
TRWVHON128F42639BA,,,,,,,,,,,,,,,,,TRPZXTD128F14856D4,,,0.5818670194058317
TRYBPGK128F4255BE3,,,,,,,,,,,,,,,,,TRPZXTD128F14856D4,,0.5611403390898249,
TRDPGXU128F9339C2A,SOELYON12AB01876A3,ARLHO5Z1187FB4C861,Beastie Boys,B-Boy Bouillabaisse: A.W.O.L. (2009 Digital Remaster),Paul's Boutique (20th Anniversary Remastered Edition),0.0,105.56036,0.853124523276,0.591628024008,hip hop,hip hop; leapsandbounds CDCollection,1746.0,505.0,153.652205,0.0,15159.0,TRQAWKR128F425EEC3,16.521371874999993,,
TRFUJVJ128F426F2A2,SOONCPO12AF72A1986,AR8W8P31187B9A4063,Lauryn Hill,Interlude 5,MTV Unplugged No. 2.0,2002.0,734.48444,0.697206464376,0.580125198887,r&b/soul,ms hill; the realness; The Truth; true; rnb,1903.0,409.0,215.044182,0.0,22971.0,TRQAWKR128F425EEC3,25.811149999999998,,
TRJEAVP128F42B83F0,,,,,,,,,,,,,,,,,TRQAWKR128F425EEC3,,0.5718009748687515,0.5897635004021178
TRMJBIJ128F93391B9,,,,,,,,,,,,,,,,,TRQAWKR128F425EEC3,,0.5643738229200913,0.5880589018332385
TROWDOO128F9361D3E,,,,,,,,,,,,,,,,,TRQAWKR128F425EEC3,,,0.5623304492220924
TRPHUZK128F146A63D,,,,,,,,,,,,,,,,,TRQAWKR128F425EEC3,,0.5411750827220256,
TRWSYHO128F4282346,SOKHOQG12A8C13EBF2,ARSE5NP1187B9B98AB,Twista,I'm A Winner (Amended Album Version),The Day After,2005.0,260.23138,0.889613554744,0.593808365175,hip hop,rap; Hip-Hop; winner in bed twista,1253.0,166.0,218.622963,0.0,19432.0,TRQAWKR128F425EEC3,22.393056249999994,,
TRDPGXU128F9339C2A,SOELYON12AB01876A3,ARLHO5Z1187FB4C861,Beastie Boys,B-Boy Bouillabaisse: A.W.O.L. (2009 Digital Remaster),Paul's Boutique (20th Anniversary Remastered Edition),0.0,105.56036,0.853124523276,0.591628024008,hip hop,hip hop; leapsandbounds CDCollection,1746.0,505.0,153.652205,0.0,6752.0,TRQBNNZ128F92D4F35,7.732175000000002,,
TREBQOW128F92C4549,,,,,,,,,,,,,,,,,TRQBNNZ128F92D4F35,,0.7280807051064352,0.739390136438965
TRFUJVJ128F426F2A2,SOONCPO12AF72A1986,AR8W8P31187B9A4063,Lauryn Hill,Interlude 5,MTV Unplugged No. 2.0,2002.0,734.48444,0.697206464376,0.580125198887,r&b/soul,ms hill; the realness; The Truth; true; rnb,1903.0,409.0,215.044182,0.0,7500.0,TRQBNNZ128F92D4F35,8.528599999999997,,
TRKLJAG128F42B31CF,,,,,,,,,,,,,,,,,TRQBNNZ128F92D4F35,7.063749999999987,0.7288863583045805,0.7336267272708022
TRMEKRF12903CC80A6,,,,,,,,,,,,,,,,,TRQBNNZ128F92D4F35,,0.7445085400426261,0.7533107702265562
TRWSYHO128F4282346,SOKHOQG12A8C13EBF2,ARSE5NP1187B9B98AB,Twista,I'm A Winner (Amended Album Version),The Day After,2005.0,260.23138,0.889613554744,0.593808365175,hip hop,rap; Hip-Hop; winner in bed twista,1253.0,166.0,218.622963,0.0,6002.0,TRQBNNZ128F92D4F35,,,
TRDPGXU128F9339C2A,SOELYON12AB01876A3,ARLHO5Z1187FB4C861,Beastie Boys,B-Boy Bouillabaisse: A.W.O.L. (2009 Digital Remaster),Paul's Boutique (20th Anniversary Remastered Edition),0.0,105.56036,0.853124523276,0.591628024008,hip hop,hip hop; leapsandbounds CDCollection,1746.0,505.0,153.652205,0.0,6249.0,TRQCFKA128F148A0D5,7.297692187500001,,
TRFAIBW128F428B7A6,,,,,,,,,,,,,,,,,TRQCFKA128F148A0D5,,0.6877195336002093,0.6973063563915288
TRFUJVJ128F426F2A2,SOONCPO12AF72A1986,AR8W8P31187B9A4063,Lauryn Hill,Interlude 5,MTV Unplugged No. 2.0,2002.0,734.48444,0.697206464376,0.580125198887,r&b/soul,ms hill; the realness; The Truth; true; rnb,1903.0,409.0,215.044182,0.0,6730.0,TRQCFKA128F148A0D5,7.798399999999999,,
TRJATQE12903CB4F22,,,,,,,,,,,,,,,,,TRQCFKA128F148A0D5,,0.7066446569657723,0.7136166981196651
TRQCXUL128E078A9D6,,,,,,,,,,,,,,,,,TRQCFKA128F148A0D5,,0.6876789193724968,0.6966218494342558
TRWSYHO128F4282346,SOKHOQG12A8C13EBF2,ARSE5NP1187B9B98AB,Twista,I'm A Winner (Amended Album Version),The Day After,2005.0,260.23138,0.889613554744,0.593808365175,hip hop,rap; Hip-Hop; winner in bed twista,1253.0,166.0,218.622963,0.0,6026.0,TRQCFKA128F148A0D5,7.131165624999995,,
TRFCNPY128F934AF94,,,,,,,,,,,,,,,,,TRQENBA128F426093C,,0.7926228091290252,0.7980182213718866
TRFUJVJ128F426F2A2,SOONCPO12AF72A1986,AR8W8P31187B9A4063,Lauryn Hill,Interlude 5,MTV Unplugged No. 2.0,2002.0,734.48444,0.697206464376,0.580125198887,r&b/soul,ms hill; the realness; The Truth; true; rnb,1903.0,409.0,215.044182,0.0,5138.0,TRQENBA128F426093C,6.0453,,
TRGLNKG128F9307689,SOFVLYU12AB017F502,ARTH9041187FB43E1F,Eminem,My Darling,Relapse [Deluxe],2009.0,320.49587,0.871010615313,0.879236744738,hip hop,rap; detroit; Hip-Hop; Horrorcore; MOONH8SUN,1055.0,293.0,140.089257,0.0,2935.0,TRQENBA128F426093C,3.4378687500000003,,
TROKUOP12903CA7867,,,,,,,,,,,,,,,,,TRQENBA128F426093C,,0.7810602607288467,0.7872396565780551
TRWFHUB128F1476AFB,,,,,,,,,,,,,,,,,TRQENBA128F426093C,,0.8014700482395721,0.8070223082023004
TRWSYHO128F4282346,SOKHOQG12A8C13EBF2,ARSE5NP1187B9B98AB,Twista,I'm A Winner (Amended Album Version),The Day After,2005.0,260.23138,0.889613554744,0.593808365175,hip hop,rap; Hip-Hop; winner in bed twista,1253.0,166.0,218.622963,0.0,3017.0,TRQENBA128F426093C,3.5247375,,
TRHUGTY128F92F1FCE,,,,,,,,,,,,,,,,,TRQEQHH12903CA6CE5,,0.8040094511710695,0.8069001678014539
TRRGVQK128F423B513,,,,,,,,,,,,,,,,,TRQEQHH12903CA6CE5,,0.8013854914793828,0.8048195108405131
TRTHNFG12903D0CE54,SONCVPT12AC468B123,AR1ZHZ51187FB37FEC,Violadores del Verso,Dale tiempo al rumor,Vivir Para Contarlo,2006.0,370.02404,0.658189532108,0.524275367928,hip hop,spanish; Hip-Hop; subelamusica; spanish rap; Doble V,749.0,199.0,99.95499,0.0,3176.0,TRQEQHH12903CA6CE5,3.8171078125000024,,
TRTJLTW12903CFF1E9,SOJLHYI12AC46857C4,ARFJD5L1187B9A30BA,Los Van Van,El Negro Está Cocinando,Live At Miami Arena,1999.0,609.25342,0.604414492162,0.400517950689,latin,cuba; salsa; latin; cubano; latinas,407.0,81.0,86.792857,0.0,2689.0,TRQEQHH12903CA6CE5,3.2753046874999954,,
TRWQZXS128F92DB731,SOLJOIC12A8C145316,ARVH6PU1187FB46B3F,Victor Manuelle,Lloré Lloré,Historia De Un Sonero,0.0,308.50567,0.668543746567,0.490615493311,latin,salsa; great to dance,365.0,79.0,77.369245,0.0,2671.0,TRQEQHH12903CA6CE5,3.258534374999998,,
TRXICIN12903CD26F1,,,,,,,,,,,,,,,,,TRQEQHH12903CA6CE5,,0.7986021527921398,0.8022013139991617
TRDPGXU128F9339C2A,SOELYON12AB01876A3,ARLHO5Z1187FB4C861,Beastie Boys,B-Boy Bouillabaisse: A.W.O.L. (2009 Digital Remaster),Paul's Boutique (20th Anniversary Remastered Edition),0.0,105.56036,0.853124523276,0.591628024008,hip hop,hip hop; leapsandbounds CDCollection,1746.0,505.0,153.652205,0.0,2908.0,TRQFRJG128F4260199,3.3022453124999998,,
TRFLQUL128F93196AF,,,,,,,,,,,,,,,,,TRQFRJG128F4260199,,0.7603160204056161,0.773323513414559
TRFUJVJ128F426F2A2,SOONCPO12AF72A1986,AR8W8P31187B9A4063,Lauryn Hill,Interlude 5,MTV Unplugged No. 2.0,2002.0,734.48444,0.697206464376,0.580125198887,r&b/soul,ms hill; the realness; The Truth; true; rnb,1903.0,409.0,215.044182,0.0,3473.0,TRQFRJG128F4260199,3.9433500000000015,,
TRNVKOI128E0799173,,,,,,,,,,,,,,,,,TRQFRJG128F4260199,,0.7223625933448811,0.7375630740202269
TRWSYHO128F4282346,SOKHOQG12A8C13EBF2,ARSE5NP1187B9B98AB,Twista,I'm A Winner (Amended Album Version),The Day After,2005.0,260.23138,0.889613554744,0.593808365175,hip hop,rap; Hip-Hop; winner in bed twista,1253.0,166.0,218.622963,0.0,2291.0,TRQFRJG128F4260199,2.6037093749999993,,
TRYKZBN128F427BC7B,,,,,,,,,,,,,,,,,TRQFRJG128F4260199,,0.7259657657705111,0.7385221318397993
TREBGAA128E078FC52,SOVYGAV12A58A7C3A9,AR24DZB1187FB3C869,Erykah Badu,I Want You,Worldwide Underground,2003.0,653.13914,0.855731901717,0.584841725537,r&b/soul,soul; Neo-Soul; female vocalists; rnb; Erykah Badu,617.0,98.0,153.163312,0.0,5931.0,TRQGFHN128F428643E,7.171145312499996,,
TRFUJVJ128F426F2A2,SOONCPO12AF72A1986,AR8W8P31187B9A4063,Lauryn Hill,Interlude 5,MTV Unplugged No. 2.0,2002.0,734.48444,0.697206464376,0.580125198887,r&b/soul,ms hill; the realness; The Truth; true; rnb,1903.0,409.0,215.044182,0.0,6553.0,TRQGFHN128F428643E,7.53115,,
TRGXDVA128F9350A48,,,,,,,,,,,,,,,,,TRQGFHN128F428643E,,0.6559545034297796,0.6615524853091157
TRIWDKR128F429D9EE,,,,,,,,,,,,,,,,,TRQGFHN128F428643E,,0.6942820223995609,0.7027788680568936
TRWSYHO128F4282346,SOKHOQG12A8C13EBF2,ARSE5NP1187B9B98AB,Twista,I'm A Winner (Amended Album Version),The Day After,2005.0,260.23138,0.889613554744,0.593808365175,hip hop,rap; Hip-Hop; winner in bed twista,1253.0,166.0,218.622963,0.0,6296.0,TRQGFHN128F428643E,7.438603124999999,,
TRYYRLU12903D082FF,,,,,,,,,,,,,,,,,TRQGFHN128F428643E,,0.6675026216571343,0.6772164810780862
TRDPGXU128F9339C2A,SOELYON12AB01876A3,ARLHO5Z1187FB4C861,Beastie Boys,B-Boy Bouillabaisse: A.W.O.L. (2009 Digital Remaster),Paul's Boutique (20th Anniversary Remastered Edition),0.0,105.56036,0.853124523276,0.591628024008,hip hop,hip hop; leapsandbounds CDCollection,1746.0,505.0,153.652205,0.0,3267.0,TRQHDNY128F92E3A01,3.770229687500002,,
TRFUJVJ128F426F2A2,SOONCPO12AF72A1986,AR8W8P31187B9A4063,Lauryn Hill,Interlude 5,MTV Unplugged No. 2.0,2002.0,734.48444,0.697206464376,0.580125198887,r&b/soul,ms hill; the realness; The Truth; true; rnb,1903.0,409.0,215.044182,0.0,3771.0,TRQHDNY128F92E3A01,4.338850000000002,,
TRKLJAG128F42B31CF,,,,,,,,,,,,,,,,,TRQHDNY128F92E3A01,,0.7291790111232168,
TRNPSMI128F14A8E06,,,,,,,,,,,,,,,,,TRQHDNY128F92E3A01,,0.7390007204118456,0.7462065159147478
TRQAOWZ128F93000A4,,,,,,,,,,,,,,,,,TRQHDNY128F92E3A01,,,0.7375417500873664
TRWILVQ128F42644B3,,,,,,,,,,,,,,,,,TRQHDNY128F92E3A01,,0.7314184945530683,0.7415873503133033
TRWSYHO128F4282346,SOKHOQG12A8C13EBF2,ARSE5NP1187B9B98AB,Twista,I'm A Winner (Amended Album Version),The Day After,2005.0,260.23138,0.889613554744,0.593808365175,hip hop,rap; Hip-Hop; winner in bed twista,1253.0,166.0,218.622963,0.0,3353.0,TRQHDNY128F92E3A01,3.946240625000001,,
TRBIVSX128F145C183,,,,,,,,,,,,,,,,,TRQJQNX128F4266704,,0.6160788154452861,0.6294273849928796
TRDAJVD128F9303C8D,,,,,,,,,,,,,,,,,TRQJQNX128F4266704,,0.6365034119132509,0.6459665063087461
TRDPGXU128F9339C2A,SOELYON12AB01876A3,ARLHO5Z1187FB4C861,Beastie Boys,B-Boy Bouillabaisse: A.W.O.L. (2009 Digital Remaster),Paul's Boutique (20th Anniversary Remastered Edition),0.0,105.56036,0.853124523276,0.591628024008,hip hop,hip hop; leapsandbounds CDCollection,1746.0,505.0,153.652205,0.0,1480.0,TRQJQNX128F4266704,1.638421874999999,,
TRFUJVJ128F426F2A2,SOONCPO12AF72A1986,AR8W8P31187B9A4063,Lauryn Hill,Interlude 5,MTV Unplugged No. 2.0,2002.0,734.48444,0.697206464376,0.580125198887,r&b/soul,ms hill; the realness; The Truth; true; rnb,1903.0,409.0,215.044182,0.0,2136.0,TRQJQNX128F4266704,2.4170000000000003,,
TRGLNKG128F9307689,SOFVLYU12AB017F502,ARTH9041187FB43E1F,Eminem,My Darling,Relapse [Deluxe],2009.0,320.49587,0.871010615313,0.879236744738,hip hop,rap; detroit; Hip-Hop; Horrorcore; MOONH8SUN,1055.0,293.0,140.089257,0.0,1399.0,TRQJQNX128F4266704,1.5938906250000002,,
TRNXDRD128F92DCE10,,,,,,,,,,,,,,,,,TRQJQNX128F4266704,,0.603238194439732,0.6234445403238089
TRFUJVJ128F426F2A2,SOONCPO12AF72A1986,AR8W8P31187B9A4063,Lauryn Hill,Interlude 5,MTV Unplugged No. 2.0,2002.0,734.48444,0.697206464376,0.580125198887,r&b/soul,ms hill; the realness; The Truth; true; rnb,1903.0,409.0,215.044182,0.0,2963.0,TRQLICG12903CBFAFD,3.39555,,
TRGLNKG128F9307689,SOFVLYU12AB017F502,ARTH9041187FB43E1F,Eminem,My Darling,Relapse [Deluxe],2009.0,320.49587,0.871010615313,0.879236744738,hip hop,rap; detroit; Hip-Hop; Horrorcore; MOONH8SUN,1055.0,293.0,140.089257,0.0,2360.0,TRQLICG12903CBFAFD,,,
TRHYECQ128F146E6E3,,,,,,,,,,,,,,,,,TRQLICG12903CBFAFD,,0.600270858876986,0.612880444924604
TRUGLTC128F4227B93,,,,,,,,,,,,,,,,,TRQLICG12903CBFAFD,2.7672062500000014,,
TRWSYHO128F4282346,SOKHOQG12A8C13EBF2,ARSE5NP1187B9B98AB,Twista,I'm A Winner (Amended Album Version),The Day After,2005.0,260.23138,0.889613554744,0.593808365175,hip hop,rap; Hip-Hop; winner in bed twista,1253.0,166.0,218.622963,0.0,2877.0,TRQLICG12903CBFAFD,3.3948312499999984,,
TRWUNUL128F145C985,,,,,,,,,,,,,,,,,TRQLICG12903CBFAFD,,0.6630457035563418,0.6728692587949101
TRXTLLG128F930416B,,,,,,,,,,,,,,,,,TRQLICG12903CBFAFD,,0.640079605195882,0.6513328013771283
TRAZHNL12903CC1B6C,,,,,,,,,,,,,,,,,TRQMNKZ12903D00E5B,,0.5632132667911007,0.5854537258521889
TRCHZXW128E079288A,SOMEJDK12D0219BB71,ARTH9041187FB43E1F,Eminem,8 Mile,8 Mile,2002.0,359.3922,0.886183647684,0.852677055416,hip hop,rap; Hip-Hop; Eminem; Soundtrack; hip hop,1141.0,328.0,132.992481,0.0,1366.0,TRQMNKZ12903D00E5B,1.5550859374999992,,
TRDPGXU128F9339C2A,SOELYON12AB01876A3,ARLHO5Z1187FB4C861,Beastie Boys,B-Boy Bouillabaisse: A.W.O.L. (2009 Digital Remaster),Paul's Boutique (20th Anniversary Remastered Edition),0.0,105.56036,0.853124523276,0.591628024008,hip hop,hip hop; leapsandbounds CDCollection,1746.0,505.0,153.652205,0.0,1452.0,TRQMNKZ12903D00E5B,1.6130390624999995,,
TREBQOW128F92C4549,,,,,,,,,,,,,,,,,TRQMNKZ12903D00E5B,,0.57381568611579,0.591750157130537
TRFUJVJ128F426F2A2,SOONCPO12AF72A1986,AR8W8P31187B9A4063,Lauryn Hill,Interlude 5,MTV Unplugged No. 2.0,2002.0,734.48444,0.697206464376,0.580125198887,r&b/soul,ms hill; the realness; The Truth; true; rnb,1903.0,409.0,215.044182,0.0,1352.0,TRQMNKZ12903D00E5B,,,
TROIJDA128F9341E70,,,,,,,,,,,,,,,,,TRQMNKZ12903D00E5B,1.5265390625000002,,
TRQSIZR128EF362D3A,,,,,,,,,,,,,,,,,TRQMNKZ12903D00E5B,,,0.5837569013174864
TRYMOJM128F14994F3,,,,,,,,,,,,,,,,,TRQMNKZ12903D00E5B,,0.5641008933145306,
TRDPGXU128F9339C2A,SOELYON12AB01876A3,ARLHO5Z1187FB4C861,Beastie Boys,B-Boy Bouillabaisse: A.W.O.L. (2009 Digital Remaster),Paul's Boutique (20th Anniversary Remastered Edition),0.0,105.56036,0.853124523276,0.591628024008,hip hop,hip hop; leapsandbounds CDCollection,1746.0,505.0,153.652205,0.0,1718.0,TRQMVYN128F4250E38,1.928228125,,
TRENDJC128F42790D9,,,,,,,,,,,,,,,,,TRQMVYN128F4250E38,,0.6807726398067783,0.6934152566955865
TRFUJVJ128F426F2A2,SOONCPO12AF72A1986,AR8W8P31187B9A4063,Lauryn Hill,Interlude 5,MTV Unplugged No. 2.0,2002.0,734.48444,0.697206464376,0.580125198887,r&b/soul,ms hill; the realness; The Truth; true; rnb,1903.0,409.0,215.044182,0.0,1908.0,TRQMVYN128F4250E38,2.1228,,
TRUVZTN128F424B846,,,,,,,,,,,,,,,,,TRQMVYN128F4250E38,,0.9932317150001079,0.9935022053948106
TRWSYHO128F4282346,SOKHOQG12A8C13EBF2,ARSE5NP1187B9B98AB,Twista,I'm A Winner (Amended Album Version),The Day After,2005.0,260.23138,0.889613554744,0.593808365175,hip hop,rap; Hip-Hop; winner in bed twista,1253.0,166.0,218.622963,0.0,1729.0,TRQMVYN128F4250E38,1.989893750000001,,
TRXXPYK128F14805B7,,,,,,,,,,,,,,,,,TRQMVYN128F4250E38,,0.6983789577727361,0.7104038806111893
TRECXGP128F147CEE8,,,,,,,,,,,,,,,,,TRQMXBD128F145ECA2,,0.7228805827676597,0.728733969848113
TRHACES128F427CCDE,,,,,,,,,,,,,,,,,TRQMXBD128F145ECA2,,0.8067290233381338,0.8107519604972093
TRIJHLY12903D0CE4D,SOAEBYL12AC468B119,AR1ZHZ51187FB37FEC,Violadores del Verso,Cantando,Vivir Para Contarlo,2006.0,312.92036,0.658189532108,0.503436953654,hip hop,Hip-Hop; spanish hip-hop; rap; spanish; hip hop,671.0,209.0,83.660026,0.0,1664.0,TRQMXBD128F145ECA2,1.9919968750000001,,
TRRUSZX128F1480C9F,,,,,,,,,,,,,,,,,TRQMXBD128F145ECA2,,0.7606556118897981,0.7655637412106407
TRTHNFG12903D0CE54,SONCVPT12AC468B123,AR1ZHZ51187FB37FEC,Violadores del Verso,Dale tiempo al rumor,Vivir Para Contarlo,2006.0,370.02404,0.658189532108,0.524275367928,hip hop,spanish; Hip-Hop; subelamusica; spanish rap; Doble V,749.0,199.0,99.95499,0.0,1950.0,TRQMXBD128F145ECA2,2.337684375,,
TRUKWZW128F92CADC2,SOHZGGE12A8C1400A4,ARBNXYA1187FB51C50,Daddy Yankee,Como Y Vete,Talento De Barrio,2008.0,221.41342,0.90898429564,0.562506672289,reggae,Reggaeton; spanish; basura; Daddy Yankee; songs with foreign language: spanish,489.0,115.0,74.269779,0.0,1515.0,TRQMXBD128F145ECA2,1.8165749999999994,,
TRCKORX128F1480B65,,,,,,,,,,,,,,,,,TRQNNKX12903CB44CA,,0.6164859183592444,
TREBGAA128E078FC52,SOVYGAV12A58A7C3A9,AR24DZB1187FB3C869,Erykah Badu,I Want You,Worldwide Underground,2003.0,653.13914,0.855731901717,0.584841725537,r&b/soul,soul; Neo-Soul; female vocalists; rnb; Erykah Badu,617.0,98.0,153.163312,0.0,2215.0,TRQNNKX12903CB44CA,2.6444890624999995,,
TRFUJVJ128F426F2A2,SOONCPO12AF72A1986,AR8W8P31187B9A4063,Lauryn Hill,Interlude 5,MTV Unplugged No. 2.0,2002.0,734.48444,0.697206464376,0.580125198887,r&b/soul,ms hill; the realness; The Truth; true; rnb,1903.0,409.0,215.044182,0.0,2205.0,TRQNNKX12903CB44CA,2.41815,,
TRLTTDC128E079380E,,,,,,,,,,,,,,,,,TRQNNKX12903CB44CA,,,0.6264826776685397
TRLVIKC12903CF81B9,,,,,,,,,,,,,,,,,TRQNNKX12903CB44CA,,0.6182797427861533,0.6271956421817664
TRTNMJU128F4299B34,,,,,,,,,,,,,,,,,TRQNNKX12903CB44CA,,0.6597663237313405,0.6698115401794407
TRWSYHO128F4282346,SOKHOQG12A8C13EBF2,ARSE5NP1187B9B98AB,Twista,I'm A Winner (Amended Album Version),The Day After,2005.0,260.23138,0.889613554744,0.593808365175,hip hop,rap; Hip-Hop; winner in bed twista,1253.0,166.0,218.622963,0.0,2108.0,TRQNNKX12903CB44CA,2.4140406249999997,,
TRFUJVJ128F426F2A2,SOONCPO12AF72A1986,AR8W8P31187B9A4063,Lauryn Hill,Interlude 5,MTV Unplugged No. 2.0,2002.0,734.48444,0.697206464376,0.580125198887,r&b/soul,ms hill; the realness; The Truth; true; rnb,1903.0,409.0,215.044182,0.0,8846.0,TRQPMHA128E078B979,10.257100000000001,,
TRGLNKG128F9307689,SOFVLYU12AB017F502,ARTH9041187FB43E1F,Eminem,My Darling,Relapse [Deluxe],2009.0,320.49587,0.871010615313,0.879236744738,hip hop,rap; detroit; Hip-Hop; Horrorcore; MOONH8SUN,1055.0,293.0,140.089257,0.0,6826.0,TRQPMHA128E078B979,8.042581250000003,,
TRHBWQF128F933687C,,,,,,,,,,,,,,,,,TRQPMHA128E078B979,,0.7259837808997787,0.7307450668572184
TRPWHQK128F9326149,,,,,,,,,,,,,,,,,TRQPMHA128E078B979,,0.7404539621045563,0.7457744617225673
TRWSYHO128F4282346,SOKHOQG12A8C13EBF2,ARSE5NP1187B9B98AB,Twista,I'm A Winner (Amended Album Version),The Day After,2005.0,260.23138,0.889613554744,0.593808365175,hip hop,rap; Hip-Hop; winner in bed twista,1253.0,166.0,218.622963,0.0,8012.0,TRQPMHA128E078B979,9.491912499999998,,
TRZEQMX128F42883EF,,,,,,,,,,,,,,,,,TRQPMHA128E078B979,,0.7248242380419183,0.7317463099137409
TREBGAA128E078FC52,,,,,,,,,,,,,,,,,TRQQLZD128F425E9BC,11.996040624999996,,
TRFUJVJ128F426F2A2,SOONCPO12AF72A1986,AR8W8P31187B9A4063,Lauryn Hill,Interlude 5,MTV Unplugged No. 2.0,2002.0,734.48444,0.697206464376,0.580125198887,r&b/soul,ms hill; the realness; The Truth; true; rnb,1903.0,409.0,215.044182,0.0,10599.0,TRQQLZD128F425E9BC,11.928550000000003,,
TRFWLDO128F93613DF,,,,,,,,,,,,,,,,,TRQQLZD128F425E9BC,,0.7507985656833589,0.7577329900309941
TROIJDA128F9341E70,SOCUXGX12A8C13B78C,ARLMXEA1187B9A7D04,R. Kelly,I Mean (I Don't Mean It),TP-2.com,2000.0,205.00853,0.811092052861,0.783843023046,r&b/soul,soul; rnb; english lyrics; SDZ,701.0,190.0,135.443715,0.0,10886.0,TRQQLZD128F425E9BC,13.048746875,,
TROSCTL128F423EAF8,,,,,,,,,,,,,,,,,TRQQLZD128F425E9BC,,0.7474520358606161,0.7529684585909909
TRTXZGM128F428B62B,,,,,,,,,,,,,,,,,TRQQLZD128F425E9BC,,0.7182802460316968,0.728642464567285
TRWSYHO128F4282346,SOKHOQG12A8C13EBF2,ARSE5NP1187B9B98AB,Twista,I'm A Winner (Amended Album Version),The Day After,2005.0,260.23138,0.889613554744,0.593808365175,hip hop,rap; Hip-Hop; winner in bed twista,1253.0,166.0,218.622963,0.0,10137.0,TRQQLZD128F425E9BC,,,
TREBGAA128E078FC52,SOVYGAV12A58A7C3A9,AR24DZB1187FB3C869,Erykah Badu,I Want You,Worldwide Underground,2003.0,653.13914,0.855731901717,0.584841725537,r&b/soul,soul; Neo-Soul; female vocalists; rnb; Erykah Badu,617.0,98.0,153.163312,0.0,11823.0,TRQRAKE128F9322866,14.2445125,,
TREUZWP128F421CBB7,,,,,,,,,,,,,,,,,TRQRAKE128F9322866,,0.8126473257695467,0.8209644768440513
TRFUJVJ128F426F2A2,SOONCPO12AF72A1986,AR8W8P31187B9A4063,Lauryn Hill,Interlude 5,MTV Unplugged No. 2.0,2002.0,734.48444,0.697206464376,0.580125198887,r&b/soul,ms hill; the realness; The Truth; true; rnb,1903.0,409.0,215.044182,0.0,16833.0,TRQRAKE128F9322866,19.58765,,
TRNHSZN128F930FF03,,,,,,,,,,,,,,,,,TRQRAKE128F9322866,,0.8172833654342361,0.8240500724231242
TRPBTSJ128F42A3168,,,,,,,,,,,,,,,,,TRQRAKE128F9322866,,0.8017084907007066,0.8093392605993524
TRWSYHO128F4282346,SOKHOQG12A8C13EBF2,ARSE5NP1187B9B98AB,Twista,I'm A Winner (Amended Album Version),The Day After,2005.0,260.23138,0.889613554744,0.593808365175,hip hop,rap; Hip-Hop; winner in bed twista,1253.0,166.0,218.622963,0.0,14552.0,TRQRAKE128F9322866,17.24002499999999,,
TRAIWMN128F93422AC,,,,,,,,,,,,,,,,,TRQSGEL128F4242DFC,,0.5026902029454291,0.5202315706346798
TRFUJVJ128F426F2A2,SOONCPO12AF72A1986,AR8W8P31187B9A4063,Lauryn Hill,Interlude 5,MTV Unplugged No. 2.0,2002.0,734.48444,0.697206464376,0.580125198887,r&b/soul,ms hill; the realness; The Truth; true; rnb,1903.0,409.0,215.044182,0.0,2668.0,TRQSGEL128F4242DFC,2.8221000000000003,,
TRQAWKR128F425EEC3,SOFHEBR12CF5F892C7,ARXPPEY1187FB51DF4,Michael Jackson,Man In The Mirror,HIStory - PAST_ PRESENT AND FUTURE - Book I,1987.0,319.29424,0.855245195586,0.899991594263,pop,pop; michael jackson; 80s; soul; king of pop,1543.0,135.0,200.024998,0.0,1994.0,TRQSGEL128F4242DFC,2.0527718749999995,,
TRSIKJZ128F92E2FCF,,,,,,,,,,,,,,,,,TRQSGEL128F4242DFC,,0.4672659098562684,0.48304258290331054
TRTJQZD128F92EF881,,,,,,,,,,,,,,,,,TRQSGEL128F4242DFC,,0.4190112817670714,0.43343563734591717
TRXHFMI128F429B2F2,SOPSDTK12A8C13C52D,ARIRE5Q1187FB4DC13,Rufio,Over It (Acoustic),Punk Goes Acoustic,0.0,114.23302,0.707525588474,0.493312154342,punk,punk; emo; rock; acoustic; punk rock,526.0,92.0,135.716617,0.0,1876.0,TRQSGEL128F4242DFC,2.171129687499995,,
TRDPGXU128F9339C2A,SOELYON12AB01876A3,ARLHO5Z1187FB4C861,Beastie Boys,B-Boy Bouillabaisse: A.W.O.L. (2009 Digital Remaster),Paul's Boutique (20th Anniversary Remastered Edition),0.0,105.56036,0.853124523276,0.591628024008,hip hop,hip hop; leapsandbounds CDCollection,1746.0,505.0,153.652205,0.0,1711.0,TRQUJCP128F4238206,1.927171874999999,,
TREBGAA128E078FC52,,,,,,,,,,,,,,,,,TRQUJCP128F4238206,1.848265624999998,,
TRFUJVJ128F426F2A2,SOONCPO12AF72A1986,AR8W8P31187B9A4063,Lauryn Hill,Interlude 5,MTV Unplugged No. 2.0,2002.0,734.48444,0.697206464376,0.580125198887,r&b/soul,ms hill; the realness; The Truth; true; rnb,1903.0,409.0,215.044182,0.0,1804.0,TRQUJCP128F4238206,2.001999999999999,,
TRHJXVO128F9308F9F,,,,,,,,,,,,,,,,,TRQUJCP128F4238206,,0.6838707621408071,
TRPMDDK12903D0D320,,,,,,,,,,,,,,,,,TRQUJCP128F4238206,,0.945926874155578,0.9482073883144873
TRWSYHO128F4282346,SOKHOQG12A8C13EBF2,ARSE5NP1187B9B98AB,Twista,I'm A Winner (Amended Album Version),The Day After,2005.0,260.23138,0.889613554744,0.593808365175,hip hop,rap; Hip-Hop; winner in bed twista,1253.0,166.0,218.622963,0.0,1577.0,TRQUJCP128F4238206,,,
TRYYRLU12903D082FF,,,,,,,,,,,,,,,,,TRQUJCP128F4238206,,0.6862688998070413,0.7003492917357614
TRZCHKB128F92CB740,,,,,,,,,,,,,,,,,TRQUJCP128F4238206,,,0.6961442495270542
TRBUESY128F92F81F6,,,,,,,,,,,,,,,,,TRQXTQT128E0781DA7,,0.571965441436379,0.5821427032702406
TRDPGXU128F9339C2A,SOELYON12AB01876A3,ARLHO5Z1187FB4C861,Beastie Boys,B-Boy Bouillabaisse: A.W.O.L. (2009 Digital Remaster),Paul's Boutique (20th Anniversary Remastered Edition),0.0,105.56036,0.853124523276,0.591628024008,hip hop,hip hop; leapsandbounds CDCollection,1746.0,505.0,153.652205,0.0,2473.0,TRQXTQT128E0781DA7,2.7257968750000003,,
TRFUJVJ128F426F2A2,SOONCPO12AF72A1986,AR8W8P31187B9A4063,Lauryn Hill,Interlude 5,MTV Unplugged No. 2.0,2002.0,734.48444,0.697206464376,0.580125198887,r&b/soul,ms hill; the realness; The Truth; true; rnb,1903.0,409.0,215.044182,0.0,2374.0,TRQXTQT128E0781DA7,,,
TRINMBD128F92F6211,,,,,,,,,,,,,,,,,TRQXTQT128E0781DA7,2.5717656250000003,,
TRLJPRR128F1466819,,,,,,,,,,,,,,,,,TRQXTQT128E0781DA7,,0.5457789755293416,0.5641824284529502
TRUEGMJ128F148D40C,,,,,,,,,,,,,,,,,TRQXTQT128E0781DA7,,0.5751465587010628,0.5869260451657785
TRWSYHO128F4282346,SOKHOQG12A8C13EBF2,ARSE5NP1187B9B98AB,Twista,I'm A Winner (Amended Album Version),The Day After,2005.0,260.23138,0.889613554744,0.593808365175,hip hop,rap; Hip-Hop; winner in bed twista,1253.0,166.0,218.622963,0.0,2633.0,TRQXTQT128E0781DA7,3.005656250000001,,
TRAVRZW128F932016E,,,,,,,,,,,,,,,,,TRQXYGU128E079236A,,0.7644836441216573,0.7724608046830249
TREBGAA128E078FC52,SOVYGAV12A58A7C3A9,AR24DZB1187FB3C869,Erykah Badu,I Want You,Worldwide Underground,2003.0,653.13914,0.855731901717,0.584841725537,r&b/soul,soul; Neo-Soul; female vocalists; rnb; Erykah Badu,617.0,98.0,153.163312,0.0,11110.0,TRQXYGU128E079236A,13.392992187499999,,
TRFUJVJ128F426F2A2,SOONCPO12AF72A1986,AR8W8P31187B9A4063,Lauryn Hill,Interlude 5,MTV Unplugged No. 2.0,2002.0,734.48444,0.697206464376,0.580125198887,r&b/soul,ms hill; the realness; The Truth; true; rnb,1903.0,409.0,215.044182,0.0,16403.0,TRQXYGU128E079236A,19.158249999999995,,
TRHMLCK128F93085F2,,,,,,,,,,,,,,,,,TRQXYGU128E079236A,,0.7695401493939126,0.775640173200905
TRRBFPC12903CDF853,,,,,,,,,,,,,,,,,TRQXYGU128E079236A,,0.7629142957633493,0.77028834503191
TRWSYHO128F4282346,SOKHOQG12A8C13EBF2,ARSE5NP1187B9B98AB,Twista,I'm A Winner (Amended Album Version),The Day After,2005.0,260.23138,0.889613554744,0.593808365175,hip hop,rap; Hip-Hop; winner in bed twista,1253.0,166.0,218.622963,0.0,13125.0,TRQXYGU128E079236A,15.526921874999998,,
TRCFORL128F427670A,,,,,,,,,,,,,,,,,TRQYFLB128E078941E,,,0.6498491137650593
TREBGAA128E078FC52,SOVYGAV12A58A7C3A9,AR24DZB1187FB3C869,Erykah Badu,I Want You,Worldwide Underground,2003.0,653.13914,0.855731901717,0.584841725537,r&b/soul,soul; Neo-Soul; female vocalists; rnb; Erykah Badu,617.0,98.0,153.163312,0.0,2643.0,TRQYFLB128E078941E,3.143140625000001,,
TRFUJUF128E078895E,,,,,,,,,,,,,,,,,TRQYFLB128E078941E,,0.6441043207316779,0.6572720253602651
TRFUJVJ128F426F2A2,SOONCPO12AF72A1986,AR8W8P31187B9A4063,Lauryn Hill,Interlude 5,MTV Unplugged No. 2.0,2002.0,734.48444,0.697206464376,0.580125198887,r&b/soul,ms hill; the realness; The Truth; true; rnb,1903.0,409.0,215.044182,0.0,3347.0,TRQYFLB128E078941E,3.7467499999999996,,
TRHMLCK128F93085F2,,,,,,,,,,,,,,,,,TRQYFLB128E078941E,,0.6358794944887636,
TRUUGTX128F4285B90,,,,,,,,,,,,,,,,,TRQYFLB128E078941E,,0.6376504192751742,0.6544057887647112
TRWSYHO128F4282346,SOKHOQG12A8C13EBF2,ARSE5NP1187B9B98AB,Twista,I'm A Winner (Amended Album Version),The Day After,2005.0,260.23138,0.889613554744,0.593808365175,hip hop,rap; Hip-Hop; winner in bed twista,1253.0,166.0,218.622963,0.0,3295.0,TRQYFLB128E078941E,3.83315625,,
TRFUJVJ128F426F2A2,SOONCPO12AF72A1986,AR8W8P31187B9A4063,Lauryn Hill,Interlude 5,MTV Unplugged No. 2.0,2002.0,734.48444,0.697206464376,0.580125198887,r&b/soul,ms hill; the realness; The Truth; true; rnb,1903.0,409.0,215.044182,0.0,5963.0,TRQYGUV128F1462E01,6.9293499999999995,,
TROMMRU128F4250C74,,,,,,,,,,,,,,,,,TRQYGUV128F1462E01,,0.7930815008868377,0.802501845009226
TRQYUKJ12903C9A1CE,,,,,,,,,,,,,,,,,TRQYGUV128F1462E01,,0.7555546316559791,0.7643475916700233
TRTNLQZ128F425C3D2,,,,,,,,,,,,,,,,,TRQYGUV128F1462E01,,0.7525587827266579,0.7622586802967409
TRUGLTC128F4227B93,SOUSFNM12A6D4FCDAD,AR4503S1187FB43199,Danity Kane,Hold Me Down (Album Version),Danity Kane,2006.0,237.60934,0.854297752323,0.531302988552,r&b/soul,dance; Hold Me Down; Danity Kane; rnb; party,766.0,149.0,159.499216,0.0,3760.0,TRQYGUV128F1462E01,4.457037499999999,,
TRWSYHO128F4282346,SOKHOQG12A8C13EBF2,ARSE5NP1187B9B98AB,Twista,I'm A Winner (Amended Album Version),The Day After,2005.0,260.23138,0.889613554744,0.593808365175,hip hop,rap; Hip-Hop; winner in bed twista,1253.0,166.0,218.622963,0.0,4647.0,TRQYGUV128F1462E01,5.4660375,,
TRDOJIR128F42840C0,SODNFOU12A8C138A6E,AR3PN3R1187FB4CEBD,Horace Andy,Horse With No Name,Mek It Bun,2002.0,236.01587,0.626436381752,0.374271173856,reggae,roots reggae; great songs; animals; lala; OC,444.0,106.0,147.702404,0.0,2336.0,TRRATGY12903D138DB,2.817075000000003,,
TRLCMGN128F92FFA2E,,,,,,,,,,,,,,,,,TRRATGY12903D138DB,,0.635181569343204,0.6418097705432854
TRNIELN128F4275E78,,,,,,,,,,,,,,,,,TRRATGY12903D138DB,,0.6668025105626936,0.6730167366088002
TRTHNFG12903D0CE54,SONCVPT12AC468B123,AR1ZHZ51187FB37FEC,Violadores del Verso,Dale tiempo al rumor,Vivir Para Contarlo,2006.0,370.02404,0.658189532108,0.524275367928,hip hop,spanish; Hip-Hop; subelamusica; spanish rap; Doble V,749.0,199.0,99.95499,0.0,2324.0,TRRATGY12903D138DB,2.763198437500002,,
TRTSIYO128F9339267,,,,,,,,,,,,,,,,,TRRATGY12903D138DB,,0.6558810060201986,0.6647227490770447
TRZZQIP128F92EFEAD,SOUGPPL12AB018555B,ART50HO1187FB4D0ED,Abba,Move On,The Albums,1977.0,282.72281,0.74865929586,0.575691128555,pop,pop; 70s; abba; Disco; swedish,526.0,107.0,161.959872,0.0,2498.0,TRRATGY12903D138DB,3.0081078125000023,,
TRDPGXU128F9339C2A,SOELYON12AB01876A3,ARLHO5Z1187FB4C861,Beastie Boys,B-Boy Bouillabaisse: A.W.O.L. (2009 Digital Remaster),Paul's Boutique (20th Anniversary Remastered Edition),0.0,105.56036,0.853124523276,0.591628024008,hip hop,hip hop; leapsandbounds CDCollection,1746.0,505.0,153.652205,0.0,5283.0,TRRBLPE128F9311B20,6.0382593750000035,,
TRFOGZN128F42882B5,,,,,,,,,,,,,,,,,TRRBLPE128F9311B20,,0.7861324977280734,0.7984691070649035
TRFUJVJ128F426F2A2,SOONCPO12AF72A1986,AR8W8P31187B9A4063,Lauryn Hill,Interlude 5,MTV Unplugged No. 2.0,2002.0,734.48444,0.697206464376,0.580125198887,r&b/soul,ms hill; the realness; The Truth; true; rnb,1903.0,409.0,215.044182,0.0,5836.0,TRRBLPE128F9311B20,6.6188,,
TRSLSWO128E0786285,,,,,,,,,,,,,,,,,TRRBLPE128F9311B20,,0.7719323700847764,0.7856642453075681
TRWFXWM128F148D2D1,,,,,,,,,,,,,,,,,TRRBLPE128F9311B20,,0.7713215963318147,0.7856556202122472
TRWSYHO128F4282346,SOKHOQG12A8C13EBF2,ARSE5NP1187B9B98AB,Twista,I'm A Winner (Amended Album Version),The Day After,2005.0,260.23138,0.889613554744,0.593808365175,hip hop,rap; Hip-Hop; winner in bed twista,1253.0,166.0,218.622963,0.0,4858.0,TRRBLPE128F9311B20,5.630581249999999,,
TRCHZXW128E079288A,SOMEJDK12D0219BB71,ARTH9041187FB43E1F,Eminem,8 Mile,8 Mile,2002.0,359.3922,0.886183647684,0.852677055416,hip hop,rap; Hip-Hop; Eminem; Soundtrack; hip hop,1141.0,328.0,132.992481,0.0,2187.0,TRRBWRX128F423C535,2.5377890625000017,,
TRDPGXU128F9339C2A,SOELYON12AB01876A3,ARLHO5Z1187FB4C861,Beastie Boys,B-Boy Bouillabaisse: A.W.O.L. (2009 Digital Remaster),Paul's Boutique (20th Anniversary Remastered Edition),0.0,105.56036,0.853124523276,0.591628024008,hip hop,hip hop; leapsandbounds CDCollection,1746.0,505.0,153.652205,0.0,2172.0,TRRBWRX128F423C535,2.455335937500001,,
TREWIVO128E0782339,,,,,,,,,,,,,,,,,TRRBWRX128F423C535,,0.6458772537454074,0.6575239358312595
TRFLMEK128F428D4D2,,,,,,,,,,,,,,,,,TRRBWRX128F423C535,,0.639552711298055,0.6524274900988363
TRFUJVJ128F426F2A2,SOONCPO12AF72A1986,AR8W8P31187B9A4063,Lauryn Hill,Interlude 5,MTV Unplugged No. 2.0,2002.0,734.48444,0.697206464376,0.580125198887,r&b/soul,ms hill; the realness; The Truth; true; rnb,1903.0,409.0,215.044182,0.0,2200.0,TRRBWRX128F423C535,,,
TRKLJAG128F42B31CF,,,,,,,,,,,,,,,,,TRRBWRX128F423C535,2.5300781250000037,,
TRMHLKD12903C98020,,,,,,,,,,,,,,,,,TRRBWRX128F423C535,,0.6617910751137919,0.6734951718494046
TRBVPVV128F425F14F,,,,,,,,,,,,,,,,,TRREMAP128F42983BD,2.022578125000001,,
TRDPGXU128F9339C2A,SOELYON12AB01876A3,ARLHO5Z1187FB4C861,Beastie Boys,B-Boy Bouillabaisse: A.W.O.L. (2009 Digital Remaster),Paul's Boutique (20th Anniversary Remastered Edition),0.0,105.56036,0.853124523276,0.591628024008,hip hop,hip hop; leapsandbounds CDCollection,1746.0,505.0,153.652205,0.0,1811.0,TRREMAP128F42983BD,,,
TRETXJR128F422B4E0,,,,,,,,,,,,,,,,,TRREMAP128F42983BD,,0.5551331100515831,0.5733116454565457
TRFUJVJ128F426F2A2,SOONCPO12AF72A1986,AR8W8P31187B9A4063,Lauryn Hill,Interlude 5,MTV Unplugged No. 2.0,2002.0,734.48444,0.697206464376,0.580125198887,r&b/soul,ms hill; the realness; The Truth; true; rnb,1903.0,409.0,215.044182,0.0,2505.0,TRREMAP128F42983BD,2.78625,,
TRGUCIR128F933D817,SORMTGC12A6D4F6C8B,ARQUN9K1187B9B5BD7,Vanilla Ice,Ice Is Workin' It,To The Extreme,1990.0,275.43465,0.722075127339,0.463037021551,hip hop,rap; hiphop; 90s; cool as ice; leapsandbounds CDCollection,898.0,242.0,166.246804,0.0,1834.0,TRREMAP128F42983BD,2.1293750000000022,,
TROMMRU128F4250C74,,,,,,,,,,,,,,,,,TRREMAP128F42983BD,,0.5403661666619659,0.56094269289156
TRUQTEZ128F9314E5D,,,,,,,,,,,,,,,,,TRREMAP128F42983BD,,0.5440784501995997,0.5607269076324319
TRAQOSN12903CEFA18,,,,,,,,,,,,,,,,,TRRERUT128F1477144,,0.6565024415424627,0.6728451985810541
TRCHZXW128E079288A,SOMEJDK12D0219BB71,ARTH9041187FB43E1F,Eminem,8 Mile,8 Mile,2002.0,359.3922,0.886183647684,0.852677055416,hip hop,rap; Hip-Hop; Eminem; Soundtrack; hip hop,1141.0,328.0,132.992481,0.0,1875.0,TRRERUT128F1477144,2.1289187500000004,,
TRDPGXU128F9339C2A,SOELYON12AB01876A3,ARLHO5Z1187FB4C861,Beastie Boys,B-Boy Bouillabaisse: A.W.O.L. (2009 Digital Remaster),Paul's Boutique (20th Anniversary Remastered Edition),0.0,105.56036,0.853124523276,0.591628024008,hip hop,hip hop; leapsandbounds CDCollection,1746.0,505.0,153.652205,0.0,2230.0,TRRERUT128F1477144,2.5028312499999994,,
TRFUJVJ128F426F2A2,SOONCPO12AF72A1986,AR8W8P31187B9A4063,Lauryn Hill,Interlude 5,MTV Unplugged No. 2.0,2002.0,734.48444,0.697206464376,0.580125198887,r&b/soul,ms hill; the realness; The Truth; true; rnb,1903.0,409.0,215.044182,0.0,2326.0,TRRERUT128F1477144,2.5671,,
TRMGSLI128F93276B8,,,,,,,,,,,,,,,,,TRRERUT128F1477144,,0.6699581034755735,0.6850096942744679
TRZPHVT128F4298109,,,,,,,,,,,,,,,,,TRRERUT128F1477144,,0.6568762642321867,0.6729162091835548
TRDOJIR128F42840C0,SODNFOU12A8C138A6E,AR3PN3R1187FB4CEBD,Horace Andy,Horse With No Name,Mek It Bun,2002.0,236.01587,0.626436381752,0.374271173856,reggae,roots reggae; great songs; animals; lala; OC,444.0,106.0,147.702404,0.0,2053.0,TRRHCOS128F4248193,2.4938,,
TRMFTFY128F1496B64,,,,,,,,,,,,,,,,,TRRHCOS128F4248193,,0.8007069914688691,0.8038636516652001
TRNIELN128F4275E78,,,,,,,,,,,,,,,,,TRRHCOS128F4248193,,0.8081005909476516,0.8110985297468967
TRRQFHI128F42AC06B,,,,,,,,,,,,,,,,,TRRHCOS128F4248193,,0.8407372078535292,0.8433432581377369
TRTHNFG12903D0CE54,SONCVPT12AC468B123,AR1ZHZ51187FB37FEC,Violadores del Verso,Dale tiempo al rumor,Vivir Para Contarlo,2006.0,370.02404,0.658189532108,0.524275367928,hip hop,spanish; Hip-Hop; subelamusica; spanish rap; Doble V,749.0,199.0,99.95499,0.0,2235.0,TRRHCOS128F4248193,2.6939343749999995,,
TRZZQIP128F92EFEAD,SOUGPPL12AB018555B,ART50HO1187FB4D0ED,Abba,Move On,The Albums,1977.0,282.72281,0.74865929586,0.575691128555,pop,pop; 70s; abba; Disco; swedish,526.0,107.0,161.959872,0.0,2188.0,TRRHCOS128F4248193,2.6544781249999985,,
TRFUJVJ128F426F2A2,SOONCPO12AF72A1986,AR8W8P31187B9A4063,Lauryn Hill,Interlude 5,MTV Unplugged No. 2.0,2002.0,734.48444,0.697206464376,0.580125198887,r&b/soul,ms hill; the realness; The Truth; true; rnb,1903.0,409.0,215.044182,0.0,8798.0,TRRIRCF128F426A606,10.220100000000002,,
TRGLNKG128F9307689,SOFVLYU12AB017F502,ARTH9041187FB43E1F,Eminem,My Darling,Relapse [Deluxe],2009.0,320.49587,0.871010615313,0.879236744738,hip hop,rap; detroit; Hip-Hop; Horrorcore; MOONH8SUN,1055.0,293.0,140.089257,0.0,7036.0,TRRIRCF128F426A606,8.319159375,,
TRJMIIA128F42A34AE,,,,,,,,,,,,,,,,,TRRIRCF128F426A606,,0.7668680646454273,0.7746958016316867
TRPDVBK128F92FFEA1,,,,,,,,,,,,,,,,,TRRIRCF128F426A606,,0.7752268528358749,0.7824166637149198
TRWSYHO128F4282346,SOKHOQG12A8C13EBF2,ARSE5NP1187B9B98AB,Twista,I'm A Winner (Amended Album Version),The Day After,2005.0,260.23138,0.889613554744,0.593808365175,hip hop,rap; Hip-Hop; winner in bed twista,1253.0,166.0,218.622963,0.0,7672.0,TRRIRCF128F426A606,9.081943749999999,,
TRYLMXY128C71967B6,,,,,,,,,,,,,,,,,TRRIRCF128F426A606,,0.7811525199246083,0.7874136640838154
TRCJADX128F428D3E0,,,,,,,,,,,,,,,,,TRRIRMX128F92E6272,7.391053125000001,,
TRDPGXU128F9339C2A,SOELYON12AB01876A3,ARLHO5Z1187FB4C861,Beastie Boys,B-Boy Bouillabaisse: A.W.O.L. (2009 Digital Remaster),Paul's Boutique (20th Anniversary Remastered Edition),0.0,105.56036,0.853124523276,0.591628024008,hip hop,hip hop; leapsandbounds CDCollection,1746.0,505.0,153.652205,0.0,6231.0,TRRIRMX128F92E6272,,,
TRHJDKU128F1456E10,SORFJIO12A6D4F7D2F,AROSI8L1187B9ACD43,Ice Cube,When I Get To Heaven (Remix) (Explicit),Bootlegs And B-Sides (Explicit),0.0,279.87546,0.838816273605,0.557755674779,hip hop,rap; Hip-Hop; political; USA; padalipo,660.0,178.0,110.720368,0.0,8786.0,TRRIRMX128F92E6272,10.589720312499999,0.6788456750240714,0.6865571612397183
TRJEZJN128F421AD62,,,,,,,,,,,,,,,,,TRRIRMX128F92E6272,,0.6321070553838379,0.641198889310491
TRMHLKD12903C98020,,,,,,,,,,,,,,,,,TRRIRMX128F92E6272,,0.6362666877782925,0.6459752707942557
TRUGLTC128F4227B93,SOUSFNM12A6D4FCDAD,AR4503S1187FB43199,Danity Kane,Hold Me Down (Album Version),Danity Kane,2006.0,237.60934,0.854297752323,0.531302988552,r&b/soul,dance; Hold Me Down; Danity Kane; rnb; party,766.0,149.0,159.499216,0.0,6272.0,TRRIRMX128F92E6272,7.331696874999999,,
TRBEBJO128C719646B,SORXHBR12AF72A5DA5,ARCBD0U1187FB466EF,Nelly,Splurge,Nellyville,2002.0,309.49832,0.912368981478,0.787994622198,hip hop,Hip-Hop; rap; hip hop; rnb; 00s,911.0,225.0,131.289756,0.0,989.0,TRRIZDV128F92C1F17,1.1618046875000005,,
TRDPGXU128F9339C2A,SOELYON12AB01876A3,ARLHO5Z1187FB4C861,Beastie Boys,B-Boy Bouillabaisse: A.W.O.L. (2009 Digital Remaster),Paul's Boutique (20th Anniversary Remastered Edition),0.0,105.56036,0.853124523276,0.591628024008,hip hop,hip hop; leapsandbounds CDCollection,1746.0,505.0,153.652205,0.0,1039.0,TRRIZDV128F92C1F17,1.1737265624999997,,
TRFUJVJ128F426F2A2,SOONCPO12AF72A1986,AR8W8P31187B9A4063,Lauryn Hill,Interlude 5,MTV Unplugged No. 2.0,2002.0,734.48444,0.697206464376,0.580125198887,r&b/soul,ms hill; the realness; The Truth; true; rnb,1903.0,409.0,215.044182,0.0,1025.0,TRRIZDV128F92C1F17,,,
TRHEDYV128F14856FC,,,,,,,,,,,,,,,,,TRRIZDV128F92C1F17,,0.5641155363161796,0.575380998347272
TRKLJAG128F42B31CF,,,,,,,,,,,,,,,,,TRRIZDV128F92C1F17,1.1342968750000002,,
TRQGVKY12903CDE8FD,,,,,,,,,,,,,,,,,TRRIZDV128F92C1F17,,0.5694845570718624,0.5804846047689669
TRXMQNH128F4287D61,,,,,,,,,,,,,,,,,TRRIZDV128F92C1F17,,0.5649859531015323,0.5771466951321084
TRCHZXW128E079288A,SOMEJDK12D0219BB71,ARTH9041187FB43E1F,Eminem,8 Mile,8 Mile,2002.0,359.3922,0.886183647684,0.852677055416,hip hop,rap; Hip-Hop; Eminem; Soundtrack; hip hop,1141.0,328.0,132.992481,0.0,6239.0,TRRKBRB128EF35E2DA,6.997487499999997,,
TRDPGXU128F9339C2A,SOELYON12AB01876A3,ARLHO5Z1187FB4C861,Beastie Boys,B-Boy Bouillabaisse: A.W.O.L. (2009 Digital Remaster),Paul's Boutique (20th Anniversary Remastered Edition),0.0,105.56036,0.853124523276,0.591628024008,hip hop,hip hop; leapsandbounds CDCollection,1746.0,505.0,153.652205,0.0,6842.0,TRRKBRB128EF35E2DA,7.490762499999999,,
TREYKNZ128F92F41C1,,,,,,,,,,,,,,,,,TRRKBRB128EF35E2DA,,0.6261593382475511,0.6515055361527528
TRFOGZN128F42882B5,,,,,,,,,,,,,,,,,TRRKBRB128EF35E2DA,,0.6157933721988803,0.6397067808543373
TRFUJVJ128F426F2A2,SOONCPO12AF72A1986,AR8W8P31187B9A4063,Lauryn Hill,Interlude 5,MTV Unplugged No. 2.0,2002.0,734.48444,0.697206464376,0.580125198887,r&b/soul,ms hill; the realness; The Truth; true; rnb,1903.0,409.0,215.044182,0.0,7573.0,TRRKBRB128EF35E2DA,8.19665,,
TRSLSWO128E0786285,,,,,,,,,,,,,,,,,TRRKBRB128EF35E2DA,,0.6206495616082975,0.6456009807566715
TRBCRNY128F931D755,,,,,,,,,,,,,,,,,TRRKJGZ128F148128F,,0.6825666352358448,
TRCHZXW128E079288A,SOMEJDK12D0219BB71,ARTH9041187FB43E1F,Eminem,8 Mile,8 Mile,2002.0,359.3922,0.886183647684,0.852677055416,hip hop,rap; Hip-Hop; Eminem; Soundtrack; hip hop,1141.0,328.0,132.992481,0.0,4451.0,TRRKJGZ128F148128F,5.118120312500002,,
TRDPGXU128F9339C2A,SOELYON12AB01876A3,ARLHO5Z1187FB4C861,Beastie Boys,B-Boy Bouillabaisse: A.W.O.L. (2009 Digital Remaster),Paul's Boutique (20th Anniversary Remastered Edition),0.0,105.56036,0.853124523276,0.591628024008,hip hop,hip hop; leapsandbounds CDCollection,1746.0,505.0,153.652205,0.0,5240.0,TRRKJGZ128F148128F,5.959504687500003,,
TRFUJVJ128F426F2A2,SOONCPO12AF72A1986,AR8W8P31187B9A4063,Lauryn Hill,Interlude 5,MTV Unplugged No. 2.0,2002.0,734.48444,0.697206464376,0.580125198887,r&b/soul,ms hill; the realness; The Truth; true; rnb,1903.0,409.0,215.044182,0.0,5348.0,TRRKJGZ128F148128F,5.978900000000001,,
TRILLIR128F429E5D7,,,,,,,,,,,,,,,,,TRRKJGZ128F148128F,,,0.6977719503390314
TRISBQQ128F93217A2,,,,,,,,,,,,,,,,,TRRKJGZ128F148128F,,0.6924215499834946,0.7072370898212105
TRQXNHC12903CD80BA,,,,,,,,,,,,,,,,,TRRKJGZ128F148128F,,0.6941411320429052,0.7084196530693658
TRIJHLY12903D0CE4D,SOAEBYL12AC468B119,AR1ZHZ51187FB37FEC,Violadores del Verso,Cantando,Vivir Para Contarlo,2006.0,312.92036,0.658189532108,0.503436953654,hip hop,Hip-Hop; spanish hip-hop; rap; spanish; hip hop,671.0,209.0,83.660026,0.0,1195.0,TRRLVOI128F92EB38D,1.4434624999999994,0.7839062020684392,0.7887020809143154
TRLLFVB128F92C3138,,,,,,,,,,,,,,,,,TRRLVOI128F92EB38D,,0.8027166334162235,0.8069257041942584
TRMAYJY128F4281A3C,,,,,,,,,,,,,,,,,TRRLVOI128F92EB38D,,0.7878915708190377,0.7925756164222795
TRTHNFG12903D0CE54,SONCVPT12AC468B123,AR1ZHZ51187FB37FEC,Violadores del Verso,Dale tiempo al rumor,Vivir Para Contarlo,2006.0,370.02404,0.658189532108,0.524275367928,hip hop,spanish; Hip-Hop; subelamusica; spanish rap; Doble V,749.0,199.0,99.95499,0.0,1339.0,TRRLVOI128F92EB38D,1.616712500000001,,
TRWQZXS128F92DB731,SOLJOIC12A8C145316,ARVH6PU1187FB46B3F,Victor Manuelle,Lloré Lloré,Historia De Un Sonero,0.0,308.50567,0.668543746567,0.490615493311,latin,salsa; great to dance,365.0,79.0,77.369245,0.0,1005.0,TRRLVOI128F92EB38D,1.226325000000001,,
TRAILGJ128F1485985,,,,,,,,,,,,,,,,,TRRSRXG128E07888AF,,0.5645432967544307,0.5866690473739425
TRDPGXU128F9339C2A,SOELYON12AB01876A3,ARLHO5Z1187FB4C861,Beastie Boys,B-Boy Bouillabaisse: A.W.O.L. (2009 Digital Remaster),Paul's Boutique (20th Anniversary Remastered Edition),0.0,105.56036,0.853124523276,0.591628024008,hip hop,hip hop; leapsandbounds CDCollection,1746.0,505.0,153.652205,0.0,3913.0,TRRSRXG128E07888AF,4.179578125000002,,
TREBGAA128E078FC52,SOVYGAV12A58A7C3A9,AR24DZB1187FB3C869,Erykah Badu,I Want You,Worldwide Underground,2003.0,653.13914,0.855731901717,0.584841725537,r&b/soul,soul; Neo-Soul; female vocalists; rnb; Erykah Badu,617.0,98.0,153.163312,0.0,3615.0,TRRSRXG128E07888AF,4.205984375,,
TRFUJVJ128F426F2A2,SOONCPO12AF72A1986,AR8W8P31187B9A4063,Lauryn Hill,Interlude 5,MTV Unplugged No. 2.0,2002.0,734.48444,0.697206464376,0.580125198887,r&b/soul,ms hill; the realness; The Truth; true; rnb,1903.0,409.0,215.044182,0.0,5978.0,TRRSRXG128E07888AF,6.621500000000001,,
TROKOBJ12903CAF917,,,,,,,,,,,,,,,,,TRRSRXG128E07888AF,,0.572064175402678,0.5877012958842254
TRWZWOX128F935A084,,,,,,,,,,,,,,,,,TRRSRXG128E07888AF,,0.6240508179681302,0.6387220652219261
TRCHZXW128E079288A,,,,,,,,,,,,,,,,,TRRSVGD128F4242DDC,1.3634359374999994,,
TRDPGXU128F9339C2A,SOELYON12AB01876A3,ARLHO5Z1187FB4C861,Beastie Boys,B-Boy Bouillabaisse: A.W.O.L. (2009 Digital Remaster),Paul's Boutique (20th Anniversary Remastered Edition),0.0,105.56036,0.853124523276,0.591628024008,hip hop,hip hop; leapsandbounds CDCollection,1746.0,505.0,153.652205,0.0,1706.0,TRRSVGD128F4242DDC,1.8074390624999992,,
TRFUJVJ128F426F2A2,SOONCPO12AF72A1986,AR8W8P31187B9A4063,Lauryn Hill,Interlude 5,MTV Unplugged No. 2.0,2002.0,734.48444,0.697206464376,0.580125198887,r&b/soul,ms hill; the realness; The Truth; true; rnb,1903.0,409.0,215.044182,0.0,1783.0,TRRSVGD128F4242DDC,1.840049999999999,,
TRMQVEX128F92F29D1,,,,,,,,,,,,,,,,,TRRSVGD128F4242DDC,,0.4938226425855949,0.5290166856468272
TRQAWKR128F425EEC3,SOFHEBR12CF5F892C7,ARXPPEY1187FB51DF4,Michael Jackson,Man In The Mirror,HIStory - PAST_ PRESENT AND FUTURE - Book I,1987.0,319.29424,0.855245195586,0.899991594263,pop,pop; michael jackson; 80s; soul; king of pop,1543.0,135.0,200.024998,0.0,1346.0,TRRSVGD128F4242DDC,,,
TRQPUTX128F4262438,,,,,,,,,,,,,,,,,TRRSVGD128F4242DDC,,0.4932612986174944,0.5256962327859174
TRRKYWZ128E078B55B,,,,,,,,,,,,,,,,,TRRSVGD128F4242DDC,,0.5065414082447308,0.5358087570140317
TRALDGD128F932DC4B,,,,,,,,,,,,,,,,,TRRVJJF128F9309F02,,0.6418841917752078,0.6519932272217385
TRDPGXU128F9339C2A,SOELYON12AB01876A3,ARLHO5Z1187FB4C861,Beastie Boys,B-Boy Bouillabaisse: A.W.O.L. (2009 Digital Remaster),Paul's Boutique (20th Anniversary Remastered Edition),0.0,105.56036,0.853124523276,0.591628024008,hip hop,hip hop; leapsandbounds CDCollection,1746.0,505.0,153.652205,0.0,3630.0,TRRVJJF128F9309F02,,,
TRFUJVJ128F426F2A2,SOONCPO12AF72A1986,AR8W8P31187B9A4063,Lauryn Hill,Interlude 5,MTV Unplugged No. 2.0,2002.0,734.48444,0.697206464376,0.580125198887,r&b/soul,ms hill; the realness; The Truth; true; rnb,1903.0,409.0,215.044182,0.0,4582.0,TRRVJJF128F9309F02,5.191599999999998,,
TRLTYLK128F92FE6FF,,,,,,,,,,,,,,,,,TRRVJJF128F9309F02,4.2189390625,,
TRNPSMI128F14A8E06,,,,,,,,,,,,,,,,,TRRVJJF128F9309F02,,0.6359842377758668,0.6454026287529029
TRRYBBN128F42B15B8,,,,,,,,,,,,,,,,,TRRVJJF128F9309F02,,0.6352888378914158,0.6470601251896345
TRWSYHO128F4282346,SOKHOQG12A8C13EBF2,ARSE5NP1187B9B98AB,Twista,I'm A Winner (Amended Album Version),The Day After,2005.0,260.23138,0.889613554744,0.593808365175,hip hop,rap; Hip-Hop; winner in bed twista,1253.0,166.0,218.622963,0.0,4519.0,TRRVJJF128F9309F02,5.298521874999999,,
TRFFSMS128F428BC88,SOEMVNF12A8C13C53A,ARDCFNZ1187FB3DDB0,Enrique Iglesias,Miss You,Insomniac,2007.0,201.24689,0.827357260054,0.752927890401,latin,latin; Love; dance; Enrique Iglesias; favourite,488.0,58.0,131.419177,0.0,1584.0,TRRVSIN128F9338FD5,1.9072656250000029,,
TRLUGVB128F428E704,SOWLYQH12A58A7A5F8,ARJWOHS1187FB4361D,Tracey Ullman,Breakaway,You Broke My Heart In Seventeen Places,1983.0,296.88118,0.561726465212,0.390790186576,pop,80s; pop; rock; female vocalists; performed on top of the pops,298.0,73.0,90.338253,0.0,1418.0,TRRVSIN128F9338FD5,1.7282468750000008,,
TROPHLE128F14546AE,,,,,,,,,,,,,,,,,TRRVSIN128F9338FD5,,0.8684616207768348,0.8699962032182403
TRQPNOU128F429488E,,,,,,,,,,,,,,,,,TRRVSIN128F9338FD5,,0.5337115544310271,0.5381112296108773
TRVPQXR128F9333711,,,,,,,,,,,,,,,,,TRRVSIN128F9338FD5,,0.5649271907256445,0.5712988047253571
TRYAWRN128F42792CB,SOURJAD12A8C1364FC,ARS86AJ1187B9B4225,Janis Joplin,Kozmic Blues,The Essential Janis Joplin,1969.0,305.47546,0.829603740082,0.559925868569,blues,blues; classic rock; female vocalists; 60s; blues rock,512.0,137.0,90.509668,0.0,1222.0,TRRVSIN128F9338FD5,1.4527750000000008,,
TRIJHLY12903D0CE4D,SOAEBYL12AC468B119,AR1ZHZ51187FB37FEC,Violadores del Verso,Cantando,Vivir Para Contarlo,2006.0,312.92036,0.658189532108,0.503436953654,hip hop,Hip-Hop; spanish hip-hop; rap; spanish; hip hop,671.0,209.0,83.660026,0.0,1408.0,TRRWCOL128F42AD05D,1.6824734374999992,,
TRNTYGF128F9302BD8,,,,,,,,,,,,,,,,,TRRWCOL128F42AD05D,,0.7269128451580079,0.7335263532500625
TRTHNFG12903D0CE54,SONCVPT12AC468B123,AR1ZHZ51187FB37FEC,Violadores del Verso,Dale tiempo al rumor,Vivir Para Contarlo,2006.0,370.02404,0.658189532108,0.524275367928,hip hop,spanish; Hip-Hop; subelamusica; spanish rap; Doble V,749.0,199.0,99.95499,0.0,1672.0,TRRWCOL128F42AD05D,2.002067187499998,,
TRWQZXS128F92DB731,SOLJOIC12A8C145316,ARVH6PU1187FB46B3F,Victor Manuelle,Lloré Lloré,Historia De Un Sonero,0.0,308.50567,0.668543746567,0.490615493311,latin,salsa; great to dance,365.0,79.0,77.369245,0.0,1254.0,TRRWCOL128F42AD05D,1.521365625,,
TRYFBLW128F428A81A,,,,,,,,,,,,,,,,,TRRWCOL128F42AD05D,,0.7437784077572426,0.750269999800567
TRZYVQE128F42660F7,,,,,,,,,,,,,,,,,TRRWCOL128F42AD05D,,0.9321148223529364,0.9335646034372748
TRDPGXU128F9339C2A,SOELYON12AB01876A3,ARLHO5Z1187FB4C861,Beastie Boys,B-Boy Bouillabaisse: A.W.O.L. (2009 Digital Remaster),Paul's Boutique (20th Anniversary Remastered Edition),0.0,105.56036,0.853124523276,0.591628024008,hip hop,hip hop; leapsandbounds CDCollection,1746.0,505.0,153.652205,0.0,3551.0,TRRXQJA128F1472A56,4.030981250000001,,
TRFUJVJ128F426F2A2,SOONCPO12AF72A1986,AR8W8P31187B9A4063,Lauryn Hill,Interlude 5,MTV Unplugged No. 2.0,2002.0,734.48444,0.697206464376,0.580125198887,r&b/soul,ms hill; the realness; The Truth; true; rnb,1903.0,409.0,215.044182,0.0,3739.0,TRRXQJA128F1472A56,4.18615,,
TRUYHIL128F92E4B2C,,,,,,,,,,,,,,,,,TRRXQJA128F1472A56,,0.6989437317707924,0.7060697363811239
TRWKDZE128F1451EAC,,,,,,,,,,,,,,,,,TRRXQJA128F1472A56,,0.6843409112271097,0.6936925649838742
TRWSYHO128F4282346,SOKHOQG12A8C13EBF2,ARSE5NP1187B9B98AB,Twista,I'm A Winner (Amended Album Version),The Day After,2005.0,260.23138,0.889613554744,0.593808365175,hip hop,rap; Hip-Hop; winner in bed twista,1253.0,166.0,218.622963,0.0,3859.0,TRRXQJA128F1472A56,4.505087499999999,,
TRWXSWA128F1456793,,,,,,,,,,,,,,,,,TRRXQJA128F1472A56,,0.6974372227790105,0.7080898506941884
TRCVHTU128F92F6FF7,,,,,,,,,,,,,,,,,TRRZSBO128F428BE44,,0.7956996874142283,0.8016240024738276
TREBGAA128E078FC52,SOVYGAV12A58A7C3A9,AR24DZB1187FB3C869,Erykah Badu,I Want You,Worldwide Underground,2003.0,653.13914,0.855731901717,0.584841725537,r&b/soul,soul; Neo-Soul; female vocalists; rnb; Erykah Badu,617.0,98.0,153.163312,0.0,7691.0,TRRZSBO128F428BE44,9.25702812499999,,
TRFRZZC128F935F71A,,,,,,,,,,,,,,,,,TRRZSBO128F428BE44,,0.7849504603391759,0.7946939530907705
TRFUJVJ128F426F2A2,SOONCPO12AF72A1986,AR8W8P31187B9A4063,Lauryn Hill,Interlude 5,MTV Unplugged No. 2.0,2002.0,734.48444,0.697206464376,0.580125198887,r&b/soul,ms hill; the realness; The Truth; true; rnb,1903.0,409.0,215.044182,0.0,9962.0,TRRZSBO128F428BE44,11.481899999999998,,
TRJJTPI128F4276759,,,,,,,,,,,,,,,,,TRRZSBO128F428BE44,,0.7832275278517455,
TRWSYHO128F4282346,SOKHOQG12A8C13EBF2,ARSE5NP1187B9B98AB,Twista,I'm A Winner (Amended Album Version),The Day After,2005.0,260.23138,0.889613554744,0.593808365175,hip hop,rap; Hip-Hop; winner in bed twista,1253.0,166.0,218.622963,0.0,7977.0,TRRZSBO128F428BE44,9.33693125,,
TRYDNTB128F9331278,,,,,,,,,,,,,,,,,TRRZSBO128F428BE44,,,0.7928351906125909
TRANDPI128F425AF41,,,,,,,,,,,,,,,,,TRSHMDQ128F422C1D6,,0.7458603994855636,
TRDPGXU128F9339C2A,SOELYON12AB01876A3,ARLHO5Z1187FB4C861,Beastie Boys,B-Boy Bouillabaisse: A.W.O.L. (2009 Digital Remaster),Paul's Boutique (20th Anniversary Remastered Edition),0.0,105.56036,0.853124523276,0.591628024008,hip hop,hip hop; leapsandbounds CDCollection,1746.0,505.0,153.652205,0.0,7895.0,TRSHMDQ128F422C1D6,8.976275000000003,,
TRDTUUY128F427C92C,,,,,,,,,,,,,,,,,TRSHMDQ128F422C1D6,,,0.7586963367206558
TRFUJVJ128F426F2A2,SOONCPO12AF72A1986,AR8W8P31187B9A4063,Lauryn Hill,Interlude 5,MTV Unplugged No. 2.0,2002.0,734.48444,0.697206464376,0.580125198887,r&b/soul,ms hill; the realness; The Truth; true; rnb,1903.0,409.0,215.044182,0.0,12543.0,TRSHMDQ128F422C1D6,14.61155,0.7693226301742003,0.7813905814818588
TRMUITB128F428ADAC,,,,,,,,,,,,,,,,,TRSHMDQ128F422C1D6,,0.784742605464521,0.7918194852832479
TRWSYHO128F4282346,SOKHOQG12A8C13EBF2,ARSE5NP1187B9B98AB,Twista,I'm A Winner (Amended Album Version),The Day After,2005.0,260.23138,0.889613554744,0.593808365175,hip hop,rap; Hip-Hop; winner in bed twista,1253.0,166.0,218.622963,0.0,9064.0,TRSHMDQ128F422C1D6,10.632550000000002,,
TRCHZXW128E079288A,SOMEJDK12D0219BB71,ARTH9041187FB43E1F,Eminem,8 Mile,8 Mile,2002.0,359.3922,0.886183647684,0.852677055416,hip hop,rap; Hip-Hop; Eminem; Soundtrack; hip hop,1141.0,328.0,132.992481,0.0,2863.0,TRSJGNV128F92F4124,,,
TRDPGXU128F9339C2A,SOELYON12AB01876A3,ARLHO5Z1187FB4C861,Beastie Boys,B-Boy Bouillabaisse: A.W.O.L. (2009 Digital Remaster),Paul's Boutique (20th Anniversary Remastered Edition),0.0,105.56036,0.853124523276,0.591628024008,hip hop,hip hop; leapsandbounds CDCollection,1746.0,505.0,153.652205,0.0,3022.0,TRSJGNV128F92F4124,3.444745312500001,,
TRFLRFH12903CB021D,,,,,,,,,,,,,,,,,TRSJGNV128F92F4124,,0.7585475465480042,0.7678579905899893
TRFUJVJ128F426F2A2,SOONCPO12AF72A1986,AR8W8P31187B9A4063,Lauryn Hill,Interlude 5,MTV Unplugged No. 2.0,2002.0,734.48444,0.697206464376,0.580125198887,r&b/soul,ms hill; the realness; The Truth; true; rnb,1903.0,409.0,215.044182,0.0,3006.0,TRSJGNV128F92F4124,3.3596000000000004,,
TRGLGNR128F1487A6F,,,,,,,,,,,,,,,,,TRSJGNV128F92F4124,,0.7186512271556054,0.7288463950344173
TRKLJAG128F42B31CF,,,,,,,,,,,,,,,,,TRSJGNV128F92F4124,3.393359375000001,,
TRZKNSG128F9326727,,,,,,,,,,,,,,,,,TRSJGNV128F92F4124,,0.7048628584472298,0.7147333221352921
TRAEJKZ128F4280CA5,,,,,,,,,,,,,,,,,TRSNACX128E078AA88,,0.6154786750501666,0.6288536656274727
TREZBFM128F428508A,SOQHADG12A6D22728F,ARQUKB81187B9A0010,Fatboy Slim,The Rockafeller Skank,Zoo Anthems,1998.0,238.94159,0.850693244526,0.544717829143,electronic,electronic; dance; big beat; 90s; electronica,721.0,54.0,219.544984,0.0,4327.0,TRSNACX128E078AA88,5.172749999999993,,
TRFUJVJ128F426F2A2,SOONCPO12AF72A1986,AR8W8P31187B9A4063,Lauryn Hill,Interlude 5,MTV Unplugged No. 2.0,2002.0,734.48444,0.697206464376,0.580125198887,r&b/soul,ms hill; the realness; The Truth; true; rnb,1903.0,409.0,215.044182,0.0,3842.0,TRSNACX128E078AA88,4.259699999999998,,
TRGCYUP12903CF418D,,,,,,,,,,,,,,,,,TRSNACX128E078AA88,,0.6312952792090809,0.6422368518882587
TRRZSBO128F428BE44,,,,,,,,,,,,,,,,,TRSNACX128E078AA88,,0.6208463246777811,0.6338410188205807
TRUGLTC128F4227B93,SOUSFNM12A6D4FCDAD,AR4503S1187FB43199,Danity Kane,Hold Me Down (Album Version),Danity Kane,2006.0,237.60934,0.854297752323,0.531302988552,r&b/soul,dance; Hold Me Down; Danity Kane; rnb; party,766.0,149.0,159.499216,0.0,3580.0,TRSNACX128E078AA88,4.223512499999997,,
TRDPGXU128F9339C2A,SOELYON12AB01876A3,ARLHO5Z1187FB4C861,Beastie Boys,B-Boy Bouillabaisse: A.W.O.L. (2009 Digital Remaster),Paul's Boutique (20th Anniversary Remastered Edition),0.0,105.56036,0.853124523276,0.591628024008,hip hop,hip hop; leapsandbounds CDCollection,1746.0,505.0,153.652205,0.0,2066.0,TRSOTQI128E0789132,,,
TRFUJVJ128F426F2A2,SOONCPO12AF72A1986,AR8W8P31187B9A4063,Lauryn Hill,Interlude 5,MTV Unplugged No. 2.0,2002.0,734.48444,0.697206464376,0.580125198887,r&b/soul,ms hill; the realness; The Truth; true; rnb,1903.0,409.0,215.044182,0.0,2965.0,TRSOTQI128E0789132,3.23475,,
TRJKOIH12903CE7D34,,,,,,,,,,,,,,,,,TRSOTQI128E0789132,,0.49819676205622554,
TRNIELN128F4275E78,,,,,,,,,,,,,,,,,TRSOTQI128E0789132,,0.5589757276617526,0.5687488472595515
TRUGLTC128F4227B93,SOUSFNM12A6D4FCDAD,AR4503S1187FB43199,Danity Kane,Hold Me Down (Album Version),Danity Kane,2006.0,237.60934,0.854297752323,0.531302988552,r&b/soul,dance; Hold Me Down; Danity Kane; rnb; party,766.0,149.0,159.499216,0.0,2314.0,TRSOTQI128E0789132,2.6740468749999997,,
TRVLIZK128F428845E,,,,,,,,,,,,,,,,,TRSOTQI128E0789132,2.19184375,,
TRVVZFC128F42359E5,,,,,,,,,,,,,,,,,TRSOTQI128E0789132,,0.5495209923490738,0.558964734607865
TRXKQGQ12903CB5CDA,,,,,,,,,,,,,,,,,TRSOTQI128E0789132,,,0.5144103695797536
TRARHIC128F424B27B,,,,,,,,,,,,,,,,,TRSPEPD128F147AD9A,,0.7184179703506538,0.7272569055470027
TRDPGXU128F9339C2A,SOELYON12AB01876A3,ARLHO5Z1187FB4C861,Beastie Boys,B-Boy Bouillabaisse: A.W.O.L. (2009 Digital Remaster),Paul's Boutique (20th Anniversary Remastered Edition),0.0,105.56036,0.853124523276,0.591628024008,hip hop,hip hop; leapsandbounds CDCollection,1746.0,505.0,153.652205,0.0,5336.0,TRSPEPD128F147AD9A,6.092968750000003,,
TRFUJVJ128F426F2A2,SOONCPO12AF72A1986,AR8W8P31187B9A4063,Lauryn Hill,Interlude 5,MTV Unplugged No. 2.0,2002.0,734.48444,0.697206464376,0.580125198887,r&b/soul,ms hill; the realness; The Truth; true; rnb,1903.0,409.0,215.044182,0.0,5940.0,TRSPEPD128F147AD9A,6.7349999999999985,,
TRJIONO128F1452C88,,,,,,,,,,,,,,,,,TRSPEPD128F147AD9A,,0.6972895526286842,0.710505587422134
TRLNQSB128F933844C,,,,,,,,,,,,,,,,,TRSPEPD128F147AD9A,,0.9470702331417169,0.9492431078620265
TRWSYHO128F4282346,SOKHOQG12A8C13EBF2,ARSE5NP1187B9B98AB,Twista,I'm A Winner (Amended Album Version),The Day After,2005.0,260.23138,0.889613554744,0.593808365175,hip hop,rap; Hip-Hop; winner in bed twista,1253.0,166.0,218.622963,0.0,5442.0,TRSPEPD128F147AD9A,6.351562500000004,,
TRAQOZG128F4263EE2,,,,,,,,,,,,,,,,,TRSRDVR128F92E6CF4,,0.7607457760687025,0.7681179384037037
TREBGAA128E078FC52,SOVYGAV12A58A7C3A9,AR24DZB1187FB3C869,Erykah Badu,I Want You,Worldwide Underground,2003.0,653.13914,0.855731901717,0.584841725537,r&b/soul,soul; Neo-Soul; female vocalists; rnb; Erykah Badu,617.0,98.0,153.163312,0.0,4997.0,TRSRDVR128F92E6CF4,6.053518750000006,,
TRFUJVJ128F426F2A2,SOONCPO12AF72A1986,AR8W8P31187B9A4063,Lauryn Hill,Interlude 5,MTV Unplugged No. 2.0,2002.0,734.48444,0.697206464376,0.580125198887,r&b/soul,ms hill; the realness; The Truth; true; rnb,1903.0,409.0,215.044182,0.0,5886.0,TRSRDVR128F92E6CF4,6.833099999999999,,
TRLQBZP12903CECC4A,,,,,,,,,,,,,,,,,TRSRDVR128F92E6CF4,,0.7844123410835796,0.7907233705356336
TRNHATG128F428BC8A,,,,,,,,,,,,,,,,,TRSRDVR128F92E6CF4,,0.9954110187808055,0.9955455951265381
TRWSYHO128F4282346,SOKHOQG12A8C13EBF2,ARSE5NP1187B9B98AB,Twista,I'm A Winner (Amended Album Version),The Day After,2005.0,260.23138,0.889613554744,0.593808365175,hip hop,rap; Hip-Hop; winner in bed twista,1253.0,166.0,218.622963,0.0,5891.0,TRSRDVR128F92E6CF4,7.021037500000002,,
TRDOJIR128F42840C0,SODNFOU12A8C138A6E,AR3PN3R1187FB4CEBD,Horace Andy,Horse With No Name,Mek It Bun,2002.0,236.01587,0.626436381752,0.374271173856,reggae,roots reggae; great songs; animals; lala; OC,444.0,106.0,147.702404,0.0,1343.0,TRSRORJ128E0791C74,1.6327499999999988,,
TRGEHSC128F9334DD1,,,,,,,,,,,,,,,,,TRSRORJ128E0791C74,,0.7618343590442079,0.7668571851736232
TRLQZLU128F42942A7,,,,,,,,,,,,,,,,,TRSRORJ128E0791C74,,0.743264607679482,0.7472755860636138
TRQNPKL128F9309215,,,,,,,,,,,,,,,,,TRSRORJ128E0791C74,,0.7464535973621094,0.752991291300014
TRTHNFG12903D0CE54,SONCVPT12AC468B123,AR1ZHZ51187FB37FEC,Violadores del Verso,Dale tiempo al rumor,Vivir Para Contarlo,2006.0,370.02404,0.658189532108,0.524275367928,hip hop,spanish; Hip-Hop; subelamusica; spanish rap; Doble V,749.0,199.0,99.95499,0.0,1222.0,TRSRORJ128E0791C74,1.4641250000000008,,
TRZZQIP128F92EFEAD,SOUGPPL12AB018555B,ART50HO1187FB4D0ED,Abba,Move On,The Albums,1977.0,282.72281,0.74865929586,0.575691128555,pop,pop; 70s; abba; Disco; swedish,526.0,107.0,161.959872,0.0,1407.0,TRSRORJ128E0791C74,1.7076250000000024,,
TRDPGXU128F9339C2A,SOELYON12AB01876A3,ARLHO5Z1187FB4C861,Beastie Boys,B-Boy Bouillabaisse: A.W.O.L. (2009 Digital Remaster),Paul's Boutique (20th Anniversary Remastered Edition),0.0,105.56036,0.853124523276,0.591628024008,hip hop,hip hop; leapsandbounds CDCollection,1746.0,505.0,153.652205,0.0,2970.0,TRSSOKM128F1464B5C,,,
TRDQLTF128E0787809,,,,,,,,,,,,,,,,,TRSSOKM128F1464B5C,,0.6997727652754974,
TREBGAA128E078FC52,,,,,,,,,,,,,,,,,TRSSOKM128F1464B5C,3.514939062500001,,
TRFUJVJ128F426F2A2,SOONCPO12AF72A1986,AR8W8P31187B9A4063,Lauryn Hill,Interlude 5,MTV Unplugged No. 2.0,2002.0,734.48444,0.697206464376,0.580125198887,r&b/soul,ms hill; the realness; The Truth; true; rnb,1903.0,409.0,215.044182,0.0,3704.0,TRSSOKM128F1464B5C,4.218300000000002,,
TRGLGNR128F1487A6F,,,,,,,,,,,,,,,,,TRSSOKM128F1464B5C,,0.7127018400143103,0.7243430639706159
TRKLJAG128F42B31CF,,,,,,,,,,,,,,,,,TRSSOKM128F1464B5C,,0.7172895872114463,0.7219462124932764
TRWSYHO128F4282346,SOKHOQG12A8C13EBF2,ARSE5NP1187B9B98AB,Twista,I'm A Winner (Amended Album Version),The Day After,2005.0,260.23138,0.889613554744,0.593808365175,hip hop,rap; Hip-Hop; winner in bed twista,1253.0,166.0,218.622963,0.0,3049.0,TRSSOKM128F1464B5C,3.5421906250000013,,
TRYYRLU12903D082FF,,,,,,,,,,,,,,,,,TRSSOKM128F1464B5C,,,0.7132739503730822
TRDPGXU128F9339C2A,SOELYON12AB01876A3,ARLHO5Z1187FB4C861,Beastie Boys,B-Boy Bouillabaisse: A.W.O.L. (2009 Digital Remaster),Paul's Boutique (20th Anniversary Remastered Edition),0.0,105.56036,0.853124523276,0.591628024008,hip hop,hip hop; leapsandbounds CDCollection,1746.0,505.0,153.652205,0.0,5723.0,TRSSUAV128F148D60F,6.56133125,,
TREBQOW128F92C4549,,,,,,,,,,,,,,,,,TRSSUAV128F148D60F,,0.8528984320076117,0.8594451990301829
TRFOGZN128F42882B5,,,,,,,,,,,,,,,,,TRSSUAV128F148D60F,,0.8415004276059733,0.8508988415463777
TRFUJVJ128F426F2A2,SOONCPO12AF72A1986,AR8W8P31187B9A4063,Lauryn Hill,Interlude 5,MTV Unplugged No. 2.0,2002.0,734.48444,0.697206464376,0.580125198887,r&b/soul,ms hill; the realness; The Truth; true; rnb,1903.0,409.0,215.044182,0.0,6004.0,TRSSUAV128F148D60F,6.796600000000001,,
TRKXFLD128F1479BC0,,,,,,,,,,,,,,,,,TRSSUAV128F148D60F,,0.8423214063757601,0.8492301658859397
TRWSYHO128F4282346,SOKHOQG12A8C13EBF2,ARSE5NP1187B9B98AB,Twista,I'm A Winner (Amended Album Version),The Day After,2005.0,260.23138,0.889613554744,0.593808365175,hip hop,rap; Hip-Hop; winner in bed twista,1253.0,166.0,218.622963,0.0,5029.0,TRSSUAV128F148D60F,5.823287499999999,,
TRCHZXW128E079288A,SOMEJDK12D0219BB71,ARTH9041187FB43E1F,Eminem,8 Mile,8 Mile,2002.0,359.3922,0.886183647684,0.852677055416,hip hop,rap; Hip-Hop; Eminem; Soundtrack; hip hop,1141.0,328.0,132.992481,0.0,1405.0,TRSUANW128F930BD52,1.560289062500001,,
TRDPGXU128F9339C2A,SOELYON12AB01876A3,ARLHO5Z1187FB4C861,Beastie Boys,B-Boy Bouillabaisse: A.W.O.L. (2009 Digital Remaster),Paul's Boutique (20th Anniversary Remastered Edition),0.0,105.56036,0.853124523276,0.591628024008,hip hop,hip hop; leapsandbounds CDCollection,1746.0,505.0,153.652205,0.0,1722.0,TRSUANW128F930BD52,1.8928359375000008,,
TRETTPG128F9343EE4,,,,,,,,,,,,,,,,,TRSUANW128F930BD52,,0.5750933171604564,0.5980200053758546
TRFUJVJ128F426F2A2,SOONCPO12AF72A1986,AR8W8P31187B9A4063,Lauryn Hill,Interlude 5,MTV Unplugged No. 2.0,2002.0,734.48444,0.697206464376,0.580125198887,r&b/soul,ms hill; the realness; The Truth; true; rnb,1903.0,409.0,215.044182,0.0,2009.0,TRSUANW128F930BD52,2.2007500000000007,,
TRGQBAX128F426EFCA,,,,,,,,,,,,,,,,,TRSUANW128F930BD52,,0.5724776268885766,0.5941583075925528
TRVCMKE128F42454CC,,,,,,,,,,,,,,,,,TRSUANW128F930BD52,,0.5659868946676424,0.586963426420464
TRDPGXU128F9339C2A,SOELYON12AB01876A3,ARLHO5Z1187FB4C861,Beastie Boys,B-Boy Bouillabaisse: A.W.O.L. (2009 Digital Remaster),Paul's Boutique (20th Anniversary Remastered Edition),0.0,105.56036,0.853124523276,0.591628024008,hip hop,hip hop; leapsandbounds CDCollection,1746.0,505.0,153.652205,0.0,5463.0,TRTAKII128F92E4449,6.240178125000003,,
TRFUJVJ128F426F2A2,SOONCPO12AF72A1986,AR8W8P31187B9A4063,Lauryn Hill,Interlude 5,MTV Unplugged No. 2.0,2002.0,734.48444,0.697206464376,0.580125198887,r&b/soul,ms hill; the realness; The Truth; true; rnb,1903.0,409.0,215.044182,0.0,6853.0,TRTAKII128F92E4449,7.862449999999998,,
TRFUNRS128F9346BF4,,,,,,,,,,,,,,,,,TRTAKII128F92E4449,,0.703942933781331,0.7184094559523317
TRISFKH128F9336E63,,,,,,,,,,,,,,,,,TRTAKII128F92E4449,,0.7100214544337936,0.7227825087115289
TRVDYZC128F4268761,,,,,,,,,,,,,,,,,TRTAKII128F92E4449,,0.7029649713313022,
TRWSYHO128F4282346,SOKHOQG12A8C13EBF2,ARSE5NP1187B9B98AB,Twista,I'm A Winner (Amended Album Version),The Day After,2005.0,260.23138,0.889613554744,0.593808365175,hip hop,rap; Hip-Hop; winner in bed twista,1253.0,166.0,218.622963,0.0,5753.0,TRTAKII128F92E4449,6.731293749999997,,
TRZCHKB128F92CB740,,,,,,,,,,,,,,,,,TRTAKII128F92E4449,,,0.716773835196622
TRCHZXW128E079288A,SOMEJDK12D0219BB71,ARTH9041187FB43E1F,Eminem,8 Mile,8 Mile,2002.0,359.3922,0.886183647684,0.852677055416,hip hop,rap; Hip-Hop; Eminem; Soundtrack; hip hop,1141.0,328.0,132.992481,0.0,2726.0,TRTDHSB128F422B90F,3.1505734374999985,,
TRDPGXU128F9339C2A,SOELYON12AB01876A3,ARLHO5Z1187FB4C861,Beastie Boys,B-Boy Bouillabaisse: A.W.O.L. (2009 Digital Remaster),Paul's Boutique (20th Anniversary Remastered Edition),0.0,105.56036,0.853124523276,0.591628024008,hip hop,hip hop; leapsandbounds CDCollection,1746.0,505.0,153.652205,0.0,2793.0,TRTDHSB128F422B90F,3.1508015624999994,,
TRFUJVJ128F426F2A2,SOONCPO12AF72A1986,AR8W8P31187B9A4063,Lauryn Hill,Interlude 5,MTV Unplugged No. 2.0,2002.0,734.48444,0.697206464376,0.580125198887,r&b/soul,ms hill; the realness; The Truth; true; rnb,1903.0,409.0,215.044182,0.0,2672.0,TRTDHSB128F422B90F,,,
TRGGLKN128F934D0C9,,,,,,,,,,,,,,,,,TRTDHSB128F422B90F,,0.7232603556166262,0.7343941248470012
TRKLJAG128F42B31CF,,,,,,,,,,,,,,,,,TRTDHSB128F422B90F,3.030546874999999,,
TRKUCYF12903D06F03,,,,,,,,,,,,,,,,,TRTDHSB128F422B90F,,0.7074885181726086,
TRQAOWZ128F93000A4,,,,,,,,,,,,,,,,,TRTDHSB128F422B90F,,0.7203280609566783,0.73122425780468
TRTPMBB128F42934F8,,,,,,,,,,,,,,,,,TRTDHSB128F422B90F,,,0.7209197688752255
TRDDDBI128F4266C96,,,,,,,,,,,,,,,,,TRTGMIX128EF35E2B9,,0.6880967283036848,0.7006864206843921
TRFQOYT128F428CB18,,,,,,,,,,,,,,,,,TRTGMIX128EF35E2B9,,0.6832185460613137,0.6970056264866659
TRFUJVJ128F426F2A2,SOONCPO12AF72A1986,AR8W8P31187B9A4063,Lauryn Hill,Interlude 5,MTV Unplugged No. 2.0,2002.0,734.48444,0.697206464376,0.580125198887,r&b/soul,ms hill; the realness; The Truth; true; rnb,1903.0,409.0,215.044182,0.0,4296.0,TRTGMIX128EF35E2B9,4.903100000000001,,
TRJQCQT128F428E44D,,,,,,,,,,,,,,,,,TRTGMIX128EF35E2B9,,0.7561324751613723,0.7653227497600648
TRUGLTC128F4227B93,SOUSFNM12A6D4FCDAD,AR4503S1187FB43199,Danity Kane,Hold Me Down (Album Version),Danity Kane,2006.0,237.60934,0.854297752323,0.531302988552,r&b/soul,dance; Hold Me Down; Danity Kane; rnb; party,766.0,149.0,159.499216,0.0,3898.0,TRTGMIX128EF35E2B9,4.656178125000001,,
TRWSYHO128F4282346,SOKHOQG12A8C13EBF2,ARSE5NP1187B9B98AB,Twista,I'm A Winner (Amended Album Version),The Day After,2005.0,260.23138,0.889613554744,0.593808365175,hip hop,rap; Hip-Hop; winner in bed twista,1253.0,166.0,218.622963,0.0,3534.0,TRTGMIX128EF35E2B9,4.112365625000001,,
TRDPGXU128F9339C2A,SOELYON12AB01876A3,ARLHO5Z1187FB4C861,Beastie Boys,B-Boy Bouillabaisse: A.W.O.L. (2009 Digital Remaster),Paul's Boutique (20th Anniversary Remastered Edition),0.0,105.56036,0.853124523276,0.591628024008,hip hop,hip hop; leapsandbounds CDCollection,1746.0,505.0,153.652205,0.0,2423.0,TRTGPPK128F1459DD4,2.649832812500001,,
TRFUJVJ128F426F2A2,SOONCPO12AF72A1986,AR8W8P31187B9A4063,Lauryn Hill,Interlude 5,MTV Unplugged No. 2.0,2002.0,734.48444,0.697206464376,0.580125198887,r&b/soul,ms hill; the realness; The Truth; true; rnb,1903.0,409.0,215.044182,0.0,2515.0,TRTGPPK128F1459DD4,2.6906499999999993,,
TRJUJAH128F425A752,,,,,,,,,,,,,,,,,TRTGPPK128F1459DD4,,0.5784479132598216,
TRMTSMP128F92F621B,,,,,,,,,,,,,,,,,TRTGPPK128F1459DD4,,0.5853366568201267,0.6136865487323041
TRQCXUL128E078A9D6,,,,,,,,,,,,,,,,,TRTGPPK128F1459DD4,,0.5919794308295248,0.6201209486854647
TRTHFTG128F42550BC,,,,,,,,,,,,,,,,,TRTGPPK128F1459DD4,,,0.6060691722277157
TRWSYHO128F4282346,SOKHOQG12A8C13EBF2,ARSE5NP1187B9B98AB,Twista,I'm A Winner (Amended Album Version),The Day After,2005.0,260.23138,0.889613554744,0.593808365175,hip hop,rap; Hip-Hop; winner in bed twista,1253.0,166.0,218.622963,0.0,1961.0,TRTGPPK128F1459DD4,2.1551343749999994,,
TRDPGXU128F9339C2A,SOELYON12AB01876A3,ARLHO5Z1187FB4C861,Beastie Boys,B-Boy Bouillabaisse: A.W.O.L. (2009 Digital Remaster),Paul's Boutique (20th Anniversary Remastered Edition),0.0,105.56036,0.853124523276,0.591628024008,hip hop,hip hop; leapsandbounds CDCollection,1746.0,505.0,153.652205,0.0,2547.0,TRTJVGX128E078EB1C,2.7836749999999983,,
TRFUJVJ128F426F2A2,SOONCPO12AF72A1986,AR8W8P31187B9A4063,Lauryn Hill,Interlude 5,MTV Unplugged No. 2.0,2002.0,734.48444,0.697206464376,0.580125198887,r&b/soul,ms hill; the realness; The Truth; true; rnb,1903.0,409.0,215.044182,0.0,2904.0,TRTJVGX128E078EB1C,3.1516000000000006,,
TRGUCIR128F933D817,,,,,,,,,,,,,,,,,TRTJVGX128E078EB1C,2.5188000000000024,,
TRJADED128E078FB2A,,,,,,,,,,,,,,,,,TRTJVGX128E078EB1C,,0.6453813894774341,0.6706259924490934
TRJBVSW128F9314E72,,,,,,,,,,,,,,,,,TRTJVGX128E078EB1C,,0.6249810593350293,0.6540992986714538
TRNDOZZ128F92F336C,,,,,,,,,,,,,,,,,TRTJVGX128E078EB1C,,0.6212271001065172,0.6469686558533245
TRWSYHO128F4282346,SOKHOQG12A8C13EBF2,ARSE5NP1187B9B98AB,Twista,I'm A Winner (Amended Album Version),The Day After,2005.0,260.23138,0.889613554744,0.593808365175,hip hop,rap; Hip-Hop; winner in bed twista,1253.0,166.0,218.622963,0.0,2255.0,TRTJVGX128E078EB1C,,,
TRBVPVV128F425F14F,SOOHYOB12CF5F87A28,ARF8HTQ1187B9AE693,Daft Punk,Touch It / Technologic,Alive 2007,2007.0,329.45587,0.844450642835,1.01049028868,electronic,electronic; dance; techno; House; Daft Punk,687.0,175.0,153.756301,0.0,2054.0,TRTJYFF128F9340CA9,2.3723203125000007,,
TRFUJVJ128F426F2A2,SOONCPO12AF72A1986,AR8W8P31187B9A4063,Lauryn Hill,Interlude 5,MTV Unplugged No. 2.0,2002.0,734.48444,0.697206464376,0.580125198887,r&b/soul,ms hill; the realness; The Truth; true; rnb,1903.0,409.0,215.044182,0.0,2496.0,TRTJYFF128F9340CA9,2.6254999999999997,,
TRFVYRV128F42BBAA0,,,,,,,,,,,,,,,,,TRTJYFF128F9340CA9,,,0.4831657252356816
TRGUCIR128F933D817,SORMTGC12A6D4F6C8B,ARQUN9K1187B9B5BD7,Vanilla Ice,Ice Is Workin' It,To The Extreme,1990.0,275.43465,0.722075127339,0.463037021551,hip hop,rap; hiphop; 90s; cool as ice; leapsandbounds CDCollection,898.0,242.0,166.246804,0.0,2044.0,TRTJYFF128F9340CA9,2.3211874999999997,,
TRIRFPC128E0792392,,,,,,,,,,,,,,,,,TRTJYFF128F9340CA9,,0.5000502692115261,0.5247903083791047
TRPHJTC128F92D2883,,,,,,,,,,,,,,,,,TRTJYFF128F9340CA9,,0.4874932228678009,0.5052363035421391
TRTQGTZ128E079387E,,,,,,,,,,,,,,,,,TRTJYFF128F9340CA9,,0.46026191946309825,
TRFUJVJ128F426F2A2,SOONCPO12AF72A1986,AR8W8P31187B9A4063,Lauryn Hill,Interlude 5,MTV Unplugged No. 2.0,2002.0,734.48444,0.697206464376,0.580125198887,r&b/soul,ms hill; the realness; The Truth; true; rnb,1903.0,409.0,215.044182,0.0,5733.0,TRTKNDU128EF3517DF,6.5981499999999995,,
TRKJXTX128F92FA34E,,,,,,,,,,,,,,,,,TRTKNDU128EF3517DF,,0.727868267477284,0.7321400374526812
TRQAWKR128F425EEC3,SOFHEBR12CF5F892C7,ARXPPEY1187FB51DF4,Michael Jackson,Man In The Mirror,HIStory - PAST_ PRESENT AND FUTURE - Book I,1987.0,319.29424,0.855245195586,0.899991594263,pop,pop; michael jackson; 80s; soul; king of pop,1543.0,135.0,200.024998,0.0,4910.0,TRTKNDU128EF3517DF,5.650446874999997,,
TRWSYHO128F4282346,SOKHOQG12A8C13EBF2,ARSE5NP1187B9B98AB,Twista,I'm A Winner (Amended Album Version),The Day After,2005.0,260.23138,0.889613554744,0.593808365175,hip hop,rap; Hip-Hop; winner in bed twista,1253.0,166.0,218.622963,0.0,4991.0,TRTKNDU128EF3517DF,5.867478124999999,,
TRXKZZM128F9336E7C,,,,,,,,,,,,,,,,,TRTKNDU128EF3517DF,,0.730155933273009,0.735168118198182
TRXPXPC12903CCC600,,,,,,,,,,,,,,,,,TRTKNDU128EF3517DF,,0.7254857758062377,0.7284752318023344
TRBEBJO128C719646B,SORXHBR12AF72A5DA5,ARCBD0U1187FB466EF,Nelly,Splurge,Nellyville,2002.0,309.49832,0.912368981478,0.787994622198,hip hop,Hip-Hop; rap; hip hop; rnb; 00s,911.0,225.0,131.289756,0.0,3444.0,TRTQRHY128F4241AFD,3.991184375000002,,
TRDPGXU128F9339C2A,SOELYON12AB01876A3,ARLHO5Z1187FB4C861,Beastie Boys,B-Boy Bouillabaisse: A.W.O.L. (2009 Digital Remaster),Paul's Boutique (20th Anniversary Remastered Edition),0.0,105.56036,0.853124523276,0.591628024008,hip hop,hip hop; leapsandbounds CDCollection,1746.0,505.0,153.652205,0.0,4046.0,TRTQRHY128F4241AFD,4.530478124999999,,
TRFUJVJ128F426F2A2,SOONCPO12AF72A1986,AR8W8P31187B9A4063,Lauryn Hill,Interlude 5,MTV Unplugged No. 2.0,2002.0,734.48444,0.697206464376,0.580125198887,r&b/soul,ms hill; the realness; The Truth; true; rnb,1903.0,409.0,215.044182,0.0,5229.0,TRTQRHY128F4241AFD,5.906049999999999,,
TRGLGNR128F1487A6F,,,,,,,,,,,,,,,,,TRTQRHY128F4241AFD,,0.6678015224582299,0.6821591001210576
TRQCXUL128E078A9D6,,,,,,,,,,,,,,,,,TRTQRHY128F4241AFD,,0.678551103689899,0.6995095732471781
TRTBRQA128F427EE09,,,,,,,,,,,,,,,,,TRTQRHY128F4241AFD,,0.6651327804910248,0.6827983773603467
TRDPGXU128F9339C2A,SOELYON12AB01876A3,ARLHO5Z1187FB4C861,Beastie Boys,B-Boy Bouillabaisse: A.W.O.L. (2009 Digital Remaster),Paul's Boutique (20th Anniversary Remastered Edition),0.0,105.56036,0.853124523276,0.591628024008,hip hop,hip hop; leapsandbounds CDCollection,1746.0,505.0,153.652205,0.0,2404.0,TRTSASI12903CC26E8,2.7107140625000006,,
TRFAIBW128F428B7A6,,,,,,,,,,,,,,,,,TRTSASI12903CC26E8,,0.6233725214677011,0.6401788058649073
TRFLWJZ128F425C9E4,,,,,,,,,,,,,,,,,TRTSASI12903CC26E8,1.9608671875000006,,
TRFUJVJ128F426F2A2,SOONCPO12AF72A1986,AR8W8P31187B9A4063,Lauryn Hill,Interlude 5,MTV Unplugged No. 2.0,2002.0,734.48444,0.697206464376,0.580125198887,r&b/soul,ms hill; the realness; The Truth; true; rnb,1903.0,409.0,215.044182,0.0,2713.0,TRTSASI12903CC26E8,3.0393500000000007,,
TRHKJVR128F42857EA,,,,,,,,,,,,,,,,,TRTSASI12903CC26E8,,0.6226368219733842,0.6414018459548891
TRMAVQT128F4270DBF,,,,,,,,,,,,,,,,,TRTSASI12903CC26E8,,0.6453548413846834,0.6620915663576615
TRWSYHO128F4282346,SOKHOQG12A8C13EBF2,ARSE5NP1187B9B98AB,Twista,I'm A Winner (Amended Album Version),The Day After,2005.0,260.23138,0.889613554744,0.593808365175,hip hop,rap; Hip-Hop; winner in bed twista,1253.0,166.0,218.622963,0.0,1728.0,TRTSASI12903CC26E8,,,
TRDPGXU128F9339C2A,SOELYON12AB01876A3,ARLHO5Z1187FB4C861,Beastie Boys,B-Boy Bouillabaisse: A.W.O.L. (2009 Digital Remaster),Paul's Boutique (20th Anniversary Remastered Edition),0.0,105.56036,0.853124523276,0.591628024008,hip hop,hip hop; leapsandbounds CDCollection,1746.0,505.0,153.652205,0.0,3846.0,TRTSAUB128E07859FC,4.349721874999998,,
TRFUJVJ128F426F2A2,SOONCPO12AF72A1986,AR8W8P31187B9A4063,Lauryn Hill,Interlude 5,MTV Unplugged No. 2.0,2002.0,734.48444,0.697206464376,0.580125198887,r&b/soul,ms hill; the realness; The Truth; true; rnb,1903.0,409.0,215.044182,0.0,3847.0,TRTSAUB128E07859FC,4.2613499999999975,,
TRJAJTB128F42A63EA,,,,,,,,,,,,,,,,,TRTSAUB128E07859FC,,0.7249203320796185,0.7393595774642931
TRJEJXZ128F9321015,,,,,,,,,,,,,,,,,TRTSAUB128E07859FC,,0.7106971724492501,0.7212734865577317
TRKOBMA12903CA8574,,,,,,,,,,,,,,,,,TRTSAUB128E07859FC,,0.7051937753777896,0.7208883275875546
TRWSYHO128F4282346,SOKHOQG12A8C13EBF2,ARSE5NP1187B9B98AB,Twista,I'm A Winner (Amended Album Version),The Day After,2005.0,260.23138,0.889613554744,0.593808365175,hip hop,rap; Hip-Hop; winner in bed twista,1253.0,166.0,218.622963,0.0,3807.0,TRTSAUB128E07859FC,4.401006249999998,,
TRBVPVV128F425F14F,SOOHYOB12CF5F87A28,ARF8HTQ1187B9AE693,Daft Punk,Touch It / Technologic,Alive 2007,2007.0,329.45587,0.844450642835,1.01049028868,electronic,electronic; dance; techno; House; Daft Punk,687.0,175.0,153.756301,0.0,6595.0,TRTUJAL128F423E18D,8.053109375000005,0.7012722158831264,0.706104038330947
TRDLQGL128F1458AA5,,,,,,,,,,,,,,,,,TRTUJAL128F423E18D,,0.649650080990502,0.6556942447870098
TRFRZVN128F92FA34F,,,,,,,,,,,,,,,,,TRTUJAL128F423E18D,,0.6553017338529203,0.6607096038317538
TRGUCIR128F933D817,SORMTGC12A6D4F6C8B,ARQUN9K1187B9B5BD7,Vanilla Ice,Ice Is Workin' It,To The Extreme,1990.0,275.43465,0.722075127339,0.463037021551,hip hop,rap; hiphop; 90s; cool as ice; leapsandbounds CDCollection,898.0,242.0,166.246804,0.0,5509.0,TRTUJAL128F423E18D,6.657874999999999,,
TRYUJAX12903CF14E7,SOJLXYO12AC468F5F3,ARTDUXM1187B9899ED,Charley Patton,Shake It And Break It,Essential Delta Blues,1989.0,187.8722,0.574300068277,0.375593582585,blues,delta blues; guitar; Favourites; acoustic blues; Charley Patton,474.0,80.0,109.325203,0.0,3836.0,TRTUJAL128F423E18D,4.654562500000003,,
TRCHZXW128E079288A,,,,,,,,,,,,,,,,,TRTVTYS128E0792887,,0.8693785025650096,0.8769762457980983
TRDPGXU128F9339C2A,SOELYON12AB01876A3,ARLHO5Z1187FB4C861,Beastie Boys,B-Boy Bouillabaisse: A.W.O.L. (2009 Digital Remaster),Paul's Boutique (20th Anniversary Remastered Edition),0.0,105.56036,0.853124523276,0.591628024008,hip hop,hip hop; leapsandbounds CDCollection,1746.0,505.0,153.652205,0.0,9936.0,TRTVTYS128E0792887,11.377496875000006,,
TRDSUZH128F425BAC3,,,,,,,,,,,,,,,,,TRTVTYS128E0792887,,0.8415246429452585,0.849360414465328
TREBQOW128F92C4549,,,,,,,,,,,,,,,,,TRTVTYS128E0792887,,0.850657904141785,0.8573360919159411
TRFUJVJ128F426F2A2,SOONCPO12AF72A1986,AR8W8P31187B9A4063,Lauryn Hill,Interlude 5,MTV Unplugged No. 2.0,2002.0,734.48444,0.697206464376,0.580125198887,r&b/soul,ms hill; the realness; The Truth; true; rnb,1903.0,409.0,215.044182,0.0,10439.0,TRTVTYS128E0792887,11.802150000000001,,
TRWSYHO128F4282346,SOKHOQG12A8C13EBF2,ARSE5NP1187B9B98AB,Twista,I'm A Winner (Amended Album Version),The Day After,2005.0,260.23138,0.889613554744,0.593808365175,hip hop,rap; Hip-Hop; winner in bed twista,1253.0,166.0,218.622963,0.0,9500.0,TRTVTYS128E0792887,11.060306250000004,,
TRBWKZD128F428AAEB,,,,,,,,,,,,,,,,,TRTVVYX128F9328DBA,,0.7297992515246898,0.7468510971169703
TRCRZZQ128F4286AF2,,,,,,,,,,,,,,,,,TRTVVYX128F9328DBA,,0.7431070002705582,0.7558746520014389
TRDPGXU128F9339C2A,SOELYON12AB01876A3,ARLHO5Z1187FB4C861,Beastie Boys,B-Boy Bouillabaisse: A.W.O.L. (2009 Digital Remaster),Paul's Boutique (20th Anniversary Remastered Edition),0.0,105.56036,0.853124523276,0.591628024008,hip hop,hip hop; leapsandbounds CDCollection,1746.0,505.0,153.652205,0.0,5550.0,TRTVVYX128F9328DBA,6.221981249999996,,
TRFUJLG128F4255312,,,,,,,,,,,,,,,,,TRTVVYX128F9328DBA,,0.7493148423653333,0.7615568958346628
TRFUJVJ128F426F2A2,SOONCPO12AF72A1986,AR8W8P31187B9A4063,Lauryn Hill,Interlude 5,MTV Unplugged No. 2.0,2002.0,734.48444,0.697206464376,0.580125198887,r&b/soul,ms hill; the realness; The Truth; true; rnb,1903.0,409.0,215.044182,0.0,5955.0,TRTVVYX128F9328DBA,6.58815,,
TRWSYHO128F4282346,SOKHOQG12A8C13EBF2,ARSE5NP1187B9B98AB,Twista,I'm A Winner (Amended Album Version),The Day After,2005.0,260.23138,0.889613554744,0.593808365175,hip hop,rap; Hip-Hop; winner in bed twista,1253.0,166.0,218.622963,0.0,4906.0,TRTVVYX128F9328DBA,5.573337500000003,,
TREBGAA128E078FC52,SOVYGAV12A58A7C3A9,AR24DZB1187FB3C869,Erykah Badu,I Want You,Worldwide Underground,2003.0,653.13914,0.855731901717,0.584841725537,r&b/soul,soul; Neo-Soul; female vocalists; rnb; Erykah Badu,617.0,98.0,153.163312,0.0,5574.0,TRTWRQD12903CA9E3B,6.711370312499998,,
TRFUJVJ128F426F2A2,SOONCPO12AF72A1986,AR8W8P31187B9A4063,Lauryn Hill,Interlude 5,MTV Unplugged No. 2.0,2002.0,734.48444,0.697206464376,0.580125198887,r&b/soul,ms hill; the realness; The Truth; true; rnb,1903.0,409.0,215.044182,0.0,7585.0,TRTWRQD12903CA9E3B,8.78435,,
TRLQBZP12903CECC4A,,,,,,,,,,,,,,,,,TRTWRQD12903CA9E3B,,0.7359497950074548,0.7442999089215008
TRLVIKC12903CF81B9,,,,,,,,,,,,,,,,,TRTWRQD12903CA9E3B,,0.746628324419458,0.7529463437055041
TRNJMKH128F426749E,,,,,,,,,,,,,,,,,TRTWRQD12903CA9E3B,,0.7490276349915104,0.7570662057946991
TRWSYHO128F4282346,SOKHOQG12A8C13EBF2,ARSE5NP1187B9B98AB,Twista,I'm A Winner (Amended Album Version),The Day After,2005.0,260.23138,0.889613554744,0.593808365175,hip hop,rap; Hip-Hop; winner in bed twista,1253.0,166.0,218.622963,0.0,6058.0,TRTWRQD12903CA9E3B,7.117053125000002,,
TRAFBIV128F93321D4,,,,,,,,,,,,,,,,,TRTXHKL128F4242DD9,,0.637712650823065,0.6454462161065362
TRDPGXU128F9339C2A,SOELYON12AB01876A3,ARLHO5Z1187FB4C861,Beastie Boys,B-Boy Bouillabaisse: A.W.O.L. (2009 Digital Remaster),Paul's Boutique (20th Anniversary Remastered Edition),0.0,105.56036,0.853124523276,0.591628024008,hip hop,hip hop; leapsandbounds CDCollection,1746.0,505.0,153.652205,0.0,3201.0,TRTXHKL128F4242DD9,3.5588593749999995,,
TRFUJVJ128F426F2A2,SOONCPO12AF72A1986,AR8W8P31187B9A4063,Lauryn Hill,Interlude 5,MTV Unplugged No. 2.0,2002.0,734.48444,0.697206464376,0.580125198887,r&b/soul,ms hill; the realness; The Truth; true; rnb,1903.0,409.0,215.044182,0.0,3016.0,TRTXHKL128F4242DD9,3.240999999999999,,
TRLEOAU128F932B646,,,,,,,,,,,,,,,,,TRTXHKL128F4242DD9,,0.6163465380041661,0.6299119776016854
TRQAWKR128F425EEC3,SOFHEBR12CF5F892C7,ARXPPEY1187FB51DF4,Michael Jackson,Man In The Mirror,HIStory - PAST_ PRESENT AND FUTURE - Book I,1987.0,319.29424,0.855245195586,0.899991594263,pop,pop; michael jackson; 80s; soul; king of pop,1543.0,135.0,200.024998,0.0,2922.0,TRTXHKL128F4242DD9,,,
TRWVXWR128F92CF848,,,,,,,,,,,,,,,,,TRTXHKL128F4242DD9,,0.6832871857418192,0.6945434263916861
TRYCBLK12903CE6A0E,,,,,,,,,,,,,,,,,TRTXHKL128F4242DD9,3.2220156249999996,,
TRFUJVJ128F426F2A2,SOONCPO12AF72A1986,AR8W8P31187B9A4063,Lauryn Hill,Interlude 5,MTV Unplugged No. 2.0,2002.0,734.48444,0.697206464376,0.580125198887,r&b/soul,ms hill; the realness; The Truth; true; rnb,1903.0,409.0,215.044182,0.0,2866.0,TRTYGWW128E0794FA2,2.9798999999999993,,
TRINNQX128F425AD26,,,,,,,,,,,,,,,,,TRTYGWW128E0794FA2,,0.6108044472547068,0.6192408513348493
TRLINLH128F9346400,SOROKRP12AF729F9B4,ARTDQRC1187FB4EFD4,Black Eyed Peas,One Tribe,THE E.N.D. (THE ENERGY NEVER DIES),2009.0,280.60689,0.84560188664,1.00594196595,hip hop,Hip-Hop; black eyed peas; pop; Tehno-rap; best songs of 2009,724.0,166.0,128.17176,0.0,4671.0,TRTYGWW128E0794FA2,5.604587500000001,0.5372311211566722,0.5472927257242414
TRTLIKK128E07862DA,SOKTWCO12A67020DC0,ARM9HR61187B9AD75A,Ja Rule,One of Us,Rule 3:36,2000.0,356.85832,0.77983324054,0.541519545221,hip hop,Ja Rule; Hip-Hop; east coast rap; 2000; rappers,996.0,215.0,158.347719,0.0,4884.0,TRTYGWW128E0794FA2,5.740656249999997,,
TRZYDHT128F145736F,,,,,,,,,,,,,,,,,TRTYGWW128E0794FA2,,0.574160091684681,0.5850610981640372
TRDOJIR128F42840C0,SODNFOU12A8C138A6E,AR3PN3R1187FB4CEBD,Horace Andy,Horse With No Name,Mek It Bun,2002.0,236.01587,0.626436381752,0.374271173856,reggae,roots reggae; great songs; animals; lala; OC,444.0,106.0,147.702404,0.0,1321.0,TRUAAEQ128F423C52D,1.6012250000000006,,
TRETSHC128F4232E14,,,,,,,,,,,,,,,,,TRUAAEQ128F423C52D,,0.7384056412490748,0.7413877951825896
TRGNRZC128F146D620,,,,,,,,,,,,,,,,,TRUAAEQ128F423C52D,,0.7386685807760779,0.7421281052485834
TRKKUWM128F92E4E1C,SOHEIBB12AB01827CA,AR4T2NV1187B997CF3,Gemelli Diversi,Istruzioni Per L'(Ill)uso,Istruzioni per l'(ill)uso,2009.0,250.33098,0.641150864963,0.460028873289,hip hop,Hip Hop Italiano; italian; Jeff Mills; 123,413.0,102.0,59.388551,0.0,1148.0,TRUAAEQ128F423C52D,1.402510937499999,0.7512308791639778,0.75529830179037
TRZZQIP128F92EFEAD,SOUGPPL12AB018555B,ART50HO1187FB4D0ED,Abba,Move On,The Albums,1977.0,282.72281,0.74865929586,0.575691128555,pop,pop; 70s; abba; Disco; swedish,526.0,107.0,161.959872,0.0,1407.0,TRUAAEQ128F423C52D,1.7031515625000022,,
TRBLBTB128F147F7EF,,,,,,,,,,,,,,,,,TRUASIU128F425A1D7,,0.7591238984445218,0.763768800811405
TRCHZXW128E079288A,SOMEJDK12D0219BB71,ARTH9041187FB43E1F,Eminem,8 Mile,8 Mile,2002.0,359.3922,0.886183647684,0.852677055416,hip hop,rap; Hip-Hop; Eminem; Soundtrack; hip hop,1141.0,328.0,132.992481,0.0,6162.0,TRUASIU128F425A1D7,7.3396093749999896,,
TRDPGXU128F9339C2A,SOELYON12AB01876A3,ARLHO5Z1187FB4C861,Beastie Boys,B-Boy Bouillabaisse: A.W.O.L. (2009 Digital Remaster),Paul's Boutique (20th Anniversary Remastered Edition),0.0,105.56036,0.853124523276,0.591628024008,hip hop,hip hop; leapsandbounds CDCollection,1746.0,505.0,153.652205,0.0,6301.0,TRUASIU128F425A1D7,7.395390625000002,,
TRJBEQI12903CDDCCE,,,,,,,,,,,,,,,,,TRUASIU128F425A1D7,,0.7749839111112753,0.779075409628105
TRKLJAG128F42B31CF,SOTGRDJ12A8C13FE2A,ARB8DSE1187FB3CFC4,Mario Vazquez,Everytime I...,Mario Vazquez,2006.0,241.71057,0.723005147335,0.395148687525,r&b/soul,mario vazquez; Everytime I; soul; rnb; r&b,511.0,114.0,125.658267,0.0,5834.0,TRUASIU128F425A1D7,7.11671875,,
TRWNSHP128F42424E8,,,,,,,,,,,,,,,,,TRUASIU128F425A1D7,,0.7583462770525856,0.7633558973227766
TRDPGXU128F9339C2A,SOELYON12AB01876A3,ARLHO5Z1187FB4C861,Beastie Boys,B-Boy Bouillabaisse: A.W.O.L. (2009 Digital Remaster),Paul's Boutique (20th Anniversary Remastered Edition),0.0,105.56036,0.853124523276,0.591628024008,hip hop,hip hop; leapsandbounds CDCollection,1746.0,505.0,153.652205,0.0,1085.0,TRUCWXA128F92E4944,,,
TRFSCLD12903CD213F,,,,,,,,,,,,,,,,,TRUCWXA128F92E4944,1.2522249999999997,,
TRFUJVJ128F426F2A2,SOONCPO12AF72A1986,AR8W8P31187B9A4063,Lauryn Hill,Interlude 5,MTV Unplugged No. 2.0,2002.0,734.48444,0.697206464376,0.580125198887,r&b/soul,ms hill; the realness; The Truth; true; rnb,1903.0,409.0,215.044182,0.0,1710.0,TRUCWXA128F92E4944,1.8638,,
TRGLNKG128F9307689,SOFVLYU12AB017F502,ARTH9041187FB43E1F,Eminem,My Darling,Relapse [Deluxe],2009.0,320.49587,0.871010615313,0.879236744738,hip hop,rap; detroit; Hip-Hop; Horrorcore; MOONH8SUN,1055.0,293.0,140.089257,0.0,1072.0,TRUCWXA128F92E4944,1.1724703125000002,,
TRJOQXR128F92EB51A,,,,,,,,,,,,,,,,,TRUCWXA128F92E4944,,0.6419592206954027,0.6545859675012985
TRORNTH12903CC53F0,,,,,,,,,,,,,,,,,TRUCWXA128F92E4944,,0.6719954819835104,0.6777057515773306
TRPUDOQ128F9344F23,,,,,,,,,,,,,,,,,TRUCWXA128F92E4944,,0.6659943286996243,0.6786363838670403
TRDPGXU128F9339C2A,SOELYON12AB01876A3,ARLHO5Z1187FB4C861,Beastie Boys,B-Boy Bouillabaisse: A.W.O.L. (2009 Digital Remaster),Paul's Boutique (20th Anniversary Remastered Edition),0.0,105.56036,0.853124523276,0.591628024008,hip hop,hip hop; leapsandbounds CDCollection,1746.0,505.0,153.652205,0.0,2949.0,TRUDTXB128F423C537,3.2880984374999995,,
TRFUJVJ128F426F2A2,SOONCPO12AF72A1986,AR8W8P31187B9A4063,Lauryn Hill,Interlude 5,MTV Unplugged No. 2.0,2002.0,734.48444,0.697206464376,0.580125198887,r&b/soul,ms hill; the realness; The Truth; true; rnb,1903.0,409.0,215.044182,0.0,4657.0,TRUDTXB128F423C537,5.3451499999999985,0.6588950984078997,0.6777439830339153
TRGLNKG128F9307689,SOFVLYU12AB017F502,ARTH9041187FB43E1F,Eminem,My Darling,Relapse [Deluxe],2009.0,320.49587,0.871010615313,0.879236744738,hip hop,rap; detroit; Hip-Hop; Horrorcore; MOONH8SUN,1055.0,293.0,140.089257,0.0,2831.0,TRUDTXB128F423C537,3.247332812500001,,
TROSICW128F933ADB8,,,,,,,,,,,,,,,,,TRUDTXB128F423C537,,0.6681568837212661,0.6861895412846089
TRZBPGN128F92EDF7E,,,,,,,,,,,,,,,,,TRUDTXB128F423C537,,0.6621711601319564,0.6775570930475653
TRDPGXU128F9339C2A,SOELYON12AB01876A3,ARLHO5Z1187FB4C861,Beastie Boys,B-Boy Bouillabaisse: A.W.O.L. (2009 Digital Remaster),Paul's Boutique (20th Anniversary Remastered Edition),0.0,105.56036,0.853124523276,0.591628024008,hip hop,hip hop; leapsandbounds CDCollection,1746.0,505.0,153.652205,0.0,3868.0,TRUGOGT128F92F29E9,4.431078125000003,0.8014736013738516,0.8141768003827177
TRFPLQD128F92FFB52,,,,,,,,,,,,,,,,,TRUGOGT128F92F29E9,,,0.8008511948149708
TRFUJVJ128F426F2A2,SOONCPO12AF72A1986,AR8W8P31187B9A4063,Lauryn Hill,Interlude 5,MTV Unplugged No. 2.0,2002.0,734.48444,0.697206464376,0.580125198887,r&b/soul,ms hill; the realness; The Truth; true; rnb,1903.0,409.0,215.044182,0.0,4515.0,TRUGOGT128F92F29E9,5.16075,,
TRKLAOB12903C9A1CD,,,,,,,,,,,,,,,,,TRUGOGT128F92F29E9,,0.7891953159490387,
TRPKXVV128F92F29CD,,,,,,,,,,,,,,,,,TRUGOGT128F92F29E9,,0.7923761769762439,0.8033942014035339
TRWSYHO128F4282346,SOKHOQG12A8C13EBF2,ARSE5NP1187B9B98AB,Twista,I'm A Winner (Amended Album Version),The Day After,2005.0,260.23138,0.889613554744,0.593808365175,hip hop,rap; Hip-Hop; winner in bed twista,1253.0,166.0,218.622963,0.0,3927.0,TRUGOGT128F92F29E9,4.5930937499999995,,
TRFUJVJ128F426F2A2,SOONCPO12AF72A1986,AR8W8P31187B9A4063,Lauryn Hill,Interlude 5,MTV Unplugged No. 2.0,2002.0,734.48444,0.697206464376,0.580125198887,r&b/soul,ms hill; the realness; The Truth; true; rnb,1903.0,409.0,215.044182,0.0,1870.0,TRUHHWN128F93045BA,,,
TRJALGV12903D0447E,,,,,,,,,,,,,,,,,TRUHHWN128F93045BA,,0.37914509770458615,0.3918310297917783
TRRINDX128F426FFC7,,,,,,,,,,,,,,,,,TRUHHWN128F93045BA,,0.3857244986273347,0.40398375318503255
TRRIRMX128F92E6272,SOILRPD12A6701E38C,ARCGJ6U1187FB4D01F,Akon,Locked Up,Ultimate R&B,2004.0,234.65751,1.0,0.826777013491,hip hop,Hip-Hop; rap; hip hop; rnb; akon-locked up,525.0,112.0,115.58114,0.0,1906.0,TRUHHWN128F93045BA,2.1797749999999976,,
TRSUMJS12903CA98EE,,,,,,,,,,,,,,,,,TRUHHWN128F93045BA,2.048949999999998,0.32788641985381717,0.344624943503443
TRUGLTC128F4227B93,SOUSFNM12A6D4FCDAD,AR4503S1187FB43199,Danity Kane,Hold Me Down (Album Version),Danity Kane,2006.0,237.60934,0.854297752323,0.531302988552,r&b/soul,dance; Hold Me Down; Danity Kane; rnb; party,766.0,149.0,159.499216,0.0,1981.0,TRUHHWN128F93045BA,2.1864000000000012,,
TRDPGXU128F9339C2A,SOELYON12AB01876A3,ARLHO5Z1187FB4C861,Beastie Boys,B-Boy Bouillabaisse: A.W.O.L. (2009 Digital Remaster),Paul's Boutique (20th Anniversary Remastered Edition),0.0,105.56036,0.853124523276,0.591628024008,hip hop,hip hop; leapsandbounds CDCollection,1746.0,505.0,153.652205,0.0,1948.0,TRUIAKW128F428C787,2.1176328124999997,,
TRFUJVJ128F426F2A2,SOONCPO12AF72A1986,AR8W8P31187B9A4063,Lauryn Hill,Interlude 5,MTV Unplugged No. 2.0,2002.0,734.48444,0.697206464376,0.580125198887,r&b/soul,ms hill; the realness; The Truth; true; rnb,1903.0,409.0,215.044182,0.0,2221.0,TRUIAKW128F428C787,2.39675,,
TRGUCIR128F933D817,SORMTGC12A6D4F6C8B,ARQUN9K1187B9B5BD7,Vanilla Ice,Ice Is Workin' It,To The Extreme,1990.0,275.43465,0.722075127339,0.463037021551,hip hop,rap; hiphop; 90s; cool as ice; leapsandbounds CDCollection,898.0,242.0,166.246804,0.0,1874.0,TRUIAKW128F428C787,2.163062500000001,,
TRLXIWQ128F428AB13,,,,,,,,,,,,,,,,,TRUIAKW128F428C787,,0.6334212423742756,0.6553116452402609
TRWNNIJ128F429F912,,,,,,,,,,,,,,,,,TRUIAKW128F428C787,,0.6498008704708481,0.6596681150755037
TRXTAPD128F145A606,,,,,,,,,,,,,,,,,TRUIAKW128F428C787,,0.6295670587096428,0.6538628246021678
TRFJKWU12903CC37B1,,,,,,,,,,,,,,,,,TRULIIL128F4228AC8,,0.44305882434657223,0.4603640936819273
TRFUJVJ128F426F2A2,SOONCPO12AF72A1986,AR8W8P31187B9A4063,Lauryn Hill,Interlude 5,MTV Unplugged No. 2.0,2002.0,734.48444,0.697206464376,0.580125198887,r&b/soul,ms hill; the realness; The Truth; true; rnb,1903.0,409.0,215.044182,0.0,2486.0,TRULIIL128F4228AC8,2.6613000000000007,,
TRFYURA128F932E71C,,,,,,,,,,,,,,,,,TRULIIL128F4228AC8,,0.4145360073717979,0.43315564504816534
TRHNOMB12903CB2544,SOGFAKF12AF72A5D66,ARPTHEU1187B98BF98,Life Without Buildings,New Town,Live at the Annandale Hotel,2000.0,456.82893,0.575620891362,0.381169500326,rock,indie; alternative; i wish i could write lyrics like this; personal jukebox; in another league,719.0,74.0,140.160622,0.0,2307.0,TRULIIL128F4228AC8,2.698540625,,
TRPDEMC128F421E0E7,,,,,,,,,,,,,,,,,TRULIIL128F4228AC8,,0.395653670215545,
TRWSYHO128F4282346,SOKHOQG12A8C13EBF2,ARSE5NP1187B9B98AB,Twista,I'm A Winner (Amended Album Version),The Day After,2005.0,260.23138,0.889613554744,0.593808365175,hip hop,rap; Hip-Hop; winner in bed twista,1253.0,166.0,218.622963,0.0,2080.0,TRULIIL128F4228AC8,2.3083937499999996,,
TRXTGOS128F933CF72,,,,,,,,,,,,,,,,,TRULIIL128F4228AC8,,,0.41901174829693966
TRFUJVJ128F426F2A2,SOONCPO12AF72A1986,AR8W8P31187B9A4063,Lauryn Hill,Interlude 5,MTV Unplugged No. 2.0,2002.0,734.48444,0.697206464376,0.580125198887,r&b/soul,ms hill; the realness; The Truth; true; rnb,1903.0,409.0,215.044182,0.0,2939.0,TRUNSXQ128E078B97D,3.3195500000000004,,
TRMBEML128F148D1C7,,,,,,,,,,,,,,,,,TRUNSXQ128E078B97D,,0.677842457560445,0.6897901908854601
TRNCIOP128F426A93D,,,,,,,,,,,,,,,,,TRUNSXQ128E078B97D,,0.6856774468740608,0.6976633312578044
TRUGLTC128F4227B93,SOUSFNM12A6D4FCDAD,AR4503S1187FB43199,Danity Kane,Hold Me Down (Album Version),Danity Kane,2006.0,237.60934,0.854297752323,0.531302988552,r&b/soul,dance; Hold Me Down; Danity Kane; rnb; party,766.0,149.0,159.499216,0.0,2498.0,TRUNSXQ128E078B97D,2.9583937500000004,,
TRVLIZK128F428845E,SOGLUJL12A8C138E31,ARUN7IC1187FB3D392,Five,That's What You Told Me,Five,1998.0,222.92853,0.588017305158,0.435444888557,pop,5ive; pop; Favorite; boybands; Remember,593.0,95.0,153.277526,0.0,2452.0,TRUNSXQ128E078B97D,2.9292875000000014,,
TRZHFGK128F423B618,,,,,,,,,,,,,,,,,TRUNSXQ128E078B97D,,0.67184343961254,0.6810213726814099
TRCYWMK128F14A2343,,,,,,,,,,,,,,,,,TRUPWID128F4215874,,0.6678334929630954,0.6722947027867966
TRGQZPV12903CC3EB3,SOPPNKO12AB0188A99,ARXBQMZ11F50C48CC6,Wisin & Yandel,Por Mi Reggae Muero,DJ Blass: Sandunguero Hits,2007.0,134.94812,0.773518060411,0.522153872022,reggae,Reggaeton; calle 13; latin; puerto rico; Puerto Rican,362.0,90.0,58.642988,0.0,1730.0,TRUPWID128F4215874,2.078082812500001,,
TRIJHLY12903D0CE4D,SOAEBYL12AC468B119,AR1ZHZ51187FB37FEC,Violadores del Verso,Cantando,Vivir Para Contarlo,2006.0,312.92036,0.658189532108,0.503436953654,hip hop,Hip-Hop; spanish hip-hop; rap; spanish; hip hop,671.0,209.0,83.660026,0.0,1912.0,TRUPWID128F4215874,2.245423437499998,,
TRIXDIY128F425CDB4,,,,,,,,,,,,,,,,,TRUPWID128F4215874,,0.6013846504476941,0.6106130596152857
TRTHNFG12903D0CE54,SONCVPT12AC468B123,AR1ZHZ51187FB37FEC,Violadores del Verso,Dale tiempo al rumor,Vivir Para Contarlo,2006.0,370.02404,0.658189532108,0.524275367928,hip hop,spanish; Hip-Hop; subelamusica; spanish rap; Doble V,749.0,199.0,99.95499,0.0,2101.0,TRUPWID128F4215874,2.4622671874999993,,
TRYTRML128F426A3A9,,,,,,,,,,,,,,,,,TRUPWID128F4215874,,0.5978819416236145,0.604483787776118
TRDYKYQ12903CAD2B8,,,,,,,,,,,,,,,,,TRUQGGJ128F427E02B,,0.7716727929981946,0.7766371888415745
TRHPSHA128F92EFD94,,,,,,,,,,,,,,,,,TRUQGGJ128F427E02B,,0.7565324665969115,0.7606448332307226
TRIJHLY12903D0CE4D,SOAEBYL12AC468B119,AR1ZHZ51187FB37FEC,Violadores del Verso,Cantando,Vivir Para Contarlo,2006.0,312.92036,0.658189532108,0.503436953654,hip hop,Hip-Hop; spanish hip-hop; rap; spanish; hip hop,671.0,209.0,83.660026,0.0,2305.0,TRUQGGJ128F427E02B,2.754134374999998,,
TRRKRXC128F4242791,,,,,,,,,,,,,,,,,TRUQGGJ128F427E02B,,0.8070038367076765,0.8111340524279981
TRTHNFG12903D0CE54,SONCVPT12AC468B123,AR1ZHZ51187FB37FEC,Violadores del Verso,Dale tiempo al rumor,Vivir Para Contarlo,2006.0,370.02404,0.658189532108,0.524275367928,hip hop,spanish; Hip-Hop; subelamusica; spanish rap; Doble V,749.0,199.0,99.95499,0.0,2870.0,TRUQGGJ128F427E02B,3.4433218750000005,,
TRWQZXS128F92DB731,SOLJOIC12A8C145316,ARVH6PU1187FB46B3F,Victor Manuelle,Lloré Lloré,Historia De Un Sonero,0.0,308.50567,0.668543746567,0.490615493311,latin,salsa; great to dance,365.0,79.0,77.369245,0.0,1816.0,TRUQGGJ128F427E02B,2.194356250000003,,
TRCHZXW128E079288A,SOMEJDK12D0219BB71,ARTH9041187FB43E1F,Eminem,8 Mile,8 Mile,2002.0,359.3922,0.886183647684,0.852677055416,hip hop,rap; Hip-Hop; Eminem; Soundtrack; hip hop,1141.0,328.0,132.992481,0.0,3490.0,TRURHNH128F9355F33,3.9589656250000003,0.6271918266894353,0.6495884013992241
TRDPGXU128F9339C2A,SOELYON12AB01876A3,ARLHO5Z1187FB4C861,Beastie Boys,B-Boy Bouillabaisse: A.W.O.L. (2009 Digital Remaster),Paul's Boutique (20th Anniversary Remastered Edition),0.0,105.56036,0.853124523276,0.591628024008,hip hop,hip hop; leapsandbounds CDCollection,1746.0,505.0,153.652205,0.0,3463.0,TRURHNH128F9355F33,3.794034375000003,,
TRFUJVJ128F426F2A2,SOONCPO12AF72A1986,AR8W8P31187B9A4063,Lauryn Hill,Interlude 5,MTV Unplugged No. 2.0,2002.0,734.48444,0.697206464376,0.580125198887,r&b/soul,ms hill; the realness; The Truth; true; rnb,1903.0,409.0,215.044182,0.0,4309.0,TRURHNH128F9355F33,4.7468499999999985,,
TROXHLM128F4266510,,,,,,,,,,,,,,,,,TRURHNH128F9355F33,,0.5885484971867444,0.6103125256089723
TRSWQYN128F92FAAB6,,,,,,,,,,,,,,,,,TRURHNH128F9355F33,,0.5926420302617397,0.611775290321498
TRDPGXU128F9339C2A,SOELYON12AB01876A3,ARLHO5Z1187FB4C861,Beastie Boys,B-Boy Bouillabaisse: A.W.O.L. (2009 Digital Remaster),Paul's Boutique (20th Anniversary Remastered Edition),0.0,105.56036,0.853124523276,0.591628024008,hip hop,hip hop; leapsandbounds CDCollection,1746.0,505.0,153.652205,0.0,2180.0,TRUUBKE128F426F5C0,2.3691640624999994,,
TRFIFYV128F93556D2,,,,,,,,,,,,,,,,,TRUUBKE128F426F5C0,,0.6470054100429391,0.6659066271574315
TRFUJVJ128F426F2A2,SOONCPO12AF72A1986,AR8W8P31187B9A4063,Lauryn Hill,Interlude 5,MTV Unplugged No. 2.0,2002.0,734.48444,0.697206464376,0.580125198887,r&b/soul,ms hill; the realness; The Truth; true; rnb,1903.0,409.0,215.044182,0.0,3136.0,TRUUBKE128F426F5C0,3.4945000000000004,,
TRQXNOX128F1460E10,,,,,,,,,,,,,,,,,TRUUBKE128F426F5C0,,0.6564247701933816,0.6741126880317854
TRTLIKK128E07862DA,SOKTWCO12A67020DC0,ARM9HR61187B9AD75A,Ja Rule,One of Us,Rule 3:36,2000.0,356.85832,0.77983324054,0.541519545221,hip hop,Ja Rule; Hip-Hop; east coast rap; 2000; rappers,996.0,215.0,158.347719,0.0,2127.0,TRUUBKE128F426F5C0,2.4014843750000012,,
TRVWTVK128F429AAAB,,,,,,,,,,,,,,,,,TRUUBKE128F426F5C0,,0.6463528621017679,0.6655735905638792
TRBGUJV128E078FE5D,,,,,,,,,,,,,,,,,TRUULBP12903CA9D23,,0.5322735785615352,0.5532563735196885
TRDPGXU128F9339C2A,SOELYON12AB01876A3,ARLHO5Z1187FB4C861,Beastie Boys,B-Boy Bouillabaisse: A.W.O.L. (2009 Digital Remaster),Paul's Boutique (20th Anniversary Remastered Edition),0.0,105.56036,0.853124523276,0.591628024008,hip hop,hip hop; leapsandbounds CDCollection,1746.0,505.0,153.652205,0.0,1055.0,TRUULBP12903CA9D23,,,
TRFUJVJ128F426F2A2,SOONCPO12AF72A1986,AR8W8P31187B9A4063,Lauryn Hill,Interlude 5,MTV Unplugged No. 2.0,2002.0,734.48444,0.697206464376,0.580125198887,r&b/soul,ms hill; the realness; The Truth; true; rnb,1903.0,409.0,215.044182,0.0,1215.0,TRUULBP12903CA9D23,1.3232500000000003,,
TRPCYSR128EF35F745,,,,,,,,,,,,,,,,,TRUULBP12903CA9D23,,0.5441008891197915,0.5617462530236114
TRQAWKR128F425EEC3,SOFHEBR12CF5F892C7,ARXPPEY1187FB51DF4,Michael Jackson,Man In The Mirror,HIStory - PAST_ PRESENT AND FUTURE - Book I,1987.0,319.29424,0.855245195586,0.899991594263,pop,pop; michael jackson; 80s; soul; king of pop,1543.0,135.0,200.024998,0.0,1196.0,TRUULBP12903CA9D23,1.3273906249999998,,
TRWSYHO128F4282346,,,,,,,,,,,,,,,,,TRUULBP12903CA9D23,1.1684843750000002,,
TRXZNNF12903CA6F9B,,,,,,,,,,,,,,,,,TRUULBP12903CA9D23,,0.5403284263397511,0.5577415118492398
TRFUJVJ128F426F2A2,SOONCPO12AF72A1986,AR8W8P31187B9A4063,Lauryn Hill,Interlude 5,MTV Unplugged No. 2.0,2002.0,734.48444,0.697206464376,0.580125198887,r&b/soul,ms hill; the realness; The Truth; true; rnb,1903.0,409.0,215.044182,0.0,2716.0,TRUVBEG128F92F0B48,3.0683999999999996,,
TRLDRYJ128F930BBB4,,,,,,,,,,,,,,,,,TRUVBEG128F92F0B48,2.0829124999999995,0.6521045244466198,0.6683181023375242
TRQAWKR128F425EEC3,SOFHEBR12CF5F892C7,ARXPPEY1187FB51DF4,Michael Jackson,Man In The Mirror,HIStory - PAST_ PRESENT AND FUTURE - Book I,1987.0,319.29424,0.855245195586,0.899991594263,pop,pop; michael jackson; 80s; soul; king of pop,1543.0,135.0,200.024998,0.0,1797.0,TRUVBEG128F92F0B48,,,
TRRXGDP128F933AD43,,,,,,,,,,,,,,,,,TRUVBEG128F92F0B48,,0.6785633382915321,0.6907654148388254
TRSYOTR128E078E784,,,,,,,,,,,,,,,,,TRUVBEG128F92F0B48,,0.6304020480052974,0.6437249161036644
TRWSYHO128F4282346,SOKHOQG12A8C13EBF2,ARSE5NP1187B9B98AB,Twista,I'm A Winner (Amended Album Version),The Day After,2005.0,260.23138,0.889613554744,0.593808365175,hip hop,rap; Hip-Hop; winner in bed twista,1253.0,166.0,218.622963,0.0,2258.0,TRUVBEG128F92F0B48,2.609056249999999,,
TRAVDBM128EF35E257,,,,,,,,,,,,,,,,,TRUVVME12903CBA350,,0.6896416646929413,0.7060299871271949
TRBVPVV128F425F14F,SOOHYOB12CF5F87A28,ARF8HTQ1187B9AE693,Daft Punk,Touch It / Technologic,Alive 2007,2007.0,329.45587,0.844450642835,1.01049028868,electronic,electronic; dance; techno; House; Daft Punk,687.0,175.0,153.756301,0.0,2455.0,TRUVVME12903CBA350,2.8399812500000006,,
TRFUJVJ128F426F2A2,SOONCPO12AF72A1986,AR8W8P31187B9A4063,Lauryn Hill,Interlude 5,MTV Unplugged No. 2.0,2002.0,734.48444,0.697206464376,0.580125198887,r&b/soul,ms hill; the realness; The Truth; true; rnb,1903.0,409.0,215.044182,0.0,4066.0,TRUVVME12903CBA350,4.5029,,
TRGUCIR128F933D817,SORMTGC12A6D4F6C8B,ARQUN9K1187B9B5BD7,Vanilla Ice,Ice Is Workin' It,To The Extreme,1990.0,275.43465,0.722075127339,0.463037021551,hip hop,rap; hiphop; 90s; cool as ice; leapsandbounds CDCollection,898.0,242.0,166.246804,0.0,2498.0,TRUVVME12903CBA350,2.8484499999999993,,
TRJIBBZ128F425149A,,,,,,,,,,,,,,,,,TRUVVME12903CBA350,,,0.6751143643931528
TROCPYO128F92F9ADC,,,,,,,,,,,,,,,,,TRUVVME12903CBA350,,0.6784816334852318,0.6951206402644413
TRPCNVU128F931389D,,,,,,,,,,,,,,,,,TRUVVME12903CBA350,,0.6523434053863244,
TRDPGXU128F9339C2A,SOELYON12AB01876A3,ARLHO5Z1187FB4C861,Beastie Boys,B-Boy Bouillabaisse: A.W.O.L. (2009 Digital Remaster),Paul's Boutique (20th Anniversary Remastered Edition),0.0,105.56036,0.853124523276,0.591628024008,hip hop,hip hop; leapsandbounds CDCollection,1746.0,505.0,153.652205,0.0,1711.0,TRUVZTN128F424B846,1.9252484375000003,,
TRENDJC128F42790D9,,,,,,,,,,,,,,,,,TRUVZTN128F424B846,,0.6857268786540146,0.6979503950069523
TRFUJVJ128F426F2A2,SOONCPO12AF72A1986,AR8W8P31187B9A4063,Lauryn Hill,Interlude 5,MTV Unplugged No. 2.0,2002.0,734.48444,0.697206464376,0.580125198887,r&b/soul,ms hill; the realness; The Truth; true; rnb,1903.0,409.0,215.044182,0.0,1905.0,TRUVZTN128F424B846,2.1259500000000005,,
TRQMVYN128F4250E38,,,,,,,,,,,,,,,,,TRUVZTN128F424B846,,0.9932317150001223,0.9935022053948106
TRWSYHO128F4282346,SOKHOQG12A8C13EBF2,ARSE5NP1187B9B98AB,Twista,I'm A Winner (Amended Album Version),The Day After,2005.0,260.23138,0.889613554744,0.593808365175,hip hop,rap; Hip-Hop; winner in bed twista,1253.0,166.0,218.622963,0.0,1729.0,TRUVZTN128F424B846,1.994403125000001,,
TRXXPYK128F14805B7,,,,,,,,,,,,,,,,,TRUVZTN128F424B846,,0.7034400136386294,0.7150501294849967
TRBIJXE128F93030F5,,,,,,,,,,,,,,,,,TRUWOUE128F14867BF,,0.5509927318464874,0.5702667037524347
TRDPGXU128F9339C2A,SOELYON12AB01876A3,ARLHO5Z1187FB4C861,Beastie Boys,B-Boy Bouillabaisse: A.W.O.L. (2009 Digital Remaster),Paul's Boutique (20th Anniversary Remastered Edition),0.0,105.56036,0.853124523276,0.591628024008,hip hop,hip hop; leapsandbounds CDCollection,1746.0,505.0,153.652205,0.0,1578.0,TRUWOUE128F14867BF,1.7051421874999995,,
TREGDBC128F1467D4A,,,,,,,,,,,,,,,,,TRUWOUE128F14867BF,,0.4969873062473044,
TRFFMKD128F42303A4,,,,,,,,,,,,,,,,,TRUWOUE128F14867BF,,0.49287762778541166,0.5255076659009053
TRFUJVJ128F426F2A2,SOONCPO12AF72A1986,AR8W8P31187B9A4063,Lauryn Hill,Interlude 5,MTV Unplugged No. 2.0,2002.0,734.48444,0.697206464376,0.580125198887,r&b/soul,ms hill; the realness; The Truth; true; rnb,1903.0,409.0,215.044182,0.0,2123.0,TRUWOUE128F14867BF,2.3340499999999995,,
TRMRIMS128F4261D3A,,,,,,,,,,,,,,,,,TRUWOUE128F14867BF,,,0.5217648492943788
TRWSYHO128F4282346,SOKHOQG12A8C13EBF2,ARSE5NP1187B9B98AB,Twista,I'm A Winner (Amended Album Version),The Day After,2005.0,260.23138,0.889613554744,0.593808365175,hip hop,rap; Hip-Hop; winner in bed twista,1253.0,166.0,218.622963,0.0,1533.0,TRUWOUE128F14867BF,1.7073156249999994,,
TREUZWP128F421CBB7,,,,,,,,,,,,,,,,,TRUXYDP128F93234BD,,0.7946808589311789,0.802752120542994
TREXHBK128F9312A37,,,,,,,,,,,,,,,,,TRUXYDP128F93234BD,,0.8218904041266796,0.8285183629788707
TRFUJVJ128F426F2A2,SOONCPO12AF72A1986,AR8W8P31187B9A4063,Lauryn Hill,Interlude 5,MTV Unplugged No. 2.0,2002.0,734.48444,0.697206464376,0.580125198887,r&b/soul,ms hill; the realness; The Truth; true; rnb,1903.0,409.0,215.044182,0.0,5210.0,TRUXYDP128F93234BD,6.096199999999999,,
TRUGLTC128F4227B93,SOUSFNM12A6D4FCDAD,AR4503S1187FB43199,Danity Kane,Hold Me Down (Album Version),Danity Kane,2006.0,237.60934,0.854297752323,0.531302988552,r&b/soul,dance; Hold Me Down; Danity Kane; rnb; party,766.0,149.0,159.499216,0.0,3817.0,TRUXYDP128F93234BD,4.578371875000001,,
TRVDUQM128F42932E4,,,,,,,,,,,,,,,,,TRUXYDP128F93234BD,,0.7936992085754503,0.8016222610211802
TRWSYHO128F4282346,SOKHOQG12A8C13EBF2,ARSE5NP1187B9B98AB,Twista,I'm A Winner (Amended Album Version),The Day After,2005.0,260.23138,0.889613554744,0.593808365175,hip hop,rap; Hip-Hop; winner in bed twista,1253.0,166.0,218.622963,0.0,4547.0,TRUXYDP128F93234BD,5.411684375000002,,
TRDPGXU128F9339C2A,SOELYON12AB01876A3,ARLHO5Z1187FB4C861,Beastie Boys,B-Boy Bouillabaisse: A.W.O.L. (2009 Digital Remaster),Paul's Boutique (20th Anniversary Remastered Edition),0.0,105.56036,0.853124523276,0.591628024008,hip hop,hip hop; leapsandbounds CDCollection,1746.0,505.0,153.652205,0.0,2554.0,TRVBSAC128F42B6438,2.8674390625,,
TRFUJVJ128F426F2A2,SOONCPO12AF72A1986,AR8W8P31187B9A4063,Lauryn Hill,Interlude 5,MTV Unplugged No. 2.0,2002.0,734.48444,0.697206464376,0.580125198887,r&b/soul,ms hill; the realness; The Truth; true; rnb,1903.0,409.0,215.044182,0.0,2692.0,TRVBSAC128F42B6438,2.9763000000000006,,
TRMMKHM128E078EFB3,,,,,,,,,,,,,,,,,TRVBSAC128F42B6438,,0.6467640477207828,0.6548276156745451
TRUYHIL128F92E4B2C,,,,,,,,,,,,,,,,,TRVBSAC128F42B6438,,0.6301345510454438,0.6392556245833328
TRWKDZE128F1451EAC,,,,,,,,,,,,,,,,,TRVBSAC128F42B6438,,0.6311256320471385,0.6423193478847731
TRWSYHO128F4282346,SOKHOQG12A8C13EBF2,ARSE5NP1187B9B98AB,Twista,I'm A Winner (Amended Album Version),The Day After,2005.0,260.23138,0.889613554744,0.593808365175,hip hop,rap; Hip-Hop; winner in bed twista,1253.0,166.0,218.622963,0.0,2693.0,TRVBSAC128F42B6438,3.1122218750000004,,
TRCRGKS128F92C57A8,,,,,,,,,,,,,,,,,TRVDAHO128F92F231E,,0.8429231955349042,0.8453425561130551
TRFUJVJ128F426F2A2,SOONCPO12AF72A1986,AR8W8P31187B9A4063,Lauryn Hill,Interlude 5,MTV Unplugged No. 2.0,2002.0,734.48444,0.697206464376,0.580125198887,r&b/soul,ms hill; the realness; The Truth; true; rnb,1903.0,409.0,215.044182,0.0,12488.0,TRVDAHO128F92F231E,14.678500000000001,,
TRGLNKG128F9307689,SOFVLYU12AB017F502,ARTH9041187FB43E1F,Eminem,My Darling,Relapse [Deluxe],2009.0,320.49587,0.871010615313,0.879236744738,hip hop,rap; detroit; Hip-Hop; Horrorcore; MOONH8SUN,1055.0,293.0,140.089257,0.0,8864.0,TRVDAHO128F92F231E,10.509835937500004,,
TRHZNFT128F4292FE4,,,,,,,,,,,,,,,,,TRVDAHO128F92F231E,,0.8796194992871721,0.8817949394087483
TRWSYHO128F4282346,SOKHOQG12A8C13EBF2,ARSE5NP1187B9B98AB,Twista,I'm A Winner (Amended Album Version),The Day After,2005.0,260.23138,0.889613554744,0.593808365175,hip hop,rap; Hip-Hop; winner in bed twista,1253.0,166.0,218.622963,0.0,10641.0,TRVDAHO128F92F231E,12.692484375000001,,
TRYMECK128F428253F,,,,,,,,,,,,,,,,,TRVDAHO128F92F231E,,0.8460667496659492,0.8488816012487144
TRBTXNE12903CB6528,,,,,,,,,,,,,,,,,TRVEUUV128F428AB29,,0.5125275773256077,0.5410841543810523
TRDPGXU128F9339C2A,SOELYON12AB01876A3,ARLHO5Z1187FB4C861,Beastie Boys,B-Boy Bouillabaisse: A.W.O.L. (2009 Digital Remaster),Paul's Boutique (20th Anniversary Remastered Edition),0.0,105.56036,0.853124523276,0.591628024008,hip hop,hip hop; leapsandbounds CDCollection,1746.0,505.0,153.652205,0.0,1270.0,TRVEUUV128F428AB29,1.3778453124999996,,
TRFLWJZ128F425C9E4,SOZTZRR12A58A80C97,AR82DJK1187B991107,The Pharcyde,Otha Fish,Bizarre Ride II The Pharcyde,1992.0,321.43628,0.756063870843,0.491468881637,hip hop,Hip-Hop; hip hop; oldschool; rap; oldskool,997.0,247.0,147.895233,0.0,1039.0,TRVEUUV128F428AB29,1.1684609374999995,,
TRFUJVJ128F426F2A2,SOONCPO12AF72A1986,AR8W8P31187B9A4063,Lauryn Hill,Interlude 5,MTV Unplugged No. 2.0,2002.0,734.48444,0.697206464376,0.580125198887,r&b/soul,ms hill; the realness; The Truth; true; rnb,1903.0,409.0,215.044182,0.0,1348.0,TRVEUUV128F428AB29,1.4343000000000001,,
TRIVTJA128F92C1E80,,,,,,,,,,,,,,,,,TRVEUUV128F428AB29,,0.5736460434956597,0.5945963053240351
TRKSDRG128F4285384,,,,,,,,,,,,,,,,,TRVEUUV128F428AB29,,,0.5305787019362456
TRPIFNP128F42734C3,,,,,,,,,,,,,,,,,TRVEUUV128F428AB29,,0.5063887005084186,
TRDOJIR128F42840C0,SODNFOU12A8C138A6E,AR3PN3R1187FB4CEBD,Horace Andy,Horse With No Name,Mek It Bun,2002.0,236.01587,0.626436381752,0.374271173856,reggae,roots reggae; great songs; animals; lala; OC,444.0,106.0,147.702404,0.0,434.0,TRVFSWI128F42ACE94,0.5223750000000005,,
TRGNRZC128F146D620,,,,,,,,,,,,,,,,,TRVFSWI128F42ACE94,,0.7834470209670638,0.786174672285308
TRJQRGK128F42A8AF9,,,,,,,,,,,,,,,,,TRVFSWI128F42ACE94,,0.736220774029194,0.7397016455482035
TRKKUWM128F92E4E1C,SOHEIBB12AB01827CA,AR4T2NV1187B997CF3,Gemelli Diversi,Istruzioni Per L'(Ill)uso,Istruzioni per l'(ill)uso,2009.0,250.33098,0.641150864963,0.460028873289,hip hop,Hip Hop Italiano; italian; Jeff Mills; 123,413.0,102.0,59.388551,0.0,407.0,TRVFSWI128F42ACE94,0.49567968749999897,,
TRMUOCQ128F92EB38B,,,,,,,,,,,,,,,,,TRVFSWI128F42ACE94,,0.7765437410035315,0.7797835311013779
TRZZQIP128F92EFEAD,SOUGPPL12AB018555B,ART50HO1187FB4D0ED,Abba,Move On,The Albums,1977.0,282.72281,0.74865929586,0.575691128555,pop,pop; 70s; abba; Disco; swedish,526.0,107.0,161.959872,0.0,468.0,TRVFSWI128F42ACE94,0.5626328124999997,,
TRDPGXU128F9339C2A,SOELYON12AB01876A3,ARLHO5Z1187FB4C861,Beastie Boys,B-Boy Bouillabaisse: A.W.O.L. (2009 Digital Remaster),Paul's Boutique (20th Anniversary Remastered Edition),0.0,105.56036,0.853124523276,0.591628024008,hip hop,hip hop; leapsandbounds CDCollection,1746.0,505.0,153.652205,0.0,2420.0,TRVHKNP128F429DDCE,2.628771875,,
TRFUJVJ128F426F2A2,SOONCPO12AF72A1986,AR8W8P31187B9A4063,Lauryn Hill,Interlude 5,MTV Unplugged No. 2.0,2002.0,734.48444,0.697206464376,0.580125198887,r&b/soul,ms hill; the realness; The Truth; true; rnb,1903.0,409.0,215.044182,0.0,3135.0,TRVHKNP128F429DDCE,3.44495,,
TRLBPSP128C719660D,,,,,,,,,,,,,,,,,TRVHKNP128F429DDCE,,0.5007177731307311,
TRQDUMO128F92E3896,,,,,,,,,,,,,,,,,TRVHKNP128F429DDCE,,,0.5242725953050008
TRQWDLC128F93278E5,,,,,,,,,,,,,,,,,TRVHKNP128F429DDCE,,0.516880883805297,0.5377272114850229
TRWSYHO128F4282346,SOKHOQG12A8C13EBF2,ARSE5NP1187B9B98AB,Twista,I'm A Winner (Amended Album Version),The Day After,2005.0,260.23138,0.889613554744,0.593808365175,hip hop,rap; Hip-Hop; winner in bed twista,1253.0,166.0,218.622963,0.0,2542.0,TRVHKNP128F429DDCE,2.86785625,,
TRYGDDQ128F42653A4,,,,,,,,,,,,,,,,,TRVHKNP128F429DDCE,,0.4999485310299607,0.5239390877455391
TRDPGXU128F9339C2A,SOELYON12AB01876A3,ARLHO5Z1187FB4C861,Beastie Boys,B-Boy Bouillabaisse: A.W.O.L. (2009 Digital Remaster),Paul's Boutique (20th Anniversary Remastered Edition),0.0,105.56036,0.853124523276,0.591628024008,hip hop,hip hop; leapsandbounds CDCollection,1746.0,505.0,153.652205,0.0,2308.0,TRVIFKS128F426813A,2.5926374999999995,,
TRFFSMS128F428BC88,SOEMVNF12A8C13C53A,ARDCFNZ1187FB3DDB0,Enrique Iglesias,Miss You,Insomniac,2007.0,201.24689,0.827357260054,0.752927890401,latin,latin; Love; dance; Enrique Iglesias; favourite,488.0,58.0,131.419177,0.0,2142.0,TRVIFKS128F426813A,2.564687499999997,,
TRFUJVJ128F426F2A2,SOONCPO12AF72A1986,AR8W8P31187B9A4063,Lauryn Hill,Interlude 5,MTV Unplugged No. 2.0,2002.0,734.48444,0.697206464376,0.580125198887,r&b/soul,ms hill; the realness; The Truth; true; rnb,1903.0,409.0,215.044182,0.0,2491.0,TRVIFKS128F426813A,2.7641499999999994,,
TRHTXYK128F4293EEC,,,,,,,,,,,,,,,,,TRVIFKS128F426813A,,0.719086071715327,0.730685325394385
TRXDCIY128F93112FB,,,,,,,,,,,,,,,,,TRVIFKS128F426813A,,0.6929569638575332,0.7059013632518532
TRZZKOL128F93112EF,,,,,,,,,,,,,,,,,TRVIFKS128F426813A,,0.6732635960442215,0.685946789689363
TRBYTSU128F4253708,,,,,,,,,,,,,,,,,TRVJTNA128F934D19D,,0.6297434736907225,0.639052040676579
TRDPGXU128F9339C2A,SOELYON12AB01876A3,ARLHO5Z1187FB4C861,Beastie Boys,B-Boy Bouillabaisse: A.W.O.L. (2009 Digital Remaster),Paul's Boutique (20th Anniversary Remastered Edition),0.0,105.56036,0.853124523276,0.591628024008,hip hop,hip hop; leapsandbounds CDCollection,1746.0,505.0,153.652205,0.0,1150.0,TRVJTNA128F934D19D,,,
TRDRPZZ128F421D0DA,,,,,,,,,,,,,,,,,TRVJTNA128F934D19D,,0.6311563772142189,0.6414269805898185
TRFUJVJ128F426F2A2,SOONCPO12AF72A1986,AR8W8P31187B9A4063,Lauryn Hill,Interlude 5,MTV Unplugged No. 2.0,2002.0,734.48444,0.697206464376,0.580125198887,r&b/soul,ms hill; the realness; The Truth; true; rnb,1903.0,409.0,215.044182,0.0,2013.0,TRVJTNA128F934D19D,2.249449999999999,,
TRPUDOQ128F9344F23,,,,,,,,,,,,,,,,,TRVJTNA128F934D19D,,0.6314949282611061,0.6419693117332821
TRTLIKK128E07862DA,SOKTWCO12A67020DC0,ARM9HR61187B9AD75A,Ja Rule,One of Us,Rule 3:36,2000.0,356.85832,0.77983324054,0.541519545221,hip hop,Ja Rule; Hip-Hop; east coast rap; 2000; rappers,996.0,215.0,158.347719,0.0,1452.0,TRVJTNA128F934D19D,1.6536875000000006,,
TRWAMJL128F92D124B,,,,,,,,,,,,,,,,,TRVJTNA128F934D19D,1.3471499999999994,,
TRDPGXU128F9339C2A,SOELYON12AB01876A3,ARLHO5Z1187FB4C861,Beastie Boys,B-Boy Bouillabaisse: A.W.O.L. (2009 Digital Remaster),Paul's Boutique (20th Anniversary Remastered Edition),0.0,105.56036,0.853124523276,0.591628024008,hip hop,hip hop; leapsandbounds CDCollection,1746.0,505.0,153.652205,0.0,1480.0,TRVKLGW12903CB4523,1.7192062499999998,,
TRFSQXF128F9311B25,,,,,,,,,,,,,,,,,TRVKLGW12903CB4523,,0.7519388605715462,0.7553117160686514
TRFUJVJ128F426F2A2,SOONCPO12AF72A1986,AR8W8P31187B9A4063,Lauryn Hill,Interlude 5,MTV Unplugged No. 2.0,2002.0,734.48444,0.697206464376,0.580125198887,r&b/soul,ms hill; the realness; The Truth; true; rnb,1903.0,409.0,215.044182,0.0,1486.0,TRVKLGW12903CB4523,,,
TRGZDBB128F4270A4C,,,,,,,,,,,,,,,,,TRVKLGW12903CB4523,,0.7786412276587296,0.7834660807446496
TROIJDA128F9341E70,SOCUXGX12A8C13B78C,ARLMXEA1187B9A7D04,R. Kelly,I Mean (I Don't Mean It),TP-2.com,2000.0,205.00853,0.811092052861,0.783843023046,r&b/soul,soul; rnb; english lyrics; SDZ,701.0,190.0,135.443715,0.0,1471.0,TRVKLGW12903CB4523,1.7725562499999998,,
TRSXWSL128F933DFE5,,,,,,,,,,,,,,,,,TRVKLGW12903CB4523,,0.7472018993356749,0.7532525144739896
TRVJCDB128F4263466,,,,,,,,,,,,,,,,,TRVKLGW12903CB4523,1.7113249999999989,,
TRBWKZD128F428AAEB,,,,,,,,,,,,,,,,,TRVLECJ128E078235B,,0.7770050661458122,0.7842282792838822
TRDPGXU128F9339C2A,SOELYON12AB01876A3,ARLHO5Z1187FB4C861,Beastie Boys,B-Boy Bouillabaisse: A.W.O.L. (2009 Digital Remaster),Paul's Boutique (20th Anniversary Remastered Edition),0.0,105.56036,0.853124523276,0.591628024008,hip hop,hip hop; leapsandbounds CDCollection,1746.0,505.0,153.652205,0.0,5200.0,TRVLECJ128E078235B,6.051839062500001,,
TREBGAA128E078FC52,SOVYGAV12A58A7C3A9,AR24DZB1187FB3C869,Erykah Badu,I Want You,Worldwide Underground,2003.0,653.13914,0.855731901717,0.584841725537,r&b/soul,soul; Neo-Soul; female vocalists; rnb; Erykah Badu,617.0,98.0,153.163312,0.0,4562.0,TRVLECJ128E078235B,5.505542187499999,,
TRFUJVJ128F426F2A2,SOONCPO12AF72A1986,AR8W8P31187B9A4063,Lauryn Hill,Interlude 5,MTV Unplugged No. 2.0,2002.0,734.48444,0.697206464376,0.580125198887,r&b/soul,ms hill; the realness; The Truth; true; rnb,1903.0,409.0,215.044182,0.0,4868.0,TRVLECJ128E078235B,5.549100000000001,,
TRHEDYV128F14856FC,,,,,,,,,,,,,,,,,TRVLECJ128E078235B,,0.7470661000618798,0.7541778427106477
TRSTJFQ128F428DA21,,,,,,,,,,,,,,,,,TRVLECJ128E078235B,,0.7283906212623208,0.7360537918528917
TRBJXPW128F428D3CD,,,,,,,,,,,,,,,,,TRVMLEW128F425A82D,,0.7399541216536968,0.7551371391488695
TREBGAA128E078FC52,,,,,,,,,,,,,,,,,TRVMLEW128F425A82D,5.601496874999999,,
TRFUJVJ128F426F2A2,SOONCPO12AF72A1986,AR8W8P31187B9A4063,Lauryn Hill,Interlude 5,MTV Unplugged No. 2.0,2002.0,734.48444,0.697206464376,0.580125198887,r&b/soul,ms hill; the realness; The Truth; true; rnb,1903.0,409.0,215.044182,0.0,7461.0,TRVMLEW128F425A82D,8.49365,,
TRQAWKR128F425EEC3,SOFHEBR12CF5F892C7,ARXPPEY1187FB51DF4,Michael Jackson,Man In The Mirror,HIStory - PAST_ PRESENT AND FUTURE - Book I,1987.0,319.29424,0.855245195586,0.899991594263,pop,pop; michael jackson; 80s; soul; king of pop,1543.0,135.0,200.024998,0.0,4925.0,TRVMLEW128F425A82D,,,
TRQDCPN128F1453C8B,,,,,,,,,,,,,,,,,TRVMLEW128F425A82D,,0.7430032656307037,0.7530481842462741
TRQYUKJ12903C9A1CE,,,,,,,,,,,,,,,,,TRVMLEW128F425A82D,,0.7502114586580462,0.7595553601981182
TRWSYHO128F4282346,SOKHOQG12A8C13EBF2,ARSE5NP1187B9B98AB,Twista,I'm A Winner (Amended Album Version),The Day After,2005.0,260.23138,0.889613554744,0.593808365175,hip hop,rap; Hip-Hop; winner in bed twista,1253.0,166.0,218.622963,0.0,5484.0,TRVMLEW128F425A82D,6.310868750000001,,
TRDPGXU128F9339C2A,SOELYON12AB01876A3,ARLHO5Z1187FB4C861,Beastie Boys,B-Boy Bouillabaisse: A.W.O.L. (2009 Digital Remaster),Paul's Boutique (20th Anniversary Remastered Edition),0.0,105.56036,0.853124523276,0.591628024008,hip hop,hip hop; leapsandbounds CDCollection,1746.0,505.0,153.652205,0.0,2153.0,TRVOTRF128F148AE44,2.316179687499999,,
TRDUPRE128F92E9E79,,,,,,,,,,,,,,,,,TRVOTRF128F148AE44,,0.5711380002276882,0.5939071978394765
TRFBASZ128F42317D3,,,,,,,,,,,,,,,,,TRVOTRF128F148AE44,,0.5739599552329874,0.5927209844460312
TRFUJVJ128F426F2A2,SOONCPO12AF72A1986,AR8W8P31187B9A4063,Lauryn Hill,Interlude 5,MTV Unplugged No. 2.0,2002.0,734.48444,0.697206464376,0.580125198887,r&b/soul,ms hill; the realness; The Truth; true; rnb,1903.0,409.0,215.044182,0.0,2719.0,TRVOTRF128F148AE44,2.9502500000000005,,
TRGLNKG128F9307689,SOFVLYU12AB017F502,ARTH9041187FB43E1F,Eminem,My Darling,Relapse [Deluxe],2009.0,320.49587,0.871010615313,0.879236744738,hip hop,rap; detroit; Hip-Hop; Horrorcore; MOONH8SUN,1055.0,293.0,140.089257,0.0,1924.0,TRVOTRF128F148AE44,,,
TRHNOMB12903CB2544,,,,,,,,,,,,,,,,,TRVOTRF128F148AE44,2.142585937500001,,
TROKRFB12903CA43AC,,,,,,,,,,,,,,,,,TRVOTRF128F148AE44,,,0.5881893376910972
TRVWMKK128F422AD41,,,,,,,,,,,,,,,,,TRVOTRF128F148AE44,,0.5653855607305281,
TRDPGXU128F9339C2A,SOELYON12AB01876A3,ARLHO5Z1187FB4C861,Beastie Boys,B-Boy Bouillabaisse: A.W.O.L. (2009 Digital Remaster),Paul's Boutique (20th Anniversary Remastered Edition),0.0,105.56036,0.853124523276,0.591628024008,hip hop,hip hop; leapsandbounds CDCollection,1746.0,505.0,153.652205,0.0,1689.0,TRVPMSA128F9331D03,1.8823609375,,
TREBGAA128E078FC52,SOVYGAV12A58A7C3A9,AR24DZB1187FB3C869,Erykah Badu,I Want You,Worldwide Underground,2003.0,653.13914,0.855731901717,0.584841725537,r&b/soul,soul; Neo-Soul; female vocalists; rnb; Erykah Badu,617.0,98.0,153.163312,0.0,1448.0,TRVPMSA128F9331D03,1.709407812500001,,
TRFUJVJ128F426F2A2,SOONCPO12AF72A1986,AR8W8P31187B9A4063,Lauryn Hill,Interlude 5,MTV Unplugged No. 2.0,2002.0,734.48444,0.697206464376,0.580125198887,r&b/soul,ms hill; the realness; The Truth; true; rnb,1903.0,409.0,215.044182,0.0,1523.0,TRVPMSA128F9331D03,1.63005,,
TRQILML128F4262175,,,,,,,,,,,,,,,,,TRVPMSA128F9331D03,,0.5270964997743133,0.5432249025218393
TRSWKNA128F9309B44,,,,,,,,,,,,,,,,,TRVPMSA128F9331D03,,0.555350194674825,0.5705951008000594
TRTKXNY12903CB661C,,,,,,,,,,,,,,,,,TRVPMSA128F9331D03,,0.5370830567350922,0.5592928659148159
TRDPGXU128F9339C2A,SOELYON12AB01876A3,ARLHO5Z1187FB4C861,Beastie Boys,B-Boy Bouillabaisse: A.W.O.L. (2009 Digital Remaster),Paul's Boutique (20th Anniversary Remastered Edition),0.0,105.56036,0.853124523276,0.591628024008,hip hop,hip hop; leapsandbounds CDCollection,1746.0,505.0,153.652205,0.0,2885.0,TRVPPSC128F92EC9C2,3.146548437499999,,
TREAJBV12903CCDA96,,,,,,,,,,,,,,,,,TRVPPSC128F92EC9C2,,0.5647730470505998,
TRFUJVJ128F426F2A2,SOONCPO12AF72A1986,AR8W8P31187B9A4063,Lauryn Hill,Interlude 5,MTV Unplugged No. 2.0,2002.0,734.48444,0.697206464376,0.580125198887,r&b/soul,ms hill; the realness; The Truth; true; rnb,1903.0,409.0,215.044182,0.0,3451.0,TRVPPSC128F92EC9C2,3.764050000000001,,
TRSIRKX128F4291CAF,,,,,,,,,,,,,,,,,TRVPPSC128F92EC9C2,,0.5675247802629383,0.5855376817908355
TRURXJP128F42A2496,,,,,,,,,,,,,,,,,TRVPPSC128F92EC9C2,,0.6046069189830104,0.6260203823237321
TRWSYHO128F4282346,SOKHOQG12A8C13EBF2,ARSE5NP1187B9B98AB,Twista,I'm A Winner (Amended Album Version),The Day After,2005.0,260.23138,0.889613554744,0.593808365175,hip hop,rap; Hip-Hop; winner in bed twista,1253.0,166.0,218.622963,0.0,3062.0,TRVPPSC128F92EC9C2,3.468253125,,
TRZLNPM128F42B3BF5,,,,,,,,,,,,,,,,,TRVPPSC128F92EC9C2,,,0.5933196980061832
TRDPGXU128F9339C2A,SOELYON12AB01876A3,ARLHO5Z1187FB4C861,Beastie Boys,B-Boy Bouillabaisse: A.W.O.L. (2009 Digital Remaster),Paul's Boutique (20th Anniversary Remastered Edition),0.0,105.56036,0.853124523276,0.591628024008,hip hop,hip hop; leapsandbounds CDCollection,1746.0,505.0,153.652205,0.0,3262.0,TRVQBRZ128F423EEDC,3.721664062499999,,
TRDSUZH128F425BAC3,,,,,,,,,,,,,,,,,TRVQBRZ128F423EEDC,,0.7582330870357527,0.7702018377557985
TRFOGZN128F42882B5,,,,,,,,,,,,,,,,,TRVQBRZ128F423EEDC,,,0.7676113742511766
TRFUJVJ128F426F2A2,SOONCPO12AF72A1986,AR8W8P31187B9A4063,Lauryn Hill,Interlude 5,MTV Unplugged No. 2.0,2002.0,734.48444,0.697206464376,0.580125198887,r&b/soul,ms hill; the realness; The Truth; true; rnb,1903.0,409.0,215.044182,0.0,3474.0,TRVQBRZ128F423EEDC,3.9169999999999994,,
TROSKLK128F145806A,,,,,,,,,,,,,,,,,TRVQBRZ128F423EEDC,,0.7549613622930049,
TRTVTYS128E0792887,,,,,,,,,,,,,,,,,TRVQBRZ128F423EEDC,,0.7562221914571865,0.7697022889326173
TRWSYHO128F4282346,SOKHOQG12A8C13EBF2,ARSE5NP1187B9B98AB,Twista,I'm A Winner (Amended Album Version),The Day After,2005.0,260.23138,0.889613554744,0.593808365175,hip hop,rap; Hip-Hop; winner in bed twista,1253.0,166.0,218.622963,0.0,2985.0,TRVQBRZ128F423EEDC,3.4531718750000007,,
TRCHZXW128E079288A,SOMEJDK12D0219BB71,ARTH9041187FB43E1F,Eminem,8 Mile,8 Mile,2002.0,359.3922,0.886183647684,0.852677055416,hip hop,rap; Hip-Hop; Eminem; Soundtrack; hip hop,1141.0,328.0,132.992481,0.0,3736.0,TRVQHEV128F4259AB2,4.520489062499999,,
TRDPGXU128F9339C2A,SOELYON12AB01876A3,ARLHO5Z1187FB4C861,Beastie Boys,B-Boy Bouillabaisse: A.W.O.L. (2009 Digital Remaster),Paul's Boutique (20th Anniversary Remastered Edition),0.0,105.56036,0.853124523276,0.591628024008,hip hop,hip hop; leapsandbounds CDCollection,1746.0,505.0,153.652205,0.0,4261.0,TRVQHEV128F4259AB2,5.128135937499999,,
TRFTCVG128F4231AB1,,,,,,,,,,,,,,,,,TRVQHEV128F4259AB2,,0.8083592999904643,0.8080586112382928
TRFUJVJ128F426F2A2,SOONCPO12AF72A1986,AR8W8P31187B9A4063,Lauryn Hill,Interlude 5,MTV Unplugged No. 2.0,2002.0,734.48444,0.697206464376,0.580125198887,r&b/soul,ms hill; the realness; The Truth; true; rnb,1903.0,409.0,215.044182,0.0,4325.0,TRVQHEV128F4259AB2,5.169350000000003,,
TRGLGNR128F1487A6F,,,,,,,,,,,,,,,,,TRVQHEV128F4259AB2,,0.8522473054478329,0.8509200911589332
TRZPHVT128F4298109,,,,,,,,,,,,,,,,,TRVQHEV128F4259AB2,,0.8161598467740885,0.8132895579234755
TRNZIBT128F427CC40,,,,,,,,,,,,,,,,,TRVRPTI128F92EB390,,0.5932097832665283,0.600584856955925
TRQXUSM128F4223ED1,,,,,,,,,,,,,,,,,TRVRPTI128F92EB390,,0.5830311984479132,0.5906755821949019
TRRKWPY12903CAAC5D,SOUEYGS12AB0189345,ARFY9RL1187B9AE9AF,Johnny Prez,Te Vuelvo Loca,El Dragon,0.0,230.05995,0.531225462552,0.314265591942,reggae,Reggaeton; Marc Anthony; gatowope; johnny prez; reggaeton Romantica,407.0,103.0,73.525506,0.0,560.0,TRVRPTI128F92EB390,0.6758500000000004,,
TRSVRQN128F42722CC,SOKHKIM12A8C13BE29,ARPVMJZ1187FB48D2D,Willie Colon,Gitana,Salsa Legende - Best of Willie Colon,1984.0,414.85016,0.62162943785,0.519120079762,latin,latin; Willie Colon; para el amor lejano; cuba; Pop Latino,458.0,114.0,80.548122,0.0,524.0,TRVRPTI128F92EB390,0.6304000000000002,,
TRTHNFG12903D0CE54,SONCVPT12AC468B123,AR1ZHZ51187FB37FEC,Violadores del Verso,Dale tiempo al rumor,Vivir Para Contarlo,2006.0,370.02404,0.658189532108,0.524275367928,hip hop,spanish; Hip-Hop; subelamusica; spanish rap; Doble V,749.0,199.0,99.95499,0.0,563.0,TRVRPTI128F92EB390,0.6657249999999998,,
TRYYIRY128F93171A0,,,,,,,,,,,,,,,,,TRVRPTI128F92EB390,,0.5971893382153629,0.6048569845242214
TRDJFEZ128F932AAEE,,,,,,,,,,,,,,,,,TRVSWGN12903CB4A44,,0.46619372347180865,0.4724215712163083
TRFUJVJ128F426F2A2,SOONCPO12AF72A1986,AR8W8P31187B9A4063,Lauryn Hill,Interlude 5,MTV Unplugged No. 2.0,2002.0,734.48444,0.697206464376,0.580125198887,r&b/soul,ms hill; the realness; The Truth; true; rnb,1903.0,409.0,215.044182,0.0,704.0,TRVSWGN12903CB4A44,,,
TRISBQQ128F93217A2,,,,,,,,,,,,,,,,,TRVSWGN12903CB4A44,0.7318593750000002,,
TRJCGEW12903CDB113,,,,,,,,,,,,,,,,,TRVSWGN12903CB4A44,,0.47866972395720064,0.48546523634969974
TROLEFX128E078BD4F,SOHLWJB12A6701DD9E,ARJVBCE1187B9B30DB,C-Block,My Life,General Population,0.0,215.45751,0.500073289213,0.357693411258,hip hop,dance; 90s; life; hiphop; rap,499.0,186.0,104.909485,0.0,772.0,TRVSWGN12903CB4A44,0.9190718750000001,,
TRRSNPA128F148C45E,SOIUOEW12A67021D3D,AR8RXRI1187FB4104B,The Roots,Mellow My Man,From The Ground Up,0.0,288.31302,0.862795413749,0.600282490747,hip hop,Hip-Hop; jazzy; the roots; rap; hip hop,886.0,270.0,117.358425,0.0,922.0,TRVSWGN12903CB4A44,1.0816671875000015,,
TRXLZMH128F427F6AC,,,,,,,,,,,,,,,,,TRVSWGN12903CB4A44,,0.4647927350523458,0.4729423261260961
TRCHZXW128E079288A,SOMEJDK12D0219BB71,ARTH9041187FB43E1F,Eminem,8 Mile,8 Mile,2002.0,359.3922,0.886183647684,0.852677055416,hip hop,rap; Hip-Hop; Eminem; Soundtrack; hip hop,1141.0,328.0,132.992481,0.0,1918.0,TRVTZTY128E0781E22,2.2189578125000007,,
TRDPGXU128F9339C2A,SOELYON12AB01876A3,ARLHO5Z1187FB4C861,Beastie Boys,B-Boy Bouillabaisse: A.W.O.L. (2009 Digital Remaster),Paul's Boutique (20th Anniversary Remastered Edition),0.0,105.56036,0.853124523276,0.591628024008,hip hop,hip hop; leapsandbounds CDCollection,1746.0,505.0,153.652205,0.0,1910.0,TRVTZTY128E0781E22,2.1509171875,,
TRFUJVJ128F426F2A2,SOONCPO12AF72A1986,AR8W8P31187B9A4063,Lauryn Hill,Interlude 5,MTV Unplugged No. 2.0,2002.0,734.48444,0.697206464376,0.580125198887,r&b/soul,ms hill; the realness; The Truth; true; rnb,1903.0,409.0,215.044182,0.0,2040.0,TRVTZTY128E0781E22,2.2671000000000006,,
TRJXWSW12903CC98F4,,,,,,,,,,,,,,,,,TRVTZTY128E0781E22,,0.6845272326785381,0.6988777445436104
TRSGBEL128F1499690,,,,,,,,,,,,,,,,,TRVTZTY128E0781E22,,0.6890165037624522,0.7032499873591423
TRWILVQ128F42644B3,,,,,,,,,,,,,,,,,TRVTZTY128E0781E22,,0.6842322746480585,0.6971662373840478
TRDPGXU128F9339C2A,SOELYON12AB01876A3,ARLHO5Z1187FB4C861,Beastie Boys,B-Boy Bouillabaisse: A.W.O.L. (2009 Digital Remaster),Paul's Boutique (20th Anniversary Remastered Edition),0.0,105.56036,0.853124523276,0.591628024008,hip hop,hip hop; leapsandbounds CDCollection,1746.0,505.0,153.652205,0.0,1625.0,TRVUYIL128F4275FAD,1.82351875,,
TREFQCV128F92FC88B,,,,,,,,,,,,,,,,,TRVUYIL128F4275FAD,,0.5697915434614332,0.5832268370598154
TRFUJVJ128F426F2A2,SOONCPO12AF72A1986,AR8W8P31187B9A4063,Lauryn Hill,Interlude 5,MTV Unplugged No. 2.0,2002.0,734.48444,0.697206464376,0.580125198887,r&b/soul,ms hill; the realness; The Truth; true; rnb,1903.0,409.0,215.044182,0.0,2218.0,TRVUYIL128F4275FAD,2.5241000000000016,,
TRLUXWO128F14618D6,SOMHBOP12A6D4F9509,AR0CANF1187B9AF35F,Dilated Peoples,Expansion Team Theme,Expansion Team,2001.0,275.59138,0.804838888827,0.457841156094,hip hop,Hip-Hop; underground rap; decent; murzyny shit; play 1,714.0,183.0,99.724621,0.0,1563.0,TRVUYIL128F4275FAD,1.8627937500000036,0.6324604352912848,0.6430775696660427
TRTYQXA128F147F7F8,,,,,,,,,,,,,,,,,TRVUYIL128F4275FAD,,0.574539740774162,0.5877345201340949
TREBGAA128E078FC52,SOVYGAV12A58A7C3A9,AR24DZB1187FB3C869,Erykah Badu,I Want You,Worldwide Underground,2003.0,653.13914,0.855731901717,0.584841725537,r&b/soul,soul; Neo-Soul; female vocalists; rnb; Erykah Badu,617.0,98.0,153.163312,0.0,6549.0,TRVWMAR128F425A2DA,7.973231250000001,,
TRFUJVJ128F426F2A2,SOONCPO12AF72A1986,AR8W8P31187B9A4063,Lauryn Hill,Interlude 5,MTV Unplugged No. 2.0,2002.0,734.48444,0.697206464376,0.580125198887,r&b/soul,ms hill; the realness; The Truth; true; rnb,1903.0,409.0,215.044182,0.0,7112.0,TRVWMAR128F425A2DA,8.310400000000001,,
TRKERVB128F145B6DB,,,,,,,,,,,,,,,,,TRVWMAR128F425A2DA,,0.777288213128718,0.7833750247726515
TRNPSMI128F14A8E06,,,,,,,,,,,,,,,,,TRVWMAR128F425A2DA,,0.7801241176967904,0.7856285670674079
TROHCKX128F42ADF06,,,,,,,,,,,,,,,,,TRVWMAR128F425A2DA,,0.8140767045237226,0.8184781019138007
TRWSYHO128F4282346,SOKHOQG12A8C13EBF2,ARSE5NP1187B9B98AB,Twista,I'm A Winner (Amended Album Version),The Day After,2005.0,260.23138,0.889613554744,0.593808365175,hip hop,rap; Hip-Hop; winner in bed twista,1253.0,166.0,218.622963,0.0,7262.0,TRVWMAR128F425A2DA,8.698712499999997,,
TRBAQPR128F92F4AB0,,,,,,,,,,,,,,,,,TRVWMWN128E0788952,,0.6205517855389094,0.636663868729615
TREBGAA128E078FC52,SOVYGAV12A58A7C3A9,AR24DZB1187FB3C869,Erykah Badu,I Want You,Worldwide Underground,2003.0,653.13914,0.855731901717,0.584841725537,r&b/soul,soul; Neo-Soul; female vocalists; rnb; Erykah Badu,617.0,98.0,153.163312,0.0,1654.0,TRVWMWN128E0788952,1.9559187500000002,,
TRFUJVJ128F426F2A2,SOONCPO12AF72A1986,AR8W8P31187B9A4063,Lauryn Hill,Interlude 5,MTV Unplugged No. 2.0,2002.0,734.48444,0.697206464376,0.580125198887,r&b/soul,ms hill; the realness; The Truth; true; rnb,1903.0,409.0,215.044182,0.0,2808.0,TRVWMWN128E0788952,3.206400000000001,,
TRFUNRS128F9346BF4,,,,,,,,,,,,,,,,,TRVWMWN128E0788952,,,0.6318878355032662
TRIJVMA128F427F37E,,,,,,,,,,,,,,,,,TRVWMWN128E0788952,,0.6266795042970369,0.6354443948563383
TRIKPWO128F4265FA9,,,,,,,,,,,,,,,,,TRVWMWN128E0788952,,0.6146350709181159,
TRWSYHO128F4282346,SOKHOQG12A8C13EBF2,ARSE5NP1187B9B98AB,Twista,I'm A Winner (Amended Album Version),The Day After,2005.0,260.23138,0.889613554744,0.593808365175,hip hop,rap; Hip-Hop; winner in bed twista,1253.0,166.0,218.622963,0.0,1708.0,TRVWMWN128E0788952,1.9365875,,
TRBEBJO128C719646B,SORXHBR12AF72A5DA5,ARCBD0U1187FB466EF,Nelly,Splurge,Nellyville,2002.0,309.49832,0.912368981478,0.787994622198,hip hop,Hip-Hop; rap; hip hop; rnb; 00s,911.0,225.0,131.289756,0.0,1376.0,TRVXXVG128F933AB88,1.5802718750000002,,
TRDPGXU128F9339C2A,SOELYON12AB01876A3,ARLHO5Z1187FB4C861,Beastie Boys,B-Boy Bouillabaisse: A.W.O.L. (2009 Digital Remaster),Paul's Boutique (20th Anniversary Remastered Edition),0.0,105.56036,0.853124523276,0.591628024008,hip hop,hip hop; leapsandbounds CDCollection,1746.0,505.0,153.652205,0.0,1701.0,TRVXXVG128F933AB88,1.891590625,,
TRFAIBW128F428B7A6,,,,,,,,,,,,,,,,,TRVXXVG128F933AB88,,0.6420973266552669,0.660524748914091
TRFUJVJ128F426F2A2,SOONCPO12AF72A1986,AR8W8P31187B9A4063,Lauryn Hill,Interlude 5,MTV Unplugged No. 2.0,2002.0,734.48444,0.697206464376,0.580125198887,r&b/soul,ms hill; the realness; The Truth; true; rnb,1903.0,409.0,215.044182,0.0,2069.0,TRVXXVG128F933AB88,2.3056499999999995,,
TRNLJWY128F1455FA9,,,,,,,,,,,,,,,,,TRVXXVG128F933AB88,,0.9352360411135198,0.9385832358180597
TRWWDQR128F149DADE,,,,,,,,,,,,,,,,,TRVXXVG128F933AB88,,0.6365660706208464,0.654630010608049
TRCRGKS128F92C57A8,,,,,,,,,,,,,,,,,TRVYEUW128F148C08D,,0.7271838626050499,0.7316274421252662
TRFUJVJ128F426F2A2,SOONCPO12AF72A1986,AR8W8P31187B9A4063,Lauryn Hill,Interlude 5,MTV Unplugged No. 2.0,2002.0,734.48444,0.697206464376,0.580125198887,r&b/soul,ms hill; the realness; The Truth; true; rnb,1903.0,409.0,215.044182,0.0,3570.0,TRVYEUW128F148C08D,4.138199999999999,,
TRQBTYN128F92EA704,,,,,,,,,,,,,,,,,TRVYEUW128F148C08D,,0.7336968310393849,0.73913808345401
TRVDAHO128F92F231E,SOXUSKK12A8C144F94,AR0IVTL1187B9AD520,Katy Perry,Hot N Cold (Innerpartysystem Main),Hot N Cold,2008.0,278.30812,0.929486571068,0.848826278193,electronic,trance; electronic; dance; female vocalists,429.0,84.0,103.841225,0.0,2436.0,TRVYEUW128F148C08D,2.955773437499995,,
TRWSYHO128F4282346,SOKHOQG12A8C13EBF2,ARSE5NP1187B9B98AB,Twista,I'm A Winner (Amended Album Version),The Day After,2005.0,260.23138,0.889613554744,0.593808365175,hip hop,rap; Hip-Hop; winner in bed twista,1253.0,166.0,218.622963,0.0,2865.0,TRVYEUW128F148C08D,3.369309374999999,,
TRYMECK128F428253F,,,,,,,,,,,,,,,,,TRVYEUW128F148C08D,,0.6887269177639537,0.694669413787504
TRDNBHN128F148C54E,,,,,,,,,,,,,,,,,TRVZCTL128E078F0BE,,0.6154120263827023,0.627924595508214
TRFUJVJ128F426F2A2,SOONCPO12AF72A1986,AR8W8P31187B9A4063,Lauryn Hill,Interlude 5,MTV Unplugged No. 2.0,2002.0,734.48444,0.697206464376,0.580125198887,r&b/soul,ms hill; the realness; The Truth; true; rnb,1903.0,409.0,215.044182,0.0,5431.0,TRVZCTL128E078F0BE,6.073450000000003,,
TRGLNKG128F9307689,SOFVLYU12AB017F502,ARTH9041187FB43E1F,Eminem,My Darling,Relapse [Deluxe],2009.0,320.49587,0.871010615313,0.879236744738,hip hop,rap; detroit; Hip-Hop; Horrorcore; MOONH8SUN,1055.0,293.0,140.089257,0.0,4343.0,TRVZCTL128E078F0BE,,,
TRHGZOJ128F14A2ED0,SOVFXAA12A6D4FC5A1,ARNR4B91187FB5027C,The Simpsons,Do The Bartman,The Simpsons Sing The Blues,1990.0,313.02485,0.717875025975,0.597356647182,hip hop,Soundtrack; 90s; tv; novelty; rap,1013.0,214.0,133.790882,0.0,4639.0,TRVZCTL128E078F0BE,5.412915624999998,,
TRMWVDI128F92FFA8A,,,,,,,,,,,,,,,,,TRVZCTL128E078F0BE,,,0.6207378400836331
TRUCKFR12903CC5B00,,,,,,,,,,,,,,,,,TRVZCTL128E078F0BE,,0.7078124941040225,0.7176919689742273
TRWUNUL128F145C985,,,,,,,,,,,,,,,,,TRVZCTL128E078F0BE,,0.6081778730415766,
TRYOUMI128E078F4DE,,,,,,,,,,,,,,,,,TRVZCTL128E078F0BE,5.120710937499999,,
TREBGAA128E078FC52,SOVYGAV12A58A7C3A9,AR24DZB1187FB3C869,Erykah Badu,I Want You,Worldwide Underground,2003.0,653.13914,0.855731901717,0.584841725537,r&b/soul,soul; Neo-Soul; female vocalists; rnb; Erykah Badu,617.0,98.0,153.163312,0.0,5142.0,TRWAPCT128F1494611,6.244067187499995,,
TRFGQTH128F1453D85,,,,,,,,,,,,,,,,,TRWAPCT128F1494611,,0.7100931428050923,0.7143962708611991
TRFUJVJ128F426F2A2,SOONCPO12AF72A1986,AR8W8P31187B9A4063,Lauryn Hill,Interlude 5,MTV Unplugged No. 2.0,2002.0,734.48444,0.697206464376,0.580125198887,r&b/soul,ms hill; the realness; The Truth; true; rnb,1903.0,409.0,215.044182,0.0,5872.0,TRWAPCT128F1494611,6.840900000000004,,
TRGPUVY128F9313AD9,,,,,,,,,,,,,,,,,TRWAPCT128F1494611,,0.7166167545055665,0.7214033419938675
TRQMZTE128F42B5074,,,,,,,,,,,,,,,,,TRWAPCT128F1494611,,0.7743663708786916,0.7803755978073242
TRWSYHO128F4282346,SOKHOQG12A8C13EBF2,ARSE5NP1187B9B98AB,Twista,I'm A Winner (Amended Album Version),The Day After,2005.0,260.23138,0.889613554744,0.593808365175,hip hop,rap; Hip-Hop; winner in bed twista,1253.0,166.0,218.622963,0.0,5743.0,TRWAPCT128F1494611,6.852571875000001,,
TRDPGXU128F9339C2A,SOELYON12AB01876A3,ARLHO5Z1187FB4C861,Beastie Boys,B-Boy Bouillabaisse: A.W.O.L. (2009 Digital Remaster),Paul's Boutique (20th Anniversary Remastered Edition),0.0,105.56036,0.853124523276,0.591628024008,hip hop,hip hop; leapsandbounds CDCollection,1746.0,505.0,153.652205,0.0,1285.0,TRWBAGY128F93034BF,,,
TRFUJVJ128F426F2A2,SOONCPO12AF72A1986,AR8W8P31187B9A4063,Lauryn Hill,Interlude 5,MTV Unplugged No. 2.0,2002.0,734.48444,0.697206464376,0.580125198887,r&b/soul,ms hill; the realness; The Truth; true; rnb,1903.0,409.0,215.044182,0.0,1431.0,TRWBAGY128F93034BF,1.5679499999999995,,
TRGLNKG128F9307689,SOFVLYU12AB017F502,ARTH9041187FB43E1F,Eminem,My Darling,Relapse [Deluxe],2009.0,320.49587,0.871010615313,0.879236744738,hip hop,rap; detroit; Hip-Hop; Horrorcore; MOONH8SUN,1055.0,293.0,140.089257,0.0,1312.0,TRWBAGY128F93034BF,1.5048499999999996,,
TRLKEFU128F422C555,,,,,,,,,,,,,,,,,TRWBAGY128F93034BF,,0.6047578537285774,0.6217482026427427
TROIRUX128F92FC956,,,,,,,,,,,,,,,,,TRWBAGY128F93034BF,,0.8800229295853671,0.885745926261553
TRVVIWJ128F42697BA,,,,,,,,,,,,,,,,,TRWBAGY128F93034BF,,0.6131911839346924,0.6330220103140114
TRWSYHO128F4282346,,,,,,,,,,,,,,,,,TRWBAGY128F93034BF,1.45445,,
TREBGAA128E078FC52,SOVYGAV12A58A7C3A9,AR24DZB1187FB3C869,Erykah Badu,I Want You,Worldwide Underground,2003.0,653.13914,0.855731901717,0.584841725537,r&b/soul,soul; Neo-Soul; female vocalists; rnb; Erykah Badu,617.0,98.0,153.163312,0.0,1823.0,TRWCVWH128F4284EE5,2.181539062499999,,
TRETHYH128F9307A6A,,,,,,,,,,,,,,,,,TRWCVWH128F4284EE5,,0.6823445677126574,
TRFUJVJ128F426F2A2,SOONCPO12AF72A1986,AR8W8P31187B9A4063,Lauryn Hill,Interlude 5,MTV Unplugged No. 2.0,2002.0,734.48444,0.697206464376,0.580125198887,r&b/soul,ms hill; the realness; The Truth; true; rnb,1903.0,409.0,215.044182,0.0,2512.0,TRWCVWH128F4284EE5,2.8755,,
TRQDUMO128F92E3896,,,,,,,,,,,,,,,,,TRWCVWH128F4284EE5,,,0.6938942827239063
TRSEYKD128F427F46E,,,,,,,,,,,,,,,,,TRWCVWH128F4284EE5,,0.7004250792640798,0.7143777594370054
TRWSYHO128F4282346,SOKHOQG12A8C13EBF2,ARSE5NP1187B9B98AB,Twista,I'm A Winner (Amended Album Version),The Day After,2005.0,260.23138,0.889613554744,0.593808365175,hip hop,rap; Hip-Hop; winner in bed twista,1253.0,166.0,218.622963,0.0,1817.0,TRWCVWH128F4284EE5,2.098390625,,
TRYXJHS128F429E02B,,,,,,,,,,,,,,,,,TRWCVWH128F4284EE5,,0.6862140417806583,0.7003016797456236
TRAPEZB128F92FEFBC,,,,,,,,,,,,,,,,,TRWEHQE128F935A2D6,,0.6030790764798393,0.6211101328495388
TRBDCAH128EF362D31,,,,,,,,,,,,,,,,,TRWEHQE128F935A2D6,,0.6087311125223502,0.6271014613120457
TRCHZXW128E079288A,,,,,,,,,,,,,,,,,TRWEHQE128F935A2D6,2.279606250000001,,
TRDPGXU128F9339C2A,SOELYON12AB01876A3,ARLHO5Z1187FB4C861,Beastie Boys,B-Boy Bouillabaisse: A.W.O.L. (2009 Digital Remaster),Paul's Boutique (20th Anniversary Remastered Edition),0.0,105.56036,0.853124523276,0.591628024008,hip hop,hip hop; leapsandbounds CDCollection,1746.0,505.0,153.652205,0.0,2251.0,TRWEHQE128F935A2D6,2.4521437500000003,,
TRFUJVJ128F426F2A2,SOONCPO12AF72A1986,AR8W8P31187B9A4063,Lauryn Hill,Interlude 5,MTV Unplugged No. 2.0,2002.0,734.48444,0.697206464376,0.580125198887,r&b/soul,ms hill; the realness; The Truth; true; rnb,1903.0,409.0,215.044182,0.0,2160.0,TRWEHQE128F935A2D6,,,
TRVJFHH12903CA2811,,,,,,,,,,,,,,,,,TRWEHQE128F935A2D6,,0.6038000443257096,0.6205870537019557
TRYCBLK12903CE6A0E,SOWQRYJ12AB0189461,ARJ5LS21187B991003,Twiztid,She Ain't Afraid,Psychopathics From Outer Space,1998.0,361.50812,0.738651094386,0.490733207715,hip hop,psychopathic; Horrorcore; cocaine; Porno; porn,1102.0,277.0,117.826143,0.0,2066.0,TRWEHQE128F935A2D6,2.3307562499999985,,
TREBGAA128E078FC52,SOVYGAV12A58A7C3A9,AR24DZB1187FB3C869,Erykah Badu,I Want You,Worldwide Underground,2003.0,653.13914,0.855731901717,0.584841725537,r&b/soul,soul; Neo-Soul; female vocalists; rnb; Erykah Badu,617.0,98.0,153.163312,0.0,8584.0,TRWFFHM128F92F99C4,10.343692187500006,,
TRFUJVJ128F426F2A2,SOONCPO12AF72A1986,AR8W8P31187B9A4063,Lauryn Hill,Interlude 5,MTV Unplugged No. 2.0,2002.0,734.48444,0.697206464376,0.580125198887,r&b/soul,ms hill; the realness; The Truth; true; rnb,1903.0,409.0,215.044182,0.0,11542.0,TRWFFHM128F92F99C4,13.376399999999999,,
TRNHSZN128F930FF03,,,,,,,,,,,,,,,,,TRWFFHM128F92F99C4,,0.8072168604545519,0.8142825507596168
TRSTJFQ128F428DA21,,,,,,,,,,,,,,,,,TRWFFHM128F92F99C4,,0.7867425057098542,0.7932896443459375
TRWSYHO128F4282346,SOKHOQG12A8C13EBF2,ARSE5NP1187B9B98AB,Twista,I'm A Winner (Amended Album Version),The Day After,2005.0,260.23138,0.889613554744,0.593808365175,hip hop,rap; Hip-Hop; winner in bed twista,1253.0,166.0,218.622963,0.0,9801.0,TRWFFHM128F92F99C4,11.564321875000001,,
TRZCHKB128F92CB740,,,,,,,,,,,,,,,,,TRWFFHM128F92F99C4,,0.7782621352796956,0.7887256894352089
TRDPGXU128F9339C2A,SOELYON12AB01876A3,ARLHO5Z1187FB4C861,Beastie Boys,B-Boy Bouillabaisse: A.W.O.L. (2009 Digital Remaster),Paul's Boutique (20th Anniversary Remastered Edition),0.0,105.56036,0.853124523276,0.591628024008,hip hop,hip hop; leapsandbounds CDCollection,1746.0,505.0,153.652205,0.0,5817.0,TRWFVOW128E0793847,6.461482812500001,,
TRFOGZN128F42882B5,,,,,,,,,,,,,,,,,TRWFVOW128E0793847,,0.6378632481194187,
TRFUJVJ128F426F2A2,SOONCPO12AF72A1986,AR8W8P31187B9A4063,Lauryn Hill,Interlude 5,MTV Unplugged No. 2.0,2002.0,734.48444,0.697206464376,0.580125198887,r&b/soul,ms hill; the realness; The Truth; true; rnb,1903.0,409.0,215.044182,0.0,6947.0,TRWFVOW128E0793847,7.715450000000001,,
TRJADED128E078FB2A,,,,,,,,,,,,,,,,,TRWFVOW128E0793847,,0.6381602946481103,0.6613645872091801
TRKKHPA128F93148E5,,,,,,,,,,,,,,,,,TRWFVOW128E0793847,,,0.6599652717296057
TRKKWMQ128F4266186,,,,,,,,,,,,,,,,,TRWFVOW128E0793847,,0.6982076517092836,0.7168507480305717
TRQAWKR128F425EEC3,SOFHEBR12CF5F892C7,ARXPPEY1187FB51DF4,Michael Jackson,Man In The Mirror,HIStory - PAST_ PRESENT AND FUTURE - Book I,1987.0,319.29424,0.855245195586,0.899991594263,pop,pop; michael jackson; 80s; soul; king of pop,1543.0,135.0,200.024998,0.0,5648.0,TRWFVOW128E0793847,6.2298406250000005,,
TRARREW128F92CD3D9,,,,,,,,,,,,,,,,,TRWIGSY128F92FE6B6,,0.5683491376103917,0.5853694070049635
TRDPGXU128F9339C2A,SOELYON12AB01876A3,ARLHO5Z1187FB4C861,Beastie Boys,B-Boy Bouillabaisse: A.W.O.L. (2009 Digital Remaster),Paul's Boutique (20th Anniversary Remastered Edition),0.0,105.56036,0.853124523276,0.591628024008,hip hop,hip hop; leapsandbounds CDCollection,1746.0,505.0,153.652205,0.0,1004.0,TRWIGSY128F92FE6B6,1.0684265625,,
TRFUJVJ128F426F2A2,SOONCPO12AF72A1986,AR8W8P31187B9A4063,Lauryn Hill,Interlude 5,MTV Unplugged No. 2.0,2002.0,734.48444,0.697206464376,0.580125198887,r&b/soul,ms hill; the realness; The Truth; true; rnb,1903.0,409.0,215.044182,0.0,1247.0,TRWIGSY128F92FE6B6,1.3356500000000002,,
TRJWBUM128C7196B23,,,,,,,,,,,,,,,,,TRWIGSY128F92FE6B6,,0.5704907538328308,0.5849201282374121
TRQAWKR128F425EEC3,SOFHEBR12CF5F892C7,ARXPPEY1187FB51DF4,Michael Jackson,Man In The Mirror,HIStory - PAST_ PRESENT AND FUTURE - Book I,1987.0,319.29424,0.855245195586,0.899991594263,pop,pop; michael jackson; 80s; soul; king of pop,1543.0,135.0,200.024998,0.0,1090.0,TRWIGSY128F92FE6B6,1.1712281249999996,,
TRREMEE128F932A4C4,,,,,,,,,,,,,,,,,TRWIGSY128F92FE6B6,,0.5552952203453178,0.575161050162068
TREBGAA128E078FC52,SOVYGAV12A58A7C3A9,AR24DZB1187FB3C869,Erykah Badu,I Want You,Worldwide Underground,2003.0,653.13914,0.855731901717,0.584841725537,r&b/soul,soul; Neo-Soul; female vocalists; rnb; Erykah Badu,617.0,98.0,153.163312,0.0,6661.0,TRWJKJK128F9338FEF,8.046451562500003,,
TRFUJVJ128F426F2A2,SOONCPO12AF72A1986,AR8W8P31187B9A4063,Lauryn Hill,Interlude 5,MTV Unplugged No. 2.0,2002.0,734.48444,0.697206464376,0.580125198887,r&b/soul,ms hill; the realness; The Truth; true; rnb,1903.0,409.0,215.044182,0.0,8737.0,TRWJKJK128F9338FEF,10.159949999999998,,
TRJJTPI128F4276759,,,,,,,,,,,,,,,,,TRWJKJK128F9338FEF,,0.7314517269101138,0.7407423330399565
TRMJBIJ128F93391B9,,,,,,,,,,,,,,,,,TRWJKJK128F9338FEF,,0.7536221354329562,0.7627562450752137
TRVWMAR128F425A2DA,,,,,,,,,,,,,,,,,TRWJKJK128F9338FEF,,0.7443815803404387,0.7517032510777701
TRWSYHO128F4282346,SOKHOQG12A8C13EBF2,ARSE5NP1187B9B98AB,Twista,I'm A Winner (Amended Album Version),The Day After,2005.0,260.23138,0.889613554744,0.593808365175,hip hop,rap; Hip-Hop; winner in bed twista,1253.0,166.0,218.622963,0.0,8094.0,TRWJKJK128F9338FEF,9.619965624999999,,
TRCGLHM128F92EACF7,,,,,,,,,,,,,,,,,TRWMHCZ128F42AE295,,0.6629533509265286,0.6779036498379287
TRDPGXU128F9339C2A,SOELYON12AB01876A3,ARLHO5Z1187FB4C861,Beastie Boys,B-Boy Bouillabaisse: A.W.O.L. (2009 Digital Remaster),Paul's Boutique (20th Anniversary Remastered Edition),0.0,105.56036,0.853124523276,0.591628024008,hip hop,hip hop; leapsandbounds CDCollection,1746.0,505.0,153.652205,0.0,5989.0,TRWMHCZ128F42AE295,6.776501562499998,,
TRFUJVJ128F426F2A2,SOONCPO12AF72A1986,AR8W8P31187B9A4063,Lauryn Hill,Interlude 5,MTV Unplugged No. 2.0,2002.0,734.48444,0.697206464376,0.580125198887,r&b/soul,ms hill; the realness; The Truth; true; rnb,1903.0,409.0,215.044182,0.0,7300.0,TRWMHCZ128F42AE295,8.2763,,
TRMQQGH128F9301E4B,,,,,,,,,,,,,,,,,TRWMHCZ128F42AE295,,0.6341342472398768,0.6498772107150411
TRSEAVW128F429E22F,,,,,,,,,,,,,,,,,TRWMHCZ128F42AE295,,0.6402859396586692,0.6582037292552875
TRWSYHO128F4282346,SOKHOQG12A8C13EBF2,ARSE5NP1187B9B98AB,Twista,I'm A Winner (Amended Album Version),The Day After,2005.0,260.23138,0.889613554744,0.593808365175,hip hop,rap; Hip-Hop; winner in bed twista,1253.0,166.0,218.622963,0.0,6014.0,TRWMHCZ128F42AE295,6.962846875,,
TRFLWJZ128F425C9E4,SOZTZRR12A58A80C97,AR82DJK1187B991107,The Pharcyde,Otha Fish,Bizarre Ride II The Pharcyde,1992.0,321.43628,0.756063870843,0.491468881637,hip hop,Hip-Hop; hip hop; oldschool; rap; oldskool,997.0,247.0,147.895233,0.0,756.0,TRWMODL128F92E7E2A,0.86371875,,
TRFUJVJ128F426F2A2,SOONCPO12AF72A1986,AR8W8P31187B9A4063,Lauryn Hill,Interlude 5,MTV Unplugged No. 2.0,2002.0,734.48444,0.697206464376,0.580125198887,r&b/soul,ms hill; the realness; The Truth; true; rnb,1903.0,409.0,215.044182,0.0,629.0,TRWMODL128F92E7E2A,0.62985,,
TRKNWXK128F4250BEA,,,,,,,,,,,,,,,,,TRWMODL128F92E7E2A,,,0.49046981633151027
TRQAWKR128F425EEC3,SOFHEBR12CF5F892C7,ARXPPEY1187FB51DF4,Michael Jackson,Man In The Mirror,HIStory - PAST_ PRESENT AND FUTURE - Book I,1987.0,319.29424,0.855245195586,0.899991594263,pop,pop; michael jackson; 80s; soul; king of pop,1543.0,135.0,200.024998,0.0,664.0,TRWMODL128F92E7E2A,0.6959125,,
TRQNPBZ128F424A1C9,,,,,,,,,,,,,,,,,TRWMODL128F92E7E2A,,0.4709452257138449,
TRWLKWQ128F92F93D0,,,,,,,,,,,,,,,,,TRWMODL128F92E7E2A,,0.5019715949080177,0.5187057995836745
TRYPKXM128F932A9EE,,,,,,,,,,,,,,,,,TRWMODL128F92E7E2A,,0.4722211219286214,0.49053517921735057
TRDPGXU128F9339C2A,SOELYON12AB01876A3,ARLHO5Z1187FB4C861,Beastie Boys,B-Boy Bouillabaisse: A.W.O.L. (2009 Digital Remaster),Paul's Boutique (20th Anniversary Remastered Edition),0.0,105.56036,0.853124523276,0.591628024008,hip hop,hip hop; leapsandbounds CDCollection,1746.0,505.0,153.652205,0.0,6522.0,TRWMZQL128F9306DCB,,,
TREBGAA128E078FC52,,,,,,,,,,,,,,,,,TRWMZQL128F9306DCB,7.592323437500006,,
TRFUJVJ128F426F2A2,SOONCPO12AF72A1986,AR8W8P31187B9A4063,Lauryn Hill,Interlude 5,MTV Unplugged No. 2.0,2002.0,734.48444,0.697206464376,0.580125198887,r&b/soul,ms hill; the realness; The Truth; true; rnb,1903.0,409.0,215.044182,0.0,7134.0,TRWMZQL128F9306DCB,8.243599999999994,,
TRKRUNZ128E0784AC1,,,,,,,,,,,,,,,,,TRWMZQL128F9306DCB,,0.790567461461745,0.793572943575263
TRPDWLW128F424DF76,,,,,,,,,,,,,,,,,TRWMZQL128F9306DCB,,0.9570638510280612,0.9577936708564238
TRWKDZE128F1451EAC,,,,,,,,,,,,,,,,,TRWMZQL128F9306DCB,,0.7835298542592513,0.7879539273141432
TRWSYHO128F4282346,SOKHOQG12A8C13EBF2,ARSE5NP1187B9B98AB,Twista,I'm A Winner (Amended Album Version),The Day After,2005.0,260.23138,0.889613554744,0.593808365175,hip hop,rap; Hip-Hop; winner in bed twista,1253.0,166.0,218.622963,0.0,6537.0,TRWMZQL128F9306DCB,7.7308343750000015,,
TRDPGXU128F9339C2A,SOELYON12AB01876A3,ARLHO5Z1187FB4C861,Beastie Boys,B-Boy Bouillabaisse: A.W.O.L. (2009 Digital Remaster),Paul's Boutique (20th Anniversary Remastered Edition),0.0,105.56036,0.853124523276,0.591628024008,hip hop,hip hop; leapsandbounds CDCollection,1746.0,505.0,153.652205,0.0,2711.0,TRWPMRK12903CCDA98,2.9675171874999995,,
TRFATUU128F4265A15,,,,,,,,,,,,,,,,,TRWPMRK12903CCDA98,,0.6017517605220201,0.6243711147554825
TRFUJVJ128F426F2A2,SOONCPO12AF72A1986,AR8W8P31187B9A4063,Lauryn Hill,Interlude 5,MTV Unplugged No. 2.0,2002.0,734.48444,0.697206464376,0.580125198887,r&b/soul,ms hill; the realness; The Truth; true; rnb,1903.0,409.0,215.044182,0.0,3217.0,TRWPMRK12903CCDA98,3.5175500000000013,,
TRLVRJP128F93519FB,,,,,,,,,,,,,,,,,TRWPMRK12903CCDA98,,0.571001637761255,0.6008355745387922
TROPSVL128F4265DF5,,,,,,,,,,,,,,,,,TRWPMRK12903CCDA98,,0.5719131442477123,
TRQAWKR128F425EEC3,SOFHEBR12CF5F892C7,ARXPPEY1187FB51DF4,Michael Jackson,Man In The Mirror,HIStory - PAST_ PRESENT AND FUTURE - Book I,1987.0,319.29424,0.855245195586,0.899991594263,pop,pop; michael jackson; 80s; soul; king of pop,1543.0,135.0,200.024998,0.0,2666.0,TRWPMRK12903CCDA98,2.9006593750000014,,
TRXVRUP12903CFD9F3,,,,,,,,,,,,,,,,,TRWPMRK12903CCDA98,,,0.5942881807609091
TRDPGXU128F9339C2A,SOELYON12AB01876A3,ARLHO5Z1187FB4C861,Beastie Boys,B-Boy Bouillabaisse: A.W.O.L. (2009 Digital Remaster),Paul's Boutique (20th Anniversary Remastered Edition),0.0,105.56036,0.853124523276,0.591628024008,hip hop,hip hop; leapsandbounds CDCollection,1746.0,505.0,153.652205,0.0,1815.0,TRWPRIF128EF34B8F8,1.92253125,,
TRFIFYV128F93556D2,,,,,,,,,,,,,,,,,TRWPRIF128EF34B8F8,,0.6039764374246119,0.6247838357190857
TRFUJVJ128F426F2A2,SOONCPO12AF72A1986,AR8W8P31187B9A4063,Lauryn Hill,Interlude 5,MTV Unplugged No. 2.0,2002.0,734.48444,0.697206464376,0.580125198887,r&b/soul,ms hill; the realness; The Truth; true; rnb,1903.0,409.0,215.044182,0.0,2909.0,TRWPRIF128EF34B8F8,3.22225,,
TRMGICM128F92E2AB8,,,,,,,,,,,,,,,,,TRWPRIF128EF34B8F8,,0.5925505558179047,0.614847186264281
TRTLIKK128E07862DA,SOKTWCO12A67020DC0,ARM9HR61187B9AD75A,Ja Rule,One of Us,Rule 3:36,2000.0,356.85832,0.77983324054,0.541519545221,hip hop,Ja Rule; Hip-Hop; east coast rap; 2000; rappers,996.0,215.0,158.347719,0.0,2041.0,TRWPRIF128EF34B8F8,2.3009375,,
TRVWTVK128F429AAAB,,,,,,,,,,,,,,,,,TRWPRIF128EF34B8F8,,0.6672434125699626,0.6846821034003884
TRFLWJZ128F425C9E4,SOZTZRR12A58A80C97,AR82DJK1187B991107,The Pharcyde,Otha Fish,Bizarre Ride II The Pharcyde,1992.0,321.43628,0.756063870843,0.491468881637,hip hop,Hip-Hop; hip hop; oldschool; rap; oldskool,997.0,247.0,147.895233,0.0,1350.0,TRWPUDX128F148F907,1.5213515625,,
TRFUJVJ128F426F2A2,SOONCPO12AF72A1986,AR8W8P31187B9A4063,Lauryn Hill,Interlude 5,MTV Unplugged No. 2.0,2002.0,734.48444,0.697206464376,0.580125198887,r&b/soul,ms hill; the realness; The Truth; true; rnb,1903.0,409.0,215.044182,0.0,1640.0,TRWPUDX128F148F907,1.7303,,
TRVWMKK128F422AD41,,,,,,,,,,,,,,,,,TRWPUDX128F148F907,,0.5154597811191156,0.5369008030934663
TRWSYHO128F4282346,SOKHOQG12A8C13EBF2,ARSE5NP1187B9B98AB,Twista,I'm A Winner (Amended Album Version),The Day After,2005.0,260.23138,0.889613554744,0.593808365175,hip hop,rap; Hip-Hop; winner in bed twista,1253.0,166.0,218.622963,0.0,1374.0,TRWPUDX128F148F907,1.5085656249999995,,
TRXBSQC128F932A12A,,,,,,,,,,,,,,,,,TRWPUDX128F148F907,,0.5432385530818855,0.5583246731243598
TRZKYAK128F4244485,,,,,,,,,,,,,,,,,TRWPUDX128F148F907,,0.5713510788110256,0.5896322973574187
TRBVPVV128F425F14F,SOOHYOB12CF5F87A28,ARF8HTQ1187B9AE693,Daft Punk,Touch It / Technologic,Alive 2007,2007.0,329.45587,0.844450642835,1.01049028868,electronic,electronic; dance; techno; House; Daft Punk,687.0,175.0,153.756301,0.0,1770.0,TRWQMVZ128E078F1F7,2.090853125,,
TRDRPZZ128F421D0DA,,,,,,,,,,,,,,,,,TRWQMVZ128E078F1F7,,0.6384617200199036,0.6506219199675038
TRFUJVJ128F426F2A2,SOONCPO12AF72A1986,AR8W8P31187B9A4063,Lauryn Hill,Interlude 5,MTV Unplugged No. 2.0,2002.0,734.48444,0.697206464376,0.580125198887,r&b/soul,ms hill; the realness; The Truth; true; rnb,1903.0,409.0,215.044182,0.0,2306.0,TRWQMVZ128E078F1F7,2.574299999999999,,
TRGUCIR128F933D817,SORMTGC12A6D4F6C8B,ARQUN9K1187B9B5BD7,Vanilla Ice,Ice Is Workin' It,To The Extreme,1990.0,275.43465,0.722075127339,0.463037021551,hip hop,rap; hiphop; 90s; cool as ice; leapsandbounds CDCollection,898.0,242.0,166.246804,0.0,1766.0,TRWQMVZ128E078F1F7,2.0617749999999986,,
TRNMHLT128F933D65F,,,,,,,,,,,,,,,,,TRWQMVZ128E078F1F7,,0.6175824533439479,
TRUNLGW128F92F9569,,,,,,,,,,,,,,,,,TRWQMVZ128E078F1F7,,0.6541634586902609,0.6664420183371625
TRVWTVK128F429AAAB,,,,,,,,,,,,,,,,,TRWQMVZ128E078F1F7,,,0.6322380497843354
TRDPGXU128F9339C2A,SOELYON12AB01876A3,ARLHO5Z1187FB4C861,Beastie Boys,B-Boy Bouillabaisse: A.W.O.L. (2009 Digital Remaster),Paul's Boutique (20th Anniversary Remastered Edition),0.0,105.56036,0.853124523276,0.591628024008,hip hop,hip hop; leapsandbounds CDCollection,1746.0,505.0,153.652205,0.0,3138.0,TRWQYOY128F425BD4C,3.433946875,,
TRFGVIL128E0791D8F,,,,,,,,,,,,,,,,,TRWQYOY128F425BD4C,,0.6262122347220701,0.6459466467702077
TRFUJVJ128F426F2A2,SOONCPO12AF72A1986,AR8W8P31187B9A4063,Lauryn Hill,Interlude 5,MTV Unplugged No. 2.0,2002.0,734.48444,0.697206464376,0.580125198887,r&b/soul,ms hill; the realness; The Truth; true; rnb,1903.0,409.0,215.044182,0.0,3888.0,TRWQYOY128F425BD4C,4.275800000000001,,
TRGLNKG128F9307689,SOFVLYU12AB017F502,ARTH9041187FB43E1F,Eminem,My Darling,Relapse [Deluxe],2009.0,320.49587,0.871010615313,0.879236744738,hip hop,rap; detroit; Hip-Hop; Horrorcore; MOONH8SUN,1055.0,293.0,140.089257,0.0,2836.0,TRWQYOY128F425BD4C,3.1874156249999994,,
TRKKLQS128F42537F2,,,,,,,,,,,,,,,,,TRWQYOY128F425BD4C,,0.6191947739464819,
TRVEOPR128F423382D,,,,,,,,,,,,,,,,,TRWQYOY128F425BD4C,,,0.641279012996349
TRXVRUP12903CFD9F3,,,,,,,,,,,,,,,,,TRWQYOY128F425BD4C,,0.6200279075286194,0.6432865071081605
TRATUIZ128F423B591,,,,,,,,,,,,,,,,,TRWTZGX128F149535F,,0.6234171373081879,0.6444180361569123
TRBVPVV128F425F14F,SOOHYOB12CF5F87A28,ARF8HTQ1187B9AE693,Daft Punk,Touch It / Technologic,Alive 2007,2007.0,329.45587,0.844450642835,1.01049028868,electronic,electronic; dance; techno; House; Daft Punk,687.0,175.0,153.756301,0.0,4576.0,TRWTZGX128F149535F,5.3396265625,,
TRDPGXU128F9339C2A,SOELYON12AB01876A3,ARLHO5Z1187FB4C861,Beastie Boys,B-Boy Bouillabaisse: A.W.O.L. (2009 Digital Remaster),Paul's Boutique (20th Anniversary Remastered Edition),0.0,105.56036,0.853124523276,0.591628024008,hip hop,hip hop; leapsandbounds CDCollection,1746.0,505.0,153.652205,0.0,4891.0,TRWTZGX128F149535F,5.3078296875,,
TRFUJVJ128F426F2A2,SOONCPO12AF72A1986,AR8W8P31187B9A4063,Lauryn Hill,Interlude 5,MTV Unplugged No. 2.0,2002.0,734.48444,0.697206464376,0.580125198887,r&b/soul,ms hill; the realness; The Truth; true; rnb,1903.0,409.0,215.044182,0.0,5985.0,TRWTZGX128F149535F,6.517550000000001,,
TRKIELV12903CA25E5,,,,,,,,,,,,,,,,,TRWTZGX128F149535F,,,0.640770187106105
TRPLDIL128F4276880,,,,,,,,,,,,,,,,,TRWTZGX128F149535F,,0.6183037241130266,
TRSKTET128F42BBABC,,,,,,,,,,,,,,,,,TRWTZGX128F149535F,,0.6394761374214999,0.6575173470477002
TRBXSYV128F428957A,,,,,,,,,,,,,,,,,TRWUFEW128F14782F3,,0.6026333497750029,
TRCHZXW128E079288A,SOMEJDK12D0219BB71,ARTH9041187FB43E1F,Eminem,8 Mile,8 Mile,2002.0,359.3922,0.886183647684,0.852677055416,hip hop,rap; Hip-Hop; Eminem; Soundtrack; hip hop,1141.0,328.0,132.992481,0.0,3124.0,TRWUFEW128F14782F3,3.555173437499998,,
TRDFGKU128F9307788,,,,,,,,,,,,,,,,,TRWUFEW128F14782F3,,0.6027426520047567,0.6204819523891244
TRDPGXU128F9339C2A,SOELYON12AB01876A3,ARLHO5Z1187FB4C861,Beastie Boys,B-Boy Bouillabaisse: A.W.O.L. (2009 Digital Remaster),Paul's Boutique (20th Anniversary Remastered Edition),0.0,105.56036,0.853124523276,0.591628024008,hip hop,hip hop; leapsandbounds CDCollection,1746.0,505.0,153.652205,0.0,3187.0,TRWUFEW128F14782F3,3.520201562499996,,
TRFUJVJ128F426F2A2,SOONCPO12AF72A1986,AR8W8P31187B9A4063,Lauryn Hill,Interlude 5,MTV Unplugged No. 2.0,2002.0,734.48444,0.697206464376,0.580125198887,r&b/soul,ms hill; the realness; The Truth; true; rnb,1903.0,409.0,215.044182,0.0,4171.0,TRWUFEW128F14782F3,4.65945,,
TRLRKUK128F42B17A5,,,,,,,,,,,,,,,,,TRWUFEW128F14782F3,,,0.6155496935042378
TRNRDBW12903CF1361,,,,,,,,,,,,,,,,,TRWUFEW128F14782F3,,0.6032377995339936,0.6235777533283492
TRCJTUB128F92FFC36,,,,,,,,,,,,,,,,,TRWULBB128F42670A3,,,0.7612256605901778
TRFUJVJ128F426F2A2,SOONCPO12AF72A1986,AR8W8P31187B9A4063,Lauryn Hill,Interlude 5,MTV Unplugged No. 2.0,2002.0,734.48444,0.697206464376,0.580125198887,r&b/soul,ms hill; the realness; The Truth; true; rnb,1903.0,409.0,215.044182,0.0,4341.0,TRWULBB128F42670A3,5.026050000000001,,
TRGLJRY128F14841E2,,,,,,,,,,,,,,,,,TRWULBB128F42670A3,,0.7555951466084019,
TRGLNKG128F9307689,SOFVLYU12AB017F502,ARTH9041187FB43E1F,Eminem,My Darling,Relapse [Deluxe],2009.0,320.49587,0.871010615313,0.879236744738,hip hop,rap; detroit; Hip-Hop; Horrorcore; MOONH8SUN,1055.0,293.0,140.089257,0.0,2922.0,TRWULBB128F42670A3,3.4075406249999998,,
TRPBTSJ128F42A3168,,,,,,,,,,,,,,,,,TRWULBB128F42670A3,,0.7862940916696441,0.7944302817928415
TRQYUKJ12903C9A1CE,,,,,,,,,,,,,,,,,TRWULBB128F42670A3,,0.7722330839792221,0.7804209889691062
TRWSYHO128F4282346,SOKHOQG12A8C13EBF2,ARSE5NP1187B9B98AB,Twista,I'm A Winner (Amended Album Version),The Day After,2005.0,260.23138,0.889613554744,0.593808365175,hip hop,rap; Hip-Hop; winner in bed twista,1253.0,166.0,218.622963,0.0,3105.0,TRWULBB128F42670A3,3.6197062499999997,,
TRDPGXU128F9339C2A,SOELYON12AB01876A3,ARLHO5Z1187FB4C861,Beastie Boys,B-Boy Bouillabaisse: A.W.O.L. (2009 Digital Remaster),Paul's Boutique (20th Anniversary Remastered Edition),0.0,105.56036,0.853124523276,0.591628024008,hip hop,hip hop; leapsandbounds CDCollection,1746.0,505.0,153.652205,0.0,3243.0,TRWVEDL128F4293EA3,3.713301562499998,0.7006472589628849,0.7168010021690715
TRFAIBW128F428B7A6,,,,,,,,,,,,,,,,,TRWVEDL128F4293EA3,,0.7027140977083838,0.7170517807545665
TRFUJVJ128F426F2A2,SOONCPO12AF72A1986,AR8W8P31187B9A4063,Lauryn Hill,Interlude 5,MTV Unplugged No. 2.0,2002.0,734.48444,0.697206464376,0.580125198887,r&b/soul,ms hill; the realness; The Truth; true; rnb,1903.0,409.0,215.044182,0.0,4084.0,TRWVEDL128F4293EA3,4.697900000000001,,
TRWSYHO128F4282346,SOKHOQG12A8C13EBF2,ARSE5NP1187B9B98AB,Twista,I'm A Winner (Amended Album Version),The Day After,2005.0,260.23138,0.889613554744,0.593808365175,hip hop,rap; Hip-Hop; winner in bed twista,1253.0,166.0,218.622963,0.0,3005.0,TRWVEDL128F4293EA3,3.490196875000002,,
TRXAQDZ128F14B0EDA,,,,,,,,,,,,,,,,,TRWVEDL128F4293EA3,,0.7158342283700388,0.7300440017706726
TRBEBJO128C719646B,,,,,,,,,,,,,,,,,TRWVTDX128F931ECEF,6.580796874999997,,
TRDPGXU128F9339C2A,SOELYON12AB01876A3,ARLHO5Z1187FB4C861,Beastie Boys,B-Boy Bouillabaisse: A.W.O.L. (2009 Digital Remaster),Paul's Boutique (20th Anniversary Remastered Edition),0.0,105.56036,0.853124523276,0.591628024008,hip hop,hip hop; leapsandbounds CDCollection,1746.0,505.0,153.652205,0.0,7106.0,TRWVTDX128F931ECEF,8.247765625,,
TRFUJVJ128F426F2A2,SOONCPO12AF72A1986,AR8W8P31187B9A4063,Lauryn Hill,Interlude 5,MTV Unplugged No. 2.0,2002.0,734.48444,0.697206464376,0.580125198887,r&b/soul,ms hill; the realness; The Truth; true; rnb,1903.0,409.0,215.044182,0.0,8072.0,TRWVTDX128F931ECEF,9.331,,
TRKXFLD128F1479BC0,,,,,,,,,,,,,,,,,TRWVTDX128F931ECEF,,0.7608096802470283,0.769496976440744
TROOJPJ128F14A2A86,,,,,,,,,,,,,,,,,TRWVTDX128F931ECEF,,0.76807974077668,0.776999349082176
TRVQHEV128F4259AB2,,,,,,,,,,,,,,,,,TRWVTDX128F931ECEF,,0.7468341453171969,
TRWSYHO128F4282346,SOKHOQG12A8C13EBF2,ARSE5NP1187B9B98AB,Twista,I'm A Winner (Amended Album Version),The Day After,2005.0,260.23138,0.889613554744,0.593808365175,hip hop,rap; Hip-Hop; winner in bed twista,1253.0,166.0,218.622963,0.0,5644.0,TRWVTDX128F931ECEF,,,
TRXYREI128F4261E8F,,,,,,,,,,,,,,,,,TRWVTDX128F931ECEF,,,0.7553429725110976
TRDPGXU128F9339C2A,SOELYON12AB01876A3,ARLHO5Z1187FB4C861,Beastie Boys,B-Boy Bouillabaisse: A.W.O.L. (2009 Digital Remaster),Paul's Boutique (20th Anniversary Remastered Edition),0.0,105.56036,0.853124523276,0.591628024008,hip hop,hip hop; leapsandbounds CDCollection,1746.0,505.0,153.652205,0.0,3248.0,TRWVZBZ128F1462E08,3.4291124999999996,,
TRDQYBC128F4277093,,,,,,,,,,,,,,,,,TRWVZBZ128F1462E08,,0.5270296594780619,0.5483085128288824
TRFUJVJ128F426F2A2,SOONCPO12AF72A1986,AR8W8P31187B9A4063,Lauryn Hill,Interlude 5,MTV Unplugged No. 2.0,2002.0,734.48444,0.697206464376,0.580125198887,r&b/soul,ms hill; the realness; The Truth; true; rnb,1903.0,409.0,215.044182,0.0,4526.0,TRWVZBZ128F1462E08,4.9031,,
TRLXZCU128F4298B33,,,,,,,,,,,,,,,,,TRWVZBZ128F1462E08,,0.5061057784346046,0.5266699434660874
TRRYCLJ128F42A56FF,,,,,,,,,,,,,,,,,TRWVZBZ128F1462E08,3.0764999999999976,0.6013791461857491,0.6159661448303315
TRWSYHO128F4282346,SOKHOQG12A8C13EBF2,ARSE5NP1187B9B98AB,Twista,I'm A Winner (Amended Album Version),The Day After,2005.0,260.23138,0.889613554744,0.593808365175,hip hop,rap; Hip-Hop; winner in bed twista,1253.0,166.0,218.622963,0.0,2679.0,TRWVZBZ128F1462E08,,,
TRBKKDM128F1482B85,,,,,,,,,,,,,,,,,TRWWVGC12903CB5C50,,,0.572026772174609
TRCDMRL12903CB105C,SONGXRA12AB017C646,ARQUKB81187B9A0010,Fatboy Slim,Acid 8000,You've Come A Long Way Baby 10th Anniversary Edition,1998.0,447.86893,0.850693244526,0.544717829143,electronic,electronic; big beat; electronica; dance; techno,418.0,20.0,143.989583,0.0,1375.0,TRWWVGC12903CB5C50,1.6740437499999998,,
TRCVXLC128F4233F8E,,,,,,,,,,,,,,,,,TRWWVGC12903CB5C50,,0.5771870902534983,0.590293211050988
TRDOVAF128F93112F7,,,,,,,,,,,,,,,,,TRWWVGC12903CB5C50,,0.5593264021266154,
TRGLNKG128F9307689,SOFVLYU12AB017F502,ARTH9041187FB43E1F,Eminem,My Darling,Relapse [Deluxe],2009.0,320.49587,0.871010615313,0.879236744738,hip hop,rap; detroit; Hip-Hop; Horrorcore; MOONH8SUN,1055.0,293.0,140.089257,0.0,1059.0,TRWWVGC12903CB5C50,,,
TRLCWTH128F92C7F82,SOYTFRL12A8C143157,ARJT1PO1187FB52E7D,Marques Houston,Cancel (Album Version),Marques Houston,0.0,238.8371,0.740455341569,0.492729093193,r&b/soul,rnb; slowjamz; Hip-Hop; nikki; soulpower,525.0,112.0,118.680243,0.0,1426.0,TRWWVGC12903CB5C50,1.7104812499999997,0.5693732708733631,0.5794378650979687
TRUEPSG128F149639E,,,,,,,,,,,,,,,,,TRWWVGC12903CB5C50,1.224475,,
TRDPGXU128F9339C2A,SOELYON12AB01876A3,ARLHO5Z1187FB4C861,Beastie Boys,B-Boy Bouillabaisse: A.W.O.L. (2009 Digital Remaster),Paul's Boutique (20th Anniversary Remastered Edition),0.0,105.56036,0.853124523276,0.591628024008,hip hop,hip hop; leapsandbounds CDCollection,1746.0,505.0,153.652205,0.0,2150.0,TRWZCIQ12903C97881,,,
TRFUJVJ128F426F2A2,SOONCPO12AF72A1986,AR8W8P31187B9A4063,Lauryn Hill,Interlude 5,MTV Unplugged No. 2.0,2002.0,734.48444,0.697206464376,0.580125198887,r&b/soul,ms hill; the realness; The Truth; true; rnb,1903.0,409.0,215.044182,0.0,3250.0,TRWZCIQ12903C97881,3.7451,,
TRGLNKG128F9307689,,,,,,,,,,,,,,,,,TRWZCIQ12903C97881,2.466971875000001,,
TRPZAPZ128F9341D3E,SOUFNEL12D021B2AEB,ARLMXEA1187B9A7D04,R. Kelly,Don't You Say No,TP-2.com,2000.0,246.93506,0.811506286892,0.796033968652,r&b/soul,rnb; Love; chillout; quiet storm; english lyrics,535.0,130.0,115.99569,0.0,2375.0,TRWZCIQ12903C97881,2.8628781249999986,0.742065030126675,0.7486364422954158
TRSEAVW128F429E22F,,,,,,,,,,,,,,,,,TRWZCIQ12903C97881,,0.6469414151461164,0.6610104303769662
TRTBBGQ128E078FE63,,,,,,,,,,,,,,,,,TRWZCIQ12903C97881,,0.6678917888501978,0.6800893517252719
TRCYLAX128F42B0D01,,,,,,,,,,,,,,,,,TRWZWOX128F935A084,,0.6863434513649246,0.6951663405273613
TRFUJVJ128F426F2A2,SOONCPO12AF72A1986,AR8W8P31187B9A4063,Lauryn Hill,Interlude 5,MTV Unplugged No. 2.0,2002.0,734.48444,0.697206464376,0.580125198887,r&b/soul,ms hill; the realness; The Truth; true; rnb,1903.0,409.0,215.044182,0.0,5677.0,TRWZWOX128F935A084,6.328049999999999,,
TRJVRGE128F149E808,,,,,,,,,,,,,,,,,TRWZWOX128F935A084,,0.7067527753415449,0.7159543389876427
TRJZQSM128F92C4D1B,,,,,,,,,,,,,,,,,TRWZWOX128F935A084,,0.6890688376692643,0.6980204346348534
TRUEPSG128F149639E,SOJPWZI12A6701D00C,ARUM60L1187B9A7E1F,Stevie Wonder,All Day Sucker,The Complete Stevie Wonder,1976.0,305.65832,0.757921011206,0.600265107973,r&b/soul,soul; funk; 70s; Stevie Wonder; motown,629.0,89.0,147.064612,0.0,5057.0,TRWZWOX128F935A084,6.0561375,,
TRXHMID128F42BA902,SOQQPYI12A8C13F84B,ARFR8SF1187FB5C174,Brick & Lace,Love Is Wicked,Love Is Wicked,2007.0,222.82404,0.692385911353,0.523984540659,r&b/soul,rnb; dancehall; female vocalists; love is wicked; dance,756.0,131.0,113.243101,0.0,5031.0,TRWZWOX128F935A084,5.981887500000003,,
TRCHZXW128E079288A,SOMEJDK12D0219BB71,ARTH9041187FB43E1F,Eminem,8 Mile,8 Mile,2002.0,359.3922,0.886183647684,0.852677055416,hip hop,rap; Hip-Hop; Eminem; Soundtrack; hip hop,1141.0,328.0,132.992481,0.0,2295.0,TRWZXDS128F427A71B,2.729399999999998,,
TRCPSEE128F934BC20,,,,,,,,,,,,,,,,,TRWZXDS128F427A71B,,0.6900789820755567,0.6898684822115774
TREBGAA128E078FC52,SOVYGAV12A58A7C3A9,AR24DZB1187FB3C869,Erykah Badu,I Want You,Worldwide Underground,2003.0,653.13914,0.855731901717,0.584841725537,r&b/soul,soul; Neo-Soul; female vocalists; rnb; Erykah Badu,617.0,98.0,153.163312,0.0,2292.0,TRWZXDS128F427A71B,2.7838499999999957,,
TRJHQUI128F9355211,,,,,,,,,,,,,,,,,TRWZXDS128F427A71B,,0.6830195837462293,0.6884824576413187
TRKLJAG128F42B31CF,SOTGRDJ12A8C13FE2A,ARB8DSE1187FB3CFC4,Mario Vazquez,Everytime I...,Mario Vazquez,2006.0,241.71057,0.723005147335,0.395148687525,r&b/soul,mario vazquez; Everytime I; soul; rnb; r&b,511.0,114.0,125.658267,0.0,2429.0,TRWZXDS128F427A71B,2.9687499999999996,,
TRVFUON128F92E2B10,,,,,,,,,,,,,,,,,TRWZXDS128F427A71B,,0.6978075195678672,0.7023112300132486
TRAMJWO128EF343C19,,,,,,,,,,,,,,,,,TRXACXM12903CEC365,,,0.6588063430184941
TRBVPVV128F425F14F,SOOHYOB12CF5F87A28,ARF8HTQ1187B9AE693,Daft Punk,Touch It / Technologic,Alive 2007,2007.0,329.45587,0.844450642835,1.01049028868,electronic,electronic; dance; techno; House; Daft Punk,687.0,175.0,153.756301,0.0,5679.0,TRXACXM12903CEC365,6.815512500000003,,
TRDLQGL128F1458AA5,,,,,,,,,,,,,,,,,TRXACXM12903CEC365,,0.6581809624414526,0.666852218837513
TRGUCIR128F933D817,SORMTGC12A6D4F6C8B,ARQUN9K1187B9B5BD7,Vanilla Ice,Ice Is Workin' It,To The Extreme,1990.0,275.43465,0.722075127339,0.463037021551,hip hop,rap; hiphop; 90s; cool as ice; leapsandbounds CDCollection,898.0,242.0,166.246804,0.0,5158.0,TRXACXM12903CEC365,6.108200000000002,,
TRJIDCS128F4255289,,,,,,,,,,,,,,,,,TRXACXM12903CEC365,,0.6498733519758759,
TRWSYHO128F4282346,SOKHOQG12A8C13EBF2,ARSE5NP1187B9B98AB,Twista,I'm A Winner (Amended Album Version),The Day After,2005.0,260.23138,0.889613554744,0.593808365175,hip hop,rap; Hip-Hop; winner in bed twista,1253.0,166.0,218.622963,0.0,5491.0,TRXACXM12903CEC365,6.394774999999999,,
TRXNFZG12903CAC9D9,,,,,,,,,,,,,,,,,TRXACXM12903CEC365,,0.6492831485413383,0.6596086700523046
TRCUZVN128F92F3C9A,,,,,,,,,,,,,,,,,TRXCQOC12903CB0BBA,,0.46324994839953076,0.48815745465517957
TRDPGXU128F9339C2A,SOELYON12AB01876A3,ARLHO5Z1187FB4C861,Beastie Boys,B-Boy Bouillabaisse: A.W.O.L. (2009 Digital Remaster),Paul's Boutique (20th Anniversary Remastered Edition),0.0,105.56036,0.853124523276,0.591628024008,hip hop,hip hop; leapsandbounds CDCollection,1746.0,505.0,153.652205,0.0,1278.0,TRXCQOC12903CB0BBA,1.370534375,,
TRFUJVJ128F426F2A2,SOONCPO12AF72A1986,AR8W8P31187B9A4063,Lauryn Hill,Interlude 5,MTV Unplugged No. 2.0,2002.0,734.48444,0.697206464376,0.580125198887,r&b/soul,ms hill; the realness; The Truth; true; rnb,1903.0,409.0,215.044182,0.0,1637.0,TRXCQOC12903CB0BBA,1.774849999999999,,
TRGQBAX128F426EFCA,,,,,,,,,,,,,,,,,TRXCQOC12903CB0BBA,,0.47014208976612054,0.49636157511637835
TRMZUWA12903C9AF06,,,,,,,,,,,,,,,,,TRXCQOC12903CB0BBA,,0.4701387893544146,0.5017708039497569
TRYCBLK12903CE6A0E,SOWQRYJ12AB0189461,ARJ5LS21187B991003,Twiztid,She Ain't Afraid,Psychopathics From Outer Space,1998.0,361.50812,0.738651094386,0.490733207715,hip hop,psychopathic; Horrorcore; cocaine; Porno; porn,1102.0,277.0,117.826143,0.0,1016.0,TRXCQOC12903CB0BBA,1.1119906250000007,,
TRDPGXU128F9339C2A,SOELYON12AB01876A3,ARLHO5Z1187FB4C861,Beastie Boys,B-Boy Bouillabaisse: A.W.O.L. (2009 Digital Remaster),Paul's Boutique (20th Anniversary Remastered Edition),0.0,105.56036,0.853124523276,0.591628024008,hip hop,hip hop; leapsandbounds CDCollection,1746.0,505.0,153.652205,0.0,1654.0,TRXEAZB128E078EDCE,1.8578453124999996,,
TRFLWJZ128F425C9E4,SOZTZRR12A58A80C97,AR82DJK1187B991107,The Pharcyde,Otha Fish,Bizarre Ride II The Pharcyde,1992.0,321.43628,0.756063870843,0.491468881637,hip hop,Hip-Hop; hip hop; oldschool; rap; oldskool,997.0,247.0,147.895233,0.0,1620.0,TRXEAZB128E078EDCE,1.8947109374999982,,
TRFUJVJ128F426F2A2,SOONCPO12AF72A1986,AR8W8P31187B9A4063,Lauryn Hill,Interlude 5,MTV Unplugged No. 2.0,2002.0,734.48444,0.697206464376,0.580125198887,r&b/soul,ms hill; the realness; The Truth; true; rnb,1903.0,409.0,215.044182,0.0,1569.0,TRXEAZB128E078EDCE,1.7105500000000007,,
TRJATQE12903CB4F22,,,,,,,,,,,,,,,,,TRXEAZB128E078EDCE,,0.49374101240535684,0.502848558997199
TROTNTX12903CE452F,,,,,,,,,,,,,,,,,TRXEAZB128E078EDCE,,0.491913762443669,0.5030027606581198
TRSYKVM128F14922FF,,,,,,,,,,,,,,,,,TRXEAZB128E078EDCE,,0.5351227047975462,0.5449923084908624
TRDPGXU128F9339C2A,SOELYON12AB01876A3,ARLHO5Z1187FB4C861,Beastie Boys,B-Boy Bouillabaisse: A.W.O.L. (2009 Digital Remaster),Paul's Boutique (20th Anniversary Remastered Edition),0.0,105.56036,0.853124523276,0.591628024008,hip hop,hip hop; leapsandbounds CDCollection,1746.0,505.0,153.652205,0.0,5407.0,TRXGBGU128F935A092,6.0413078124999995,,
TREAGMV128F933A01E,,,,,,,,,,,,,,,,,TRXGBGU128F935A092,,0.6562499972731521,
TRFUJVJ128F426F2A2,SOONCPO12AF72A1986,AR8W8P31187B9A4063,Lauryn Hill,Interlude 5,MTV Unplugged No. 2.0,2002.0,734.48444,0.697206464376,0.580125198887,r&b/soul,ms hill; the realness; The Truth; true; rnb,1903.0,409.0,215.044182,0.0,6535.0,TRXGBGU128F935A092,7.3108499999999985,,
TRJLMAI128F92EBB04,,,,,,,,,,,,,,,,,TRXGBGU128F935A092,,,0.6744386318958402
TRMXOMP128F427ECE8,,,,,,,,,,,,,,,,,TRXGBGU128F935A092,,0.7033672945159085,0.7169261586694056
TRVRIIT12903CD89B7,,,,,,,,,,,,,,,,,TRXGBGU128F935A092,,0.7160385288649276,0.734288180086579
TRWSYHO128F4282346,SOKHOQG12A8C13EBF2,ARSE5NP1187B9B98AB,Twista,I'm A Winner (Amended Album Version),The Day After,2005.0,260.23138,0.889613554744,0.593808365175,hip hop,rap; Hip-Hop; winner in bed twista,1253.0,166.0,218.622963,0.0,5135.0,TRXGBGU128F935A092,5.858084375000002,,
TREBGAA128E078FC52,SOVYGAV12A58A7C3A9,AR24DZB1187FB3C869,Erykah Badu,I Want You,Worldwide Underground,2003.0,653.13914,0.855731901717,0.584841725537,r&b/soul,soul; Neo-Soul; female vocalists; rnb; Erykah Badu,617.0,98.0,153.163312,0.0,4321.0,TRXIEYZ128E078891B,5.275298437500001,,
TRFLMQX128F9341492,,,,,,,,,,,,,,,,,TRXIEYZ128E078891B,,0.7866418999556793,0.7910766026911562
TRFUJVJ128F426F2A2,SOONCPO12AF72A1986,AR8W8P31187B9A4063,Lauryn Hill,Interlude 5,MTV Unplugged No. 2.0,2002.0,734.48444,0.697206464376,0.580125198887,r&b/soul,ms hill; the realness; The Truth; true; rnb,1903.0,409.0,215.044182,0.0,4719.0,TRXIEYZ128E078891B,5.556049999999999,,
TROWYLI128F4263DB4,,,,,,,,,,,,,,,,,TRXIEYZ128E078891B,,0.783383571439089,0.7877065265735056
TRTALMG128F42921BC,,,,,,,,,,,,,,,,,TRXIEYZ128E078891B,,0.7903152019747656,0.7947222995250784
TRWSYHO128F4282346,SOKHOQG12A8C13EBF2,ARSE5NP1187B9B98AB,Twista,I'm A Winner (Amended Album Version),The Day After,2005.0,260.23138,0.889613554744,0.593808365175,hip hop,rap; Hip-Hop; winner in bed twista,1253.0,166.0,218.622963,0.0,4640.0,TRXIEYZ128E078891B,5.576034375000001,,
TREBGAA128E078FC52,SOVYGAV12A58A7C3A9,AR24DZB1187FB3C869,Erykah Badu,I Want You,Worldwide Underground,2003.0,653.13914,0.855731901717,0.584841725537,r&b/soul,soul; Neo-Soul; female vocalists; rnb; Erykah Badu,617.0,98.0,153.163312,0.0,9587.0,TRXMQNH128F4287D61,11.593215625000003,,
TRFUJVJ128F426F2A2,SOONCPO12AF72A1986,AR8W8P31187B9A4063,Lauryn Hill,Interlude 5,MTV Unplugged No. 2.0,2002.0,734.48444,0.697206464376,0.580125198887,r&b/soul,ms hill; the realness; The Truth; true; rnb,1903.0,409.0,215.044182,0.0,10860.0,TRXMQNH128F4287D61,12.512399999999998,,
TRHEDYV128F14856FC,,,,,,,,,,,,,,,,,TRXMQNH128F4287D61,,0.7672246724298536,0.7740031409220594
TRSTJFQ128F428DA21,,,,,,,,,,,,,,,,,TRXMQNH128F4287D61,,0.7826517099758209,0.7889969690422559
TRWFFHM128F92F99C4,,,,,,,,,,,,,,,,,TRXMQNH128F4287D61,,0.7546189018184721,0.7634068533009658
TRWSYHO128F4282346,SOKHOQG12A8C13EBF2,ARSE5NP1187B9B98AB,Twista,I'm A Winner (Amended Album Version),The Day After,2005.0,260.23138,0.889613554744,0.593808365175,hip hop,rap; Hip-Hop; winner in bed twista,1253.0,166.0,218.622963,0.0,10022.0,TRXMQNH128F4287D61,11.833056249999995,,
TRIJHLY12903D0CE4D,SOAEBYL12AC468B119,AR1ZHZ51187FB37FEC,Violadores del Verso,Cantando,Vivir Para Contarlo,2006.0,312.92036,0.658189532108,0.503436953654,hip hop,Hip-Hop; spanish hip-hop; rap; spanish; hip hop,671.0,209.0,83.660026,0.0,1524.0,TRXMTST12903CCD9E1,1.8176953124999968,,
TRIXDIY128F425CDB4,,,,,,,,,,,,,,,,,TRXMTST12903CCD9E1,,0.7802429872353546,0.7852584688314189
TRLDVRO128F42941FD,,,,,,,,,,,,,,,,,TRXMTST12903CCD9E1,,0.7617791144494557,0.7665407811673396
TROIQZW128F9314A09,,,,,,,,,,,,,,,,,TRXMTST12903CCD9E1,,0.753662788741304,0.7589095832130647
TRRHCLC128F427D727,,,,,,,,,,,,,,,,,TRXMTST12903CCD9E1,1.5675390624999992,,
TRSABJR128F429C84B,SOHSYLR12A8C13B81E,ARFFL3N1187FB3F6AF,Tryo,Yakamonéyé,De Bouches À Oreilles,0.0,533.9424,0.683169800908,0.40306494702,reggae,reggae; french; francais; chill; live,753.0,140.0,97.262531,0.0,1327.0,TRXMTST12903CCD9E1,,,
TRTHNFG12903D0CE54,SONCVPT12AC468B123,AR1ZHZ51187FB37FEC,Violadores del Verso,Dale tiempo al rumor,Vivir Para Contarlo,2006.0,370.02404,0.658189532108,0.524275367928,hip hop,spanish; Hip-Hop; subelamusica; spanish rap; Doble V,749.0,199.0,99.95499,0.0,1910.0,TRXMTST12903CCD9E1,2.288476562499997,,
TRDOJIR128F42840C0,SODNFOU12A8C138A6E,AR3PN3R1187FB4CEBD,Horace Andy,Horse With No Name,Mek It Bun,2002.0,236.01587,0.626436381752,0.374271173856,reggae,roots reggae; great songs; animals; lala; OC,444.0,106.0,147.702404,0.0,1442.0,TRXNYOZ128F42BC146,1.7771999999999992,,
TREKUOP12903CD2BA7,SOWCNGU12AB018A844,ARVTEOO1187FB3D00F,Desmond Dekker,Mother Nature,The Very Best of Desmond Dekker,1989.0,214.93506,0.643056270399,0.442683188146,reggae,ska; reggae; Jamaican Ska; Mellow; raggae,165.0,46.0,77.213988,0.0,760.0,TRXNYOZ128F42BC146,0.9399624999999984,,
TRGNRZC128F146D620,,,,,,,,,,,,,,,,,TRXNYOZ128F42BC146,,0.7224198266299346,0.725573753806455
TRKKUWM128F92E4E1C,,,,,,,,,,,,,,,,,TRXNYOZ128F42BC146,,0.7541673297397262,0.7571808488447995
TRNKSYE128F145C9C9,,,,,,,,,,,,,,,,,TRXNYOZ128F42BC146,,0.7972877016601292,0.7995198612873297
TRZZQIP128F92EFEAD,SOUGPPL12AB018555B,ART50HO1187FB4D0ED,Abba,Move On,The Albums,1977.0,282.72281,0.74865929586,0.575691128555,pop,pop; 70s; abba; Disco; swedish,526.0,107.0,161.959872,0.0,1560.0,TRXNYOZ128F42BC146,1.9218812499999998,,
TRDPGXU128F9339C2A,SOELYON12AB01876A3,ARLHO5Z1187FB4C861,Beastie Boys,B-Boy Bouillabaisse: A.W.O.L. (2009 Digital Remaster),Paul's Boutique (20th Anniversary Remastered Edition),0.0,105.56036,0.853124523276,0.591628024008,hip hop,hip hop; leapsandbounds CDCollection,1746.0,505.0,153.652205,0.0,9603.0,TRXONIT128F9355F39,10.980481249999995,,
TRFUJVJ128F426F2A2,SOONCPO12AF72A1986,AR8W8P31187B9A4063,Lauryn Hill,Interlude 5,MTV Unplugged No. 2.0,2002.0,734.48444,0.697206464376,0.580125198887,r&b/soul,ms hill; the realness; The Truth; true; rnb,1903.0,409.0,215.044182,0.0,8911.0,TRXONIT128F9355F39,,,
TRISBQQ128F93217A2,,,,,,,,,,,,,,,,,TRXONIT128F9355F39,,0.7341236733774001,0.7439650839750799
TRLTYLK128F92FE6FF,,,,,,,,,,,,,,,,,TRXONIT128F9355F39,10.078881250000006,,
TRRSNPA128F148C45E,SOIUOEW12A67021D3D,AR8RXRI1187FB4104B,The Roots,Mellow My Man,From The Ground Up,0.0,288.31302,0.862795413749,0.600282490747,hip hop,Hip-Hop; jazzy; the roots; rap; hip hop,886.0,270.0,117.358425,0.0,8571.0,TRXONIT128F9355F39,10.167618750000006,,
TRTMQWK128F4241384,,,,,,,,,,,,,,,,,TRXONIT128F9355F39,,0.7001852146215051,0.71157910341231
TRWAFQY128F425EE78,,,,,,,,,,,,,,,,,TRXONIT128F9355F39,,0.7277660288484709,0.7329966718162472
TRFGZXT128F1492BA2,,,,,,,,,,,,,,,,,TRXQFEE128F145EC9A,,0.6842191821484808,0.6912959317893964
TRGALDE128F9306AA7,,,,,,,,,,,,,,,,,TRXQFEE128F145EC9A,,0.6958311274118794,0.7020804367392917
TRIFSVO128F429F94F,,,,,,,,,,,,,,,,,TRXQFEE128F145EC9A,,0.6628624488217085,0.6706164254888761
TRIJHLY12903D0CE4D,SOAEBYL12AC468B119,AR1ZHZ51187FB37FEC,Violadores del Verso,Cantando,Vivir Para Contarlo,2006.0,312.92036,0.658189532108,0.503436953654,hip hop,Hip-Hop; spanish hip-hop; rap; spanish; hip hop,671.0,209.0,83.660026,0.0,1433.0,TRXQFEE128F145EC9A,1.7060406250000006,,
TRTHNFG12903D0CE54,SONCVPT12AC468B123,AR1ZHZ51187FB37FEC,Violadores del Verso,Dale tiempo al rumor,Vivir Para Contarlo,2006.0,370.02404,0.658189532108,0.524275367928,hip hop,spanish; Hip-Hop; subelamusica; spanish rap; Doble V,749.0,199.0,99.95499,0.0,1636.0,TRXQFEE128F145EC9A,1.9483531249999997,,
TRWQZXS128F92DB731,SOLJOIC12A8C145316,ARVH6PU1187FB46B3F,Victor Manuelle,Lloré Lloré,Historia De Un Sonero,0.0,308.50567,0.668543746567,0.490615493311,latin,salsa; great to dance,365.0,79.0,77.369245,0.0,1349.0,TRXQFEE128F145EC9A,1.635543750000001,,
TRDPGXU128F9339C2A,SOELYON12AB01876A3,ARLHO5Z1187FB4C861,Beastie Boys,B-Boy Bouillabaisse: A.W.O.L. (2009 Digital Remaster),Paul's Boutique (20th Anniversary Remastered Edition),0.0,105.56036,0.853124523276,0.591628024008,hip hop,hip hop; leapsandbounds CDCollection,1746.0,505.0,153.652205,0.0,4548.0,TRXTJGV12903CAC0F8,5.134896874999999,,
TRFUJVJ128F426F2A2,SOONCPO12AF72A1986,AR8W8P31187B9A4063,Lauryn Hill,Interlude 5,MTV Unplugged No. 2.0,2002.0,734.48444,0.697206464376,0.580125198887,r&b/soul,ms hill; the realness; The Truth; true; rnb,1903.0,409.0,215.044182,0.0,6246.0,TRXTJGV12903CAC0F8,7.149699999999998,,
TRJWGLF128F149960E,,,,,,,,,,,,,,,,,TRXTJGV12903CAC0F8,,0.6615650972414149,0.676231874450324
TRSBDFP128F4226F52,,,,,,,,,,,,,,,,,TRXTJGV12903CAC0F8,,0.7004818479809751,0.7127793183019134
TRTUEDO12903CE3D8F,,,,,,,,,,,,,,,,,TRXTJGV12903CAC0F8,,0.6625085872091867,0.6798007357955193
TRWSYHO128F4282346,SOKHOQG12A8C13EBF2,ARSE5NP1187B9B98AB,Twista,I'm A Winner (Amended Album Version),The Day After,2005.0,260.23138,0.889613554744,0.593808365175,hip hop,rap; Hip-Hop; winner in bed twista,1253.0,166.0,218.622963,0.0,5069.0,TRXTJGV12903CAC0F8,5.906356250000001,,
TREBGAA128E078FC52,SOVYGAV12A58A7C3A9,AR24DZB1187FB3C869,Erykah Badu,I Want You,Worldwide Underground,2003.0,653.13914,0.855731901717,0.584841725537,r&b/soul,soul; Neo-Soul; female vocalists; rnb; Erykah Badu,617.0,98.0,153.163312,0.0,2926.0,TRXXPYK128F14805B7,3.5222500000000037,,
TRENDJC128F42790D9,,,,,,,,,,,,,,,,,TRXXPYK128F14805B7,,0.7425284398036525,0.7522530540869348
TRFUJVJ128F426F2A2,SOONCPO12AF72A1986,AR8W8P31187B9A4063,Lauryn Hill,Interlude 5,MTV Unplugged No. 2.0,2002.0,734.48444,0.697206464376,0.580125198887,r&b/soul,ms hill; the realness; The Truth; true; rnb,1903.0,409.0,215.044182,0.0,3709.0,TRXXPYK128F14805B7,4.26825,,
TRLQBZP12903CECC4A,,,,,,,,,,,,,,,,,TRXXPYK128F14805B7,,0.7368458846882777,0.7452540939763487
TRWSYHO128F4282346,SOKHOQG12A8C13EBF2,ARSE5NP1187B9B98AB,Twista,I'm A Winner (Amended Album Version),The Day After,2005.0,260.23138,0.889613554744,0.593808365175,hip hop,rap; Hip-Hop; winner in bed twista,1253.0,166.0,218.622963,0.0,3303.0,TRXXPYK128F14805B7,3.8882500000000007,,
TRZCHKB128F92CB740,,,,,,,,,,,,,,,,,TRXXPYK128F14805B7,,0.7288325625340265,0.7407846807501905
TRABMIY128F426EA8F,,,,,,,,,,,,,,,,,TRXZNNF12903CA6F9B,,0.814674432998892,0.8197302991983271
TRCTLQY128F92F1539,,,,,,,,,,,,,,,,,TRXZNNF12903CA6F9B,,0.8240806273792629,0.8292650210010611
TRDPGXU128F9339C2A,SOELYON12AB01876A3,ARLHO5Z1187FB4C861,Beastie Boys,B-Boy Bouillabaisse: A.W.O.L. (2009 Digital Remaster),Paul's Boutique (20th Anniversary Remastered Edition),0.0,105.56036,0.853124523276,0.591628024008,hip hop,hip hop; leapsandbounds CDCollection,1746.0,505.0,153.652205,0.0,3466.0,TRXZNNF12903CA6F9B,,,
TREBGAA128E078FC52,,,,,,,,,,,,,,,,,TRXZNNF12903CA6F9B,4.104750000000004,,
TRFUJVJ128F426F2A2,SOONCPO12AF72A1986,AR8W8P31187B9A4063,Lauryn Hill,Interlude 5,MTV Unplugged No. 2.0,2002.0,734.48444,0.697206464376,0.580125198887,r&b/soul,ms hill; the realness; The Truth; true; rnb,1903.0,409.0,215.044182,0.0,4698.0,TRXZNNF12903CA6F9B,5.504499999999998,,
TRLQBZP12903CECC4A,,,,,,,,,,,,,,,,,TRXZNNF12903CA6F9B,,0.8252726382151863,0.8306055308925484
TRWSYHO128F4282346,SOKHOQG12A8C13EBF2,ARSE5NP1187B9B98AB,Twista,I'm A Winner (Amended Album Version),The Day After,2005.0,260.23138,0.889613554744,0.593808365175,hip hop,rap; Hip-Hop; winner in bed twista,1253.0,166.0,218.622963,0.0,3862.0,TRXZNNF12903CA6F9B,4.587000000000001,,
TRCTLQY128F92F1539,,,,,,,,,,,,,,,,,TRYBPGK128F4255BE3,,0.8128360576799002,0.817231008371945
TREBGAA128E078FC52,SOVYGAV12A58A7C3A9,AR24DZB1187FB3C869,Erykah Badu,I Want You,Worldwide Underground,2003.0,653.13914,0.855731901717,0.584841725537,r&b/soul,soul; Neo-Soul; female vocalists; rnb; Erykah Badu,617.0,98.0,153.163312,0.0,6282.0,TRYBPGK128F4255BE3,7.665685937500004,,
TREIANS128F147AD97,,,,,,,,,,,,,,,,,TRYBPGK128F4255BE3,,0.8147521904392827,0.8188116606805397
TRFUJVJ128F426F2A2,SOONCPO12AF72A1986,AR8W8P31187B9A4063,Lauryn Hill,Interlude 5,MTV Unplugged No. 2.0,2002.0,734.48444,0.697206464376,0.580125198887,r&b/soul,ms hill; the realness; The Truth; true; rnb,1903.0,409.0,215.044182,0.0,7670.0,TRYBPGK128F4255BE3,9.079199999999995,,
TRLQBZP12903CECC4A,,,,,,,,,,,,,,,,,TRYBPGK128F4255BE3,,0.8149429309249495,0.8193274341404784
TRWSYHO128F4282346,SOKHOQG12A8C13EBF2,ARSE5NP1187B9B98AB,Twista,I'm A Winner (Amended Album Version),The Day After,2005.0,260.23138,0.889613554744,0.593808365175,hip hop,rap; Hip-Hop; winner in bed twista,1253.0,166.0,218.622963,0.0,6745.0,TRYBPGK128F4255BE3,8.099059375000001,,
TRASDCH128F92E53E5,,,,,,,,,,,,,,,,,TRYBZQD12903CD1380,,,0.7880236809033332
TRCHZXW128E079288A,SOMEJDK12D0219BB71,ARTH9041187FB43E1F,Eminem,8 Mile,8 Mile,2002.0,359.3922,0.886183647684,0.852677055416,hip hop,rap; Hip-Hop; Eminem; Soundtrack; hip hop,1141.0,328.0,132.992481,0.0,2269.0,TRYBZQD12903CD1380,2.6577078125000004,,
TRDPGXU128F9339C2A,SOELYON12AB01876A3,ARLHO5Z1187FB4C861,Beastie Boys,B-Boy Bouillabaisse: A.W.O.L. (2009 Digital Remaster),Paul's Boutique (20th Anniversary Remastered Edition),0.0,105.56036,0.853124523276,0.591628024008,hip hop,hip hop; leapsandbounds CDCollection,1746.0,505.0,153.652205,0.0,2505.0,TRYBZQD12903CD1380,2.8946671874999996,,
TRDSUZH128F425BAC3,,,,,,,,,,,,,,,,,TRYBZQD12903CD1380,,0.7796691403611457,0.7890104881257605
TREBQOW128F92C4549,,,,,,,,,,,,,,,,,TRYBZQD12903CD1380,,0.7784546780980023,
TRFUJVJ128F426F2A2,SOONCPO12AF72A1986,AR8W8P31187B9A4063,Lauryn Hill,Interlude 5,MTV Unplugged No. 2.0,2002.0,734.48444,0.697206464376,0.580125198887,r&b/soul,ms hill; the realness; The Truth; true; rnb,1903.0,409.0,215.044182,0.0,2189.0,TRYBZQD12903CD1380,2.45335,,
TRUSZCW128F92F13E1,,,,,,,,,,,,,,,,,TRYBZQD12903CD1380,,0.7842984035407897,0.7923614115045462
TRHZGZO128F9341C4A,,,,,,,,,,,,,,,,,TRYDDZE128F92F3B79,,0.7802368295158609,0.7856641174982398
TRIJHLY12903D0CE4D,SOAEBYL12AC468B119,AR1ZHZ51187FB37FEC,Violadores del Verso,Cantando,Vivir Para Contarlo,2006.0,312.92036,0.658189532108,0.503436953654,hip hop,Hip-Hop; spanish hip-hop; rap; spanish; hip hop,671.0,209.0,83.660026,0.0,1710.0,TRYDDZE128F92F3B79,2.0474015624999993,,
TRTHNFG12903D0CE54,SONCVPT12AC468B123,AR1ZHZ51187FB37FEC,Violadores del Verso,Dale tiempo al rumor,Vivir Para Contarlo,2006.0,370.02404,0.658189532108,0.524275367928,hip hop,spanish; Hip-Hop; subelamusica; spanish rap; Doble V,749.0,199.0,99.95499,0.0,1983.0,TRYDDZE128F92F3B79,2.3765578124999998,,
TRUGDLC128F428EA24,,,,,,,,,,,,,,,,,TRYDDZE128F92F3B79,,0.7900829710289098,0.796114779262946
TRWQZXS128F92DB731,SOLJOIC12A8C145316,ARVH6PU1187FB46B3F,Victor Manuelle,Lloré Lloré,Historia De Un Sonero,0.0,308.50567,0.668543746567,0.490615493311,latin,salsa; great to dance,365.0,79.0,77.369245,0.0,1406.0,TRYDDZE128F92F3B79,1.703884375000001,,
TRZQKDS128F92F22F3,,,,,,,,,,,,,,,,,TRYDDZE128F92F3B79,,0.7836564000730667,0.7890451967444105
TRKKUWM128F92E4E1C,SOHEIBB12AB01827CA,AR4T2NV1187B997CF3,Gemelli Diversi,Istruzioni Per L'(Ill)uso,Istruzioni per l'(ill)uso,2009.0,250.33098,0.641150864963,0.460028873289,hip hop,Hip Hop Italiano; italian; Jeff Mills; 123,413.0,102.0,59.388551,0.0,344.0,TRYFLQK128F92EF7F1,0.4120749999999999,,
TRLJSTZ128F4241831,,,,,,,,,,,,,,,,,TRYFLQK128F92EF7F1,,0.6614475128767512,0.6669873915233538
TRRVXQX128F429A0C4,SOECCGV12A8C13C130,ARI5PL11187FB35F7A,Fabrizio De Andrè,Sinan Capudan Pascià,1991 Concerti,0.0,324.46649,0.612914470451,0.408716004941,folk,folk; singer-songwriter; italian; blue; intelligent,351.0,80.0,56.480085,0.0,308.0,TRYFLQK128F92EF7F1,0.3685000000000004,,
TRTUKTS128F92D1044,,,,,,,,,,,,,,,,,TRYFLQK128F92EF7F1,,0.6617229035375339,0.6676322629936194
TRVIAUV128E0788AD4,,,,,,,,,,,,,,,,,TRYFLQK128F92EF7F1,,0.6972267565706735,0.7027642214999338
TRZRTPI12903D0954A,SOWUGGD12AC3DF92AF,ARCM3XF1187B9A9A0C,Flaminio Maphia,Quelli Che,Er Mejo 1997-2010,0.0,258.87302,0.560511722251,0.340719721917,hip hop,rap; Hip-Hop; italian rap; italian hip-hop,311.0,83.0,46.861498,0.0,353.0,TRYFLQK128F92EF7F1,0.4279000000000005,,
TRIAELA128F149EEE6,SOEVBBC12A6D4FAD23,AR92KZ11187FB53A73,Sniper,Panam All Star,Gravé Dans La Roche,0.0,468.40118,0.637670934382,0.428628226099,hip hop,rap; Hip-Hop; AMP; sniper; french,939.0,228.0,118.330047,0.0,906.0,TRYGDNA128E078780C,1.0704499999999992,,
TRMLZFP128F932290C,SOWCCYJ12AB017F83F,ARHL4JG1187FB400D6,Fonky Family,L'Amour Du Risque,Live Au Dôme De Marseille,1998.0,319.81669,0.573312967577,0.412724523871,hip hop,french; rap; french rap; Hip-Hop; French hip hop,750.0,218.0,87.806606,0.0,917.0,TRYGDNA128E078780C,1.0995000000000008,,
TRNERSA128F92E5B78,,,,,,,,,,,,,,,,,TRYGDNA128E078780C,,0.7661508738614401,0.7702577482588894
TRQPAUT128F148AFF8,,,,,,,,,,,,,,,,,TRYGDNA128E078780C,,0.7109584331368672,0.7160180143380986
TRSABJR128F429C84B,SOHSYLR12A8C13B81E,ARFFL3N1187FB3F6AF,Tryo,Yakamonéyé,De Bouches À Oreilles,0.0,533.9424,0.683169800908,0.40306494702,reggae,reggae; french; francais; chill; live,753.0,140.0,97.262531,0.0,923.0,TRYGDNA128E078780C,1.1033875000000015,,
TRTFZCQ128F1492159,,,,,,,,,,,,,,,,,TRYGDNA128E078780C,,0.7434953961936303,0.7484485448986042
TRDPGXU128F9339C2A,SOELYON12AB01876A3,ARLHO5Z1187FB4C861,Beastie Boys,B-Boy Bouillabaisse: A.W.O.L. (2009 Digital Remaster),Paul's Boutique (20th Anniversary Remastered Edition),0.0,105.56036,0.853124523276,0.591628024008,hip hop,hip hop; leapsandbounds CDCollection,1746.0,505.0,153.652205,0.0,3532.0,TRYGRKO128F9343244,3.8648968750000017,,
TRFLXHF128F145903A,,,,,,,,,,,,,,,,,TRYGRKO128F9343244,,0.6204585287408639,0.6412161312134071
TRFUJVJ128F426F2A2,SOONCPO12AF72A1986,AR8W8P31187B9A4063,Lauryn Hill,Interlude 5,MTV Unplugged No. 2.0,2002.0,734.48444,0.697206464376,0.580125198887,r&b/soul,ms hill; the realness; The Truth; true; rnb,1903.0,409.0,215.044182,0.0,3809.0,TRYGRKO128F9343244,4.103449999999998,,
TRGLNKG128F9307689,SOFVLYU12AB017F502,ARTH9041187FB43E1F,Eminem,My Darling,Relapse [Deluxe],2009.0,320.49587,0.871010615313,0.879236744738,hip hop,rap; detroit; Hip-Hop; Horrorcore; MOONH8SUN,1055.0,293.0,140.089257,0.0,2817.0,TRYGRKO128F9343244,3.1186156249999994,,
TRNKEPV128F425A56C,,,,,,,,,,,,,,,,,TRYGRKO128F9343244,,0.5890147315015509,0.6090663306209653
TRSSUAV128F148D60F,,,,,,,,,,,,,,,,,TRYGRKO128F9343244,,,0.6026763524231216
TRTIMMH128F92F2122,,,,,,,,,,,,,,,,,TRYGRKO128F9343244,,0.5793977069078271,
TRBXUMD12903CBB64D,,,,,,,,,,,,,,,,,TRYHHXT128F4276F89,,0.7930668090285976,0.8092966735575772
TRDPGXU128F9339C2A,SOELYON12AB01876A3,ARLHO5Z1187FB4C861,Beastie Boys,B-Boy Bouillabaisse: A.W.O.L. (2009 Digital Remaster),Paul's Boutique (20th Anniversary Remastered Edition),0.0,105.56036,0.853124523276,0.591628024008,hip hop,hip hop; leapsandbounds CDCollection,1746.0,505.0,153.652205,0.0,5453.0,TRYHHXT128F4276F89,6.073803124999997,,
TRDQIWP128F9342105,,,,,,,,,,,,,,,,,TRYHHXT128F4276F89,,0.7622132918618625,0.7825224390980428
TRFUJVJ128F426F2A2,SOONCPO12AF72A1986,AR8W8P31187B9A4063,Lauryn Hill,Interlude 5,MTV Unplugged No. 2.0,2002.0,734.48444,0.697206464376,0.580125198887,r&b/soul,ms hill; the realness; The Truth; true; rnb,1903.0,409.0,215.044182,0.0,6437.0,TRYHHXT128F4276F89,7.158449999999998,,
TRQSBLH128F148CB93,,,,,,,,,,,,,,,,,TRYHHXT128F4276F89,,0.7615667137426069,0.7775343206630656
TRWSYHO128F4282346,SOKHOQG12A8C13EBF2,ARSE5NP1187B9B98AB,Twista,I'm A Winner (Amended Album Version),The Day After,2005.0,260.23138,0.889613554744,0.593808365175,hip hop,rap; Hip-Hop; winner in bed twista,1253.0,166.0,218.622963,0.0,5239.0,TRYHHXT128F4276F89,5.96854375,,
TRDPGXU128F9339C2A,SOELYON12AB01876A3,ARLHO5Z1187FB4C861,Beastie Boys,B-Boy Bouillabaisse: A.W.O.L. (2009 Digital Remaster),Paul's Boutique (20th Anniversary Remastered Edition),0.0,105.56036,0.853124523276,0.591628024008,hip hop,hip hop; leapsandbounds CDCollection,1746.0,505.0,153.652205,0.0,1960.0,TRYIJWH128F146948C,2.188412500000001,,
TRFUJVJ128F426F2A2,SOONCPO12AF72A1986,AR8W8P31187B9A4063,Lauryn Hill,Interlude 5,MTV Unplugged No. 2.0,2002.0,734.48444,0.697206464376,0.580125198887,r&b/soul,ms hill; the realness; The Truth; true; rnb,1903.0,409.0,215.044182,0.0,2846.0,TRYIJWH128F146948C,3.244700000000001,,
TRGLNKG128F9307689,SOFVLYU12AB017F502,ARTH9041187FB43E1F,Eminem,My Darling,Relapse [Deluxe],2009.0,320.49587,0.871010615313,0.879236744738,hip hop,rap; detroit; Hip-Hop; Horrorcore; MOONH8SUN,1055.0,293.0,140.089257,0.0,2012.0,TRYIJWH128F146948C,2.3235375000000005,,
TRKAIPI128C719636E,,,,,,,,,,,,,,,,,TRYIJWH128F146948C,,0.5727308994552037,0.5862709205077544
TROJYOU12903CBD2A8,,,,,,,,,,,,,,,,,TRYIJWH128F146948C,,0.5218987340759429,0.538524382315772
TRUYEQB128F930F787,,,,,,,,,,,,,,,,,TRYIJWH128F146948C,,0.9556725161526061,0.9567355016832566
TRDPGXU128F9339C2A,SOELYON12AB01876A3,ARLHO5Z1187FB4C861,Beastie Boys,B-Boy Bouillabaisse: A.W.O.L. (2009 Digital Remaster),Paul's Boutique (20th Anniversary Remastered Edition),0.0,105.56036,0.853124523276,0.591628024008,hip hop,hip hop; leapsandbounds CDCollection,1746.0,505.0,153.652205,0.0,1522.0,TRYIKZR128E0783C64,1.6736109375000001,,
TRFUJVJ128F426F2A2,SOONCPO12AF72A1986,AR8W8P31187B9A4063,Lauryn Hill,Interlude 5,MTV Unplugged No. 2.0,2002.0,734.48444,0.697206464376,0.580125198887,r&b/soul,ms hill; the realness; The Truth; true; rnb,1903.0,409.0,215.044182,0.0,1485.0,TRYIKZR128E0783C64,1.5825500000000006,,
TRLNVUY128F1468C64,,,,,,,,,,,,,,,,,TRYIKZR128E0783C64,,0.582158175096969,0.6012765820603042
TRQNGIX12903CF36EB,,,,,,,,,,,,,,,,,TRYIKZR128E0783C64,,0.573188302492399,0.5853071854852668
TRRSNPA128F148C45E,SOIUOEW12A67021D3D,AR8RXRI1187FB4104B,The Roots,Mellow My Man,From The Ground Up,0.0,288.31302,0.862795413749,0.600282490747,hip hop,Hip-Hop; jazzy; the roots; rap; hip hop,886.0,270.0,117.358425,0.0,1342.0,TRYIKZR128E0783C64,1.5553390624999996,,
TRYWIXE128F9353971,,,,,,,,,,,,,,,,,TRYIKZR128E0783C64,,0.5772949172585252,0.5965315473346697
TREBGAA128E078FC52,SOVYGAV12A58A7C3A9,AR24DZB1187FB3C869,Erykah Badu,I Want You,Worldwide Underground,2003.0,653.13914,0.855731901717,0.584841725537,r&b/soul,soul; Neo-Soul; female vocalists; rnb; Erykah Badu,617.0,98.0,153.163312,0.0,3295.0,TRYIYFG128F42603CC,3.9665937499999973,,
TRFUJVJ128F426F2A2,SOONCPO12AF72A1986,AR8W8P31187B9A4063,Lauryn Hill,Interlude 5,MTV Unplugged No. 2.0,2002.0,734.48444,0.697206464376,0.580125198887,r&b/soul,ms hill; the realness; The Truth; true; rnb,1903.0,409.0,215.044182,0.0,4434.0,TRYIYFG128F42603CC,5.128500000000002,,
TRIXAYK128F427F151,,,,,,,,,,,,,,,,,TRYIYFG128F42603CC,,0.7286355859195853,0.73902950200792
TRKVZXR128F429035D,,,,,,,,,,,,,,,,,TRYIYFG128F42603CC,,0.7221200548834412,0.732366781996161
TRLQBZP12903CECC4A,,,,,,,,,,,,,,,,,TRYIYFG128F42603CC,,0.7167680783185899,0.7259206311014332
TRWSYHO128F4282346,SOKHOQG12A8C13EBF2,ARSE5NP1187B9B98AB,Twista,I'm A Winner (Amended Album Version),The Day After,2005.0,260.23138,0.889613554744,0.593808365175,hip hop,rap; Hip-Hop; winner in bed twista,1253.0,166.0,218.622963,0.0,3783.0,TRYIYFG128F42603CC,4.4581875,,
TRDPGXU128F9339C2A,SOELYON12AB01876A3,ARLHO5Z1187FB4C861,Beastie Boys,B-Boy Bouillabaisse: A.W.O.L. (2009 Digital Remaster),Paul's Boutique (20th Anniversary Remastered Edition),0.0,105.56036,0.853124523276,0.591628024008,hip hop,hip hop; leapsandbounds CDCollection,1746.0,505.0,153.652205,0.0,1450.0,TRYKKOX128F4241839,1.5893812500000004,,
TRFUJVJ128F426F2A2,SOONCPO12AF72A1986,AR8W8P31187B9A4063,Lauryn Hill,Interlude 5,MTV Unplugged No. 2.0,2002.0,734.48444,0.697206464376,0.580125198887,r&b/soul,ms hill; the realness; The Truth; true; rnb,1903.0,409.0,215.044182,0.0,1644.0,TRYKKOX128F4241839,1.7881999999999993,,
TRGURIJ128E078780B,,,,,,,,,,,,,,,,,TRYKKOX128F4241839,,0.9999999999999946,1.0000000000000002
TRQAWKR128F425EEC3,SOFHEBR12CF5F892C7,ARXPPEY1187FB51DF4,Michael Jackson,Man In The Mirror,HIStory - PAST_ PRESENT AND FUTURE - Book I,1987.0,319.29424,0.855245195586,0.899991594263,pop,pop; michael jackson; 80s; soul; king of pop,1543.0,135.0,200.024998,0.0,1486.0,TRYKKOX128F4241839,1.6287624999999992,,
TRVIJFO128F92D7E38,,,,,,,,,,,,,,,,,TRYKKOX128F4241839,,0.5348766313315363,0.5532172062804781
TRVZCMZ128F92F15D2,,,,,,,,,,,,,,,,,TRYKKOX128F4241839,,0.4813176335877628,0.5002960267694229
TRDPGXU128F9339C2A,SOELYON12AB01876A3,ARLHO5Z1187FB4C861,Beastie Boys,B-Boy Bouillabaisse: A.W.O.L. (2009 Digital Remaster),Paul's Boutique (20th Anniversary Remastered Edition),0.0,105.56036,0.853124523276,0.591628024008,hip hop,hip hop; leapsandbounds CDCollection,1746.0,505.0,153.652205,0.0,3635.0,TRYMCCD128F421CD27,,,
TREBGAA128E078FC52,,,,,,,,,,,,,,,,,TRYMCCD128F421CD27,4.160218750000003,,
TRFUJVJ128F426F2A2,SOONCPO12AF72A1986,AR8W8P31187B9A4063,Lauryn Hill,Interlude 5,MTV Unplugged No. 2.0,2002.0,734.48444,0.697206464376,0.580125198887,r&b/soul,ms hill; the realness; The Truth; true; rnb,1903.0,409.0,215.044182,0.0,4753.0,TRYMCCD128F421CD27,5.34325,,
TRSTSNL128E0781C06,,,,,,,,,,,,,,,,,TRYMCCD128F421CD27,,0.7185938175801622,0.7325219522759784
TRWLKBS12903CC57D7,,,,,,,,,,,,,,,,,TRYMCCD128F421CD27,,0.7117842712995417,0.7279971810899087
TRWSYHO128F4282346,SOKHOQG12A8C13EBF2,ARSE5NP1187B9B98AB,Twista,I'm A Winner (Amended Album Version),The Day After,2005.0,260.23138,0.889613554744,0.593808365175,hip hop,rap; Hip-Hop; winner in bed twista,1253.0,166.0,218.622963,0.0,3783.0,TRYMCCD128F421CD27,4.3379375000000024,,
TRYXJHS128F429E02B,,,,,,,,,,,,,,,,,TRYMCCD128F421CD27,,0.7086845694897079,0.7233155202192146
TRAQYXB128F92EC315,,,,,,,,,,,,,,,,,TRYMMVG128F9340B1B,,0.47011079870343625,0.48924194357973777
TRDPGXU128F9339C2A,SOELYON12AB01876A3,ARLHO5Z1187FB4C861,Beastie Boys,B-Boy Bouillabaisse: A.W.O.L. (2009 Digital Remaster),Paul's Boutique (20th Anniversary Remastered Edition),0.0,105.56036,0.853124523276,0.591628024008,hip hop,hip hop; leapsandbounds CDCollection,1746.0,505.0,153.652205,0.0,542.0,TRYMMVG128F9340B1B,0.533242187500001,,
TRFLWJZ128F425C9E4,SOZTZRR12A58A80C97,AR82DJK1187B991107,The Pharcyde,Otha Fish,Bizarre Ride II The Pharcyde,1992.0,321.43628,0.756063870843,0.491468881637,hip hop,Hip-Hop; hip hop; oldschool; rap; oldskool,997.0,247.0,147.895233,0.0,529.0,TRYMMVG128F9340B1B,0.5716015625000012,,
TRFUJVJ128F426F2A2,SOONCPO12AF72A1986,AR8W8P31187B9A4063,Lauryn Hill,Interlude 5,MTV Unplugged No. 2.0,2002.0,734.48444,0.697206464376,0.580125198887,r&b/soul,ms hill; the realness; The Truth; true; rnb,1903.0,409.0,215.044182,0.0,655.0,TRYMMVG128F9340B1B,0.6462499999999998,,
TRGJECL128F146752C,,,,,,,,,,,,,,,,,TRYMMVG128F9340B1B,,0.43178694687704106,0.4567400573695089
TRPCRIV12903CD6882,,,,,,,,,,,,,,,,,TRYMMVG128F9340B1B,,0.4454531732992485,0.4641938517020844
TRDPGXU128F9339C2A,SOELYON12AB01876A3,ARLHO5Z1187FB4C861,Beastie Boys,B-Boy Bouillabaisse: A.W.O.L. (2009 Digital Remaster),Paul's Boutique (20th Anniversary Remastered Edition),0.0,105.56036,0.853124523276,0.591628024008,hip hop,hip hop; leapsandbounds CDCollection,1746.0,505.0,153.652205,0.0,3494.0,TRYNAAP128F427EF64,4.071290624999999,,
TRFUJVJ128F426F2A2,SOONCPO12AF72A1986,AR8W8P31187B9A4063,Lauryn Hill,Interlude 5,MTV Unplugged No. 2.0,2002.0,734.48444,0.697206464376,0.580125198887,r&b/soul,ms hill; the realness; The Truth; true; rnb,1903.0,409.0,215.044182,0.0,3703.0,TRYNAAP128F427EF64,4.2745500000000005,,
TRJWMLB128E0793F6C,,,,,,,,,,,,,,,,,TRYNAAP128F427EF64,,0.6837850855869895,0.6914900399419549
TRMJEPW128F422A4AE,,,,,,,,,,,,,,,,,TRYNAAP128F427EF64,,0.6869066333973676,0.6946715261934102
TRVQVOK128F423C8B6,,,,,,,,,,,,,,,,,TRYNAAP128F427EF64,,0.7716130694009653,0.7771210723403891
TRWSYHO128F4282346,SOKHOQG12A8C13EBF2,ARSE5NP1187B9B98AB,Twista,I'm A Winner (Amended Album Version),The Day After,2005.0,260.23138,0.889613554744,0.593808365175,hip hop,rap; Hip-Hop; winner in bed twista,1253.0,166.0,218.622963,0.0,3410.0,TRYNAAP128F427EF64,4.0310187499999985,,
TRDJYOH128F429B2F8,,,,,,,,,,,,,,,,,TRYNZAL128F1464B5A,,0.7895723176353723,
TRFUJVJ128F426F2A2,SOONCPO12AF72A1986,AR8W8P31187B9A4063,Lauryn Hill,Interlude 5,MTV Unplugged No. 2.0,2002.0,734.48444,0.697206464376,0.580125198887,r&b/soul,ms hill; the realness; The Truth; true; rnb,1903.0,409.0,215.044182,0.0,5323.0,TRYNZAL128F1464B5A,6.205250000000001,,
TRGNWZK128F42960A4,,,,,,,,,,,,,,,,,TRYNZAL128F1464B5A,,0.8117365374398727,0.8171996183834259
TRKKXHG128F421A24C,,,,,,,,,,,,,,,,,TRYNZAL128F1464B5A,,,0.7968144145664815
TRRBFPC12903CDF853,,,,,,,,,,,,,,,,,TRYNZAL128F1464B5A,,0.8165288629506875,0.8221052713222236
TRUGLTC128F4227B93,SOUSFNM12A6D4FCDAD,AR4503S1187FB43199,Danity Kane,Hold Me Down (Album Version),Danity Kane,2006.0,237.60934,0.854297752323,0.531302988552,r&b/soul,dance; Hold Me Down; Danity Kane; rnb; party,766.0,149.0,159.499216,0.0,4160.0,TRYNZAL128F1464B5A,4.9922031250000005,,
TRWSYHO128F4282346,SOKHOQG12A8C13EBF2,ARSE5NP1187B9B98AB,Twista,I'm A Winner (Amended Album Version),The Day After,2005.0,260.23138,0.889613554744,0.593808365175,hip hop,rap; Hip-Hop; winner in bed twista,1253.0,166.0,218.622963,0.0,5013.0,TRYNZAL128F1464B5A,5.973140624999998,,
TRDPGXU128F9339C2A,SOELYON12AB01876A3,ARLHO5Z1187FB4C861,Beastie Boys,B-Boy Bouillabaisse: A.W.O.L. (2009 Digital Remaster),Paul's Boutique (20th Anniversary Remastered Edition),0.0,105.56036,0.853124523276,0.591628024008,hip hop,hip hop; leapsandbounds CDCollection,1746.0,505.0,153.652205,0.0,2241.0,TRYOIZM128F14567A0,2.3357781249999996,,
TRFUJVJ128F426F2A2,SOONCPO12AF72A1986,AR8W8P31187B9A4063,Lauryn Hill,Interlude 5,MTV Unplugged No. 2.0,2002.0,734.48444,0.697206464376,0.580125198887,r&b/soul,ms hill; the realness; The Truth; true; rnb,1903.0,409.0,215.044182,0.0,2508.0,TRYOIZM128F14567A0,2.5784,,
TROFSLV128F92E389A,,,,,,,,,,,,,,,,,TRYOIZM128F14567A0,,0.65008957636537,0.67493263812083
TRQAWKR128F425EEC3,SOFHEBR12CF5F892C7,ARXPPEY1187FB51DF4,Michael Jackson,Man In The Mirror,HIStory - PAST_ PRESENT AND FUTURE - Book I,1987.0,319.29424,0.855245195586,0.899991594263,pop,pop; michael jackson; 80s; soul; king of pop,1543.0,135.0,200.024998,0.0,2060.0,TRYOIZM128F14567A0,2.0978062499999997,,
TRQZEGA128F428FEFE,,,,,,,,,,,,,,,,,TRYOIZM128F14567A0,,0.6572485236859053,0.6720943098962607
TRTLLMP128F9307700,,,,,,,,,,,,,,,,,TRYOIZM128F14567A0,,0.6759179570691156,0.6899667082079847
TRDPGXU128F9339C2A,SOELYON12AB01876A3,ARLHO5Z1187FB4C861,Beastie Boys,B-Boy Bouillabaisse: A.W.O.L. (2009 Digital Remaster),Paul's Boutique (20th Anniversary Remastered Edition),0.0,105.56036,0.853124523276,0.591628024008,hip hop,hip hop; leapsandbounds CDCollection,1746.0,505.0,153.652205,0.0,2353.0,TRYPBLE128F1459DD1,2.5873375,,
TRFUJVJ128F426F2A2,SOONCPO12AF72A1986,AR8W8P31187B9A4063,Lauryn Hill,Interlude 5,MTV Unplugged No. 2.0,2002.0,734.48444,0.697206464376,0.580125198887,r&b/soul,ms hill; the realness; The Truth; true; rnb,1903.0,409.0,215.044182,0.0,3566.0,TRYPBLE128F1459DD1,4.034300000000001,,
TRGLNKG128F9307689,SOFVLYU12AB017F502,ARTH9041187FB43E1F,Eminem,My Darling,Relapse [Deluxe],2009.0,320.49587,0.871010615313,0.879236744738,hip hop,rap; detroit; Hip-Hop; Horrorcore; MOONH8SUN,1055.0,293.0,140.089257,0.0,1938.0,TRYPBLE128F1459DD1,2.1634625000000005,,
TRQJRCN12903CAF915,,,,,,,,,,,,,,,,,TRYPBLE128F1459DD1,,0.5726762495305382,0.5845351665659776
TRRHARM128F9327ADE,,,,,,,,,,,,,,,,,TRYPBLE128F1459DD1,,0.5732716208749944,0.5868124042218467
TRWREZO128F1458FAC,,,,,,,,,,,,,,,,,TRYPBLE128F1459DD1,,0.6110328052812777,0.615703793608475
TRDPGXU128F9339C2A,SOELYON12AB01876A3,ARLHO5Z1187FB4C861,Beastie Boys,B-Boy Bouillabaisse: A.W.O.L. (2009 Digital Remaster),Paul's Boutique (20th Anniversary Remastered Edition),0.0,105.56036,0.853124523276,0.591628024008,hip hop,hip hop; leapsandbounds CDCollection,1746.0,505.0,153.652205,0.0,6212.0,TRYPJXU128F92F621C,6.951385937500003,,
TREBQOW128F92C4549,,,,,,,,,,,,,,,,,TRYPJXU128F92F621C,,0.7840532615903884,
TRFUJVJ128F426F2A2,SOONCPO12AF72A1986,AR8W8P31187B9A4063,Lauryn Hill,Interlude 5,MTV Unplugged No. 2.0,2002.0,734.48444,0.697206464376,0.580125198887,r&b/soul,ms hill; the realness; The Truth; true; rnb,1903.0,409.0,215.044182,0.0,6656.0,TRYPJXU128F92F621C,7.347099999999998,,
TRTPMBB128F42934F8,,,,,,,,,,,,,,,,,TRYPJXU128F92F621C,,,0.7965843346099727
TRVVBPB128F4250C72,,,,,,,,,,,,,,,,,TRYPJXU128F92F621C,,0.7869389038693279,0.7988456064628982
TRWSYHO128F4282346,SOKHOQG12A8C13EBF2,ARSE5NP1187B9B98AB,Twista,I'm A Winner (Amended Album Version),The Day After,2005.0,260.23138,0.889613554744,0.593808365175,hip hop,rap; Hip-Hop; winner in bed twista,1253.0,166.0,218.622963,0.0,5848.0,TRYPJXU128F92F621C,6.674178124999997,,
TRZCHKB128F92CB740,,,,,,,,,,,,,,,,,TRYPJXU128F92F621C,,0.797192147990079,0.8103825781285219
TRBZXAC12903CBB0CE,,,,,,,,,,,,,,,,,TRYQVKS128F4259A11,,,0.6853527735800584
TRCJKRP128F14A8FCC,,,,,,,,,,,,,,,,,TRYQVKS128F4259A11,,0.669716967729782,
TRDPGXU128F9339C2A,SOELYON12AB01876A3,ARLHO5Z1187FB4C861,Beastie Boys,B-Boy Bouillabaisse: A.W.O.L. (2009 Digital Remaster),Paul's Boutique (20th Anniversary Remastered Edition),0.0,105.56036,0.853124523276,0.591628024008,hip hop,hip hop; leapsandbounds CDCollection,1746.0,505.0,153.652205,0.0,2783.0,TRYQVKS128F4259A11,3.171,,
TRENDJC128F42790D9,,,,,,,,,,,,,,,,,TRYQVKS128F4259A11,,0.6711500040743347,
TREWWOJ128F42742B2,,,,,,,,,,,,,,,,,TRYQVKS128F4259A11,,,0.6848710777238295
TRFUJVJ128F426F2A2,SOONCPO12AF72A1986,AR8W8P31187B9A4063,Lauryn Hill,Interlude 5,MTV Unplugged No. 2.0,2002.0,734.48444,0.697206464376,0.580125198887,r&b/soul,ms hill; the realness; The Truth; true; rnb,1903.0,409.0,215.044182,0.0,3945.0,TRYQVKS128F4259A11,4.56325,,
TRQAWKR128F425EEC3,SOFHEBR12CF5F892C7,ARXPPEY1187FB51DF4,Michael Jackson,Man In The Mirror,HIStory - PAST_ PRESENT AND FUTURE - Book I,1987.0,319.29424,0.855245195586,0.899991594263,pop,pop; michael jackson; 80s; soul; king of pop,1543.0,135.0,200.024998,0.0,2768.0,TRYQVKS128F4259A11,3.144499999999997,,
TRVVIWJ128F42697BA,,,,,,,,,,,,,,,,,TRYQVKS128F4259A11,,0.6727633351225778,0.688377986229675
TRCHZXW128E079288A,SOMEJDK12D0219BB71,ARTH9041187FB43E1F,Eminem,8 Mile,8 Mile,2002.0,359.3922,0.886183647684,0.852677055416,hip hop,rap; Hip-Hop; Eminem; Soundtrack; hip hop,1141.0,328.0,132.992481,0.0,1876.0,TRYRCXF128F424183D,2.156296875000001,,
TRDPGXU128F9339C2A,SOELYON12AB01876A3,ARLHO5Z1187FB4C861,Beastie Boys,B-Boy Bouillabaisse: A.W.O.L. (2009 Digital Remaster),Paul's Boutique (20th Anniversary Remastered Edition),0.0,105.56036,0.853124523276,0.591628024008,hip hop,hip hop; leapsandbounds CDCollection,1746.0,505.0,153.652205,0.0,2240.0,TRYRCXF128F424183D,2.5499531250000005,,
TRFUJVJ128F426F2A2,SOONCPO12AF72A1986,AR8W8P31187B9A4063,Lauryn Hill,Interlude 5,MTV Unplugged No. 2.0,2002.0,734.48444,0.697206464376,0.580125198887,r&b/soul,ms hill; the realness; The Truth; true; rnb,1903.0,409.0,215.044182,0.0,2325.0,TRYRCXF128F424183D,2.6072499999999996,,
TRFWXOJ12903CED198,,,,,,,,,,,,,,,,,TRYRCXF128F424183D,,0.9944536467064766,0.9947246396459665
TROOJPJ128F14A2A86,,,,,,,,,,,,,,,,,TRYRCXF128F424183D,,0.7371923298814056,0.7508391938954497
TRQCXUL128E078A9D6,,,,,,,,,,,,,,,,,TRYRCXF128F424183D,,0.7230060150130494,0.7387241738395302
TRDPGXU128F9339C2A,SOELYON12AB01876A3,ARLHO5Z1187FB4C861,Beastie Boys,B-Boy Bouillabaisse: A.W.O.L. (2009 Digital Remaster),Paul's Boutique (20th Anniversary Remastered Edition),0.0,105.56036,0.853124523276,0.591628024008,hip hop,hip hop; leapsandbounds CDCollection,1746.0,505.0,153.652205,0.0,1407.0,TRYSJKQ128F4259A73,1.556789062499999,0.6210111243512164,0.6491256390286232
TRFUJVJ128F426F2A2,SOONCPO12AF72A1986,AR8W8P31187B9A4063,Lauryn Hill,Interlude 5,MTV Unplugged No. 2.0,2002.0,734.48444,0.697206464376,0.580125198887,r&b/soul,ms hill; the realness; The Truth; true; rnb,1903.0,409.0,215.044182,0.0,1438.0,TRYSJKQ128F4259A73,1.5559999999999994,,
TRGXGMH128F92F5B48,,,,,,,,,,,,,,,,,TRYSJKQ128F4259A73,,0.6295263127494259,0.6533716809077528
TRMRNDW128F4292475,,,,,,,,,,,,,,,,,TRYSJKQ128F4259A73,,0.6312523736707436,0.658400987137392
TRWSYHO128F4282346,SOKHOQG12A8C13EBF2,ARSE5NP1187B9B98AB,Twista,I'm A Winner (Amended Album Version),The Day After,2005.0,260.23138,0.889613554744,0.593808365175,hip hop,rap; Hip-Hop; winner in bed twista,1253.0,166.0,218.622963,0.0,1226.0,TRYSJKQ128F4259A73,1.3746718749999998,,
TRBJSDA128F42413CC,,,,,,,,,,,,,,,,,TRYYJHJ128F9340B19,,0.6510583634580377,0.6679150172978023
TRDBLNP128F93427D7,,,,,,,,,,,,,,,,,TRYYJHJ128F9340B19,,0.6710883643746642,0.6855150363674519
TRDPGXU128F9339C2A,SOELYON12AB01876A3,ARLHO5Z1187FB4C861,Beastie Boys,B-Boy Bouillabaisse: A.W.O.L. (2009 Digital Remaster),Paul's Boutique (20th Anniversary Remastered Edition),0.0,105.56036,0.853124523276,0.591628024008,hip hop,hip hop; leapsandbounds CDCollection,1746.0,505.0,153.652205,0.0,1496.0,TRYYJHJ128F9340B19,1.6949671874999992,,
TRFUJVJ128F426F2A2,SOONCPO12AF72A1986,AR8W8P31187B9A4063,Lauryn Hill,Interlude 5,MTV Unplugged No. 2.0,2002.0,734.48444,0.697206464376,0.580125198887,r&b/soul,ms hill; the realness; The Truth; true; rnb,1903.0,409.0,215.044182,0.0,1853.0,TRYYJHJ128F9340B19,2.106949999999998,,
TRGLNKG128F9307689,SOFVLYU12AB017F502,ARTH9041187FB43E1F,Eminem,My Darling,Relapse [Deluxe],2009.0,320.49587,0.871010615313,0.879236744738,hip hop,rap; detroit; Hip-Hop; Horrorcore; MOONH8SUN,1055.0,293.0,140.089257,0.0,1283.0,TRYYJHJ128F9340B19,1.4756390625,,
TRPMDDK12903D0D320,,,,,,,,,,,,,,,,,TRYYJHJ128F9340B19,,0.6515867411708324,
TRQMION128E078F6F6,,,,,,,,,,,,,,,,,TRYYJHJ128F9340B19,,,0.6672072895572354
TRAUNHR128F92DBBC1,,,,,,,,,,,,,,,,,TRZDKCU128F1456899,2.0020999999999987,,
TRDPGXU128F9339C2A,SOELYON12AB01876A3,ARLHO5Z1187FB4C861,Beastie Boys,B-Boy Bouillabaisse: A.W.O.L. (2009 Digital Remaster),Paul's Boutique (20th Anniversary Remastered Edition),0.0,105.56036,0.853124523276,0.591628024008,hip hop,hip hop; leapsandbounds CDCollection,1746.0,505.0,153.652205,0.0,1739.0,TRZDKCU128F1456899,,,
TRFUJVJ128F426F2A2,SOONCPO12AF72A1986,AR8W8P31187B9A4063,Lauryn Hill,Interlude 5,MTV Unplugged No. 2.0,2002.0,734.48444,0.697206464376,0.580125198887,r&b/soul,ms hill; the realness; The Truth; true; rnb,1903.0,409.0,215.044182,0.0,2012.0,TRZDKCU128F1456899,2.1562000000000006,,
TRGUCIR128F933D817,SORMTGC12A6D4F6C8B,ARQUN9K1187B9B5BD7,Vanilla Ice,Ice Is Workin' It,To The Extreme,1990.0,275.43465,0.722075127339,0.463037021551,hip hop,rap; hiphop; 90s; cool as ice; leapsandbounds CDCollection,898.0,242.0,166.246804,0.0,1897.0,TRZDKCU128F1456899,2.2016000000000004,,
TRNTRQP128F931B102,,,,,,,,,,,,,,,,,TRZDKCU128F1456899,,0.532797256936094,0.5420594861518362
TRSCFSP128F9315B0D,,,,,,,,,,,,,,,,,TRZDKCU128F1456899,,0.46111795253501403,0.4747024126725687
TRWQJFO128F9320B80,,,,,,,,,,,,,,,,,TRZDKCU128F1456899,,0.5448581044379185,0.5581581428906076
TREBGAA128E078FC52,SOVYGAV12A58A7C3A9,AR24DZB1187FB3C869,Erykah Badu,I Want You,Worldwide Underground,2003.0,653.13914,0.855731901717,0.584841725537,r&b/soul,soul; Neo-Soul; female vocalists; rnb; Erykah Badu,617.0,98.0,153.163312,0.0,2044.0,TRZDLWE12903CB44DE,2.4814578125000017,,
TRFUJVJ128F426F2A2,SOONCPO12AF72A1986,AR8W8P31187B9A4063,Lauryn Hill,Interlude 5,MTV Unplugged No. 2.0,2002.0,734.48444,0.697206464376,0.580125198887,r&b/soul,ms hill; the realness; The Truth; true; rnb,1903.0,409.0,215.044182,0.0,2268.0,TRZDLWE12903CB44DE,2.6349,,
TRKNZBD12903CD4DCD,,,,,,,,,,,,,,,,,TRZDLWE12903CB44DE,,0.73490575299576,0.7422477473632884
TRPALTN128F42614D4,,,,,,,,,,,,,,,,,TRZDLWE12903CB44DE,,0.7373697365172465,0.7445770452629388
TRWSYHO128F4282346,SOKHOQG12A8C13EBF2,ARSE5NP1187B9B98AB,Twista,I'm A Winner (Amended Album Version),The Day After,2005.0,260.23138,0.889613554744,0.593808365175,hip hop,rap; Hip-Hop; winner in bed twista,1253.0,166.0,218.622963,0.0,2415.0,TRZDLWE12903CB44DE,2.887978124999998,,
TRYDNTB128F9331278,,,,,,,,,,,,,,,,,TRZDLWE12903CB44DE,,0.7277855959236333,0.7358409409036905
TRDALZN128F92DC514,,,,,,,,,,,,,,,,,TRZGBAF128F145ECA8,0.8472187500000007,,
TRIJHLY12903D0CE4D,SOAEBYL12AC468B119,AR1ZHZ51187FB37FEC,Violadores del Verso,Cantando,Vivir Para Contarlo,2006.0,312.92036,0.658189532108,0.503436953654,hip hop,Hip-Hop; spanish hip-hop; rap; spanish; hip hop,671.0,209.0,83.660026,0.0,748.0,TRZGBAF128F145ECA8,0.8861093750000001,,
TRNOIDW128F427467E,,,,,,,,,,,,,,,,,TRZGBAF128F145ECA8,,0.684390846312446,0.6892827735923821
TRRKRXC128F4242791,,,,,,,,,,,,,,,,,TRZGBAF128F145ECA8,,0.7206354216899175,0.725253641400674
TRTHNFG12903D0CE54,SONCVPT12AC468B123,AR1ZHZ51187FB37FEC,Violadores del Verso,Dale tiempo al rumor,Vivir Para Contarlo,2006.0,370.02404,0.658189532108,0.524275367928,hip hop,spanish; Hip-Hop; subelamusica; spanish rap; Doble V,749.0,199.0,99.95499,0.0,945.0,TRZGBAF128F145ECA8,1.1257968750000003,,
TRUGLTC128F4227B93,SOUSFNM12A6D4FCDAD,AR4503S1187FB43199,Danity Kane,Hold Me Down (Album Version),Danity Kane,2006.0,237.60934,0.854297752323,0.531302988552,r&b/soul,dance; Hold Me Down; Danity Kane; rnb; party,766.0,149.0,159.499216,0.0,718.0,TRZGBAF128F145ECA8,,,
TRUQGGJ128F427E02B,,,,,,,,,,,,,,,,,TRZGBAF128F145ECA8,,0.6764084466404506,0.681798255414245
TRCHZXW128E079288A,SOMEJDK12D0219BB71,ARTH9041187FB43E1F,Eminem,8 Mile,8 Mile,2002.0,359.3922,0.886183647684,0.852677055416,hip hop,rap; Hip-Hop; Eminem; Soundtrack; hip hop,1141.0,328.0,132.992481,0.0,6530.0,TRZGUNN128E07862F7,7.499135937500004,,
TRDPGXU128F9339C2A,SOELYON12AB01876A3,ARLHO5Z1187FB4C861,Beastie Boys,B-Boy Bouillabaisse: A.W.O.L. (2009 Digital Remaster),Paul's Boutique (20th Anniversary Remastered Edition),0.0,105.56036,0.853124523276,0.591628024008,hip hop,hip hop; leapsandbounds CDCollection,1746.0,505.0,153.652205,0.0,7351.0,TRZGUNN128E07862F7,8.309739062499998,,
TRFUJVJ128F426F2A2,SOONCPO12AF72A1986,AR8W8P31187B9A4063,Lauryn Hill,Interlude 5,MTV Unplugged No. 2.0,2002.0,734.48444,0.697206464376,0.580125198887,r&b/soul,ms hill; the realness; The Truth; true; rnb,1903.0,409.0,215.044182,0.0,7878.0,TRZGUNN128E07862F7,8.796400000000004,,
TRQXHBL128F42A56FE,,,,,,,,,,,,,,,,,TRZGUNN128E07862F7,,0.7698358288326596,0.7792451081910555
TRTHFTG128F42550BC,,,,,,,,,,,,,,,,,TRZGUNN128E07862F7,,0.7569565729674563,0.7731535716743303
TRZCHKB128F92CB740,,,,,,,,,,,,,,,,,TRZGUNN128E07862F7,,0.7728379195250773,0.7862626433588975
TRDPGXU128F9339C2A,SOELYON12AB01876A3,ARLHO5Z1187FB4C861,Beastie Boys,B-Boy Bouillabaisse: A.W.O.L. (2009 Digital Remaster),Paul's Boutique (20th Anniversary Remastered Edition),0.0,105.56036,0.853124523276,0.591628024008,hip hop,hip hop; leapsandbounds CDCollection,1746.0,505.0,153.652205,0.0,4544.0,TRZGUYI128F42368DF,5.160671875,,
TRFUJVJ128F426F2A2,SOONCPO12AF72A1986,AR8W8P31187B9A4063,Lauryn Hill,Interlude 5,MTV Unplugged No. 2.0,2002.0,734.48444,0.697206464376,0.580125198887,r&b/soul,ms hill; the realness; The Truth; true; rnb,1903.0,409.0,215.044182,0.0,5177.0,TRZGUYI128F42368DF,5.850250000000001,,
TRHXCSQ128F14766FF,,,,,,,,,,,,,,,,,TRZGUYI128F42368DF,,,0.707599610617793
TRJKREO128E07821BB,,,,,,,,,,,,,,,,,TRZGUYI128F42368DF,,0.6946495081559549,
TROXHLM128F4266510,,,,,,,,,,,,,,,,,TRZGUYI128F42368DF,,0.7098270389733585,0.7234576966416139
TRTVTYS128E0792887,,,,,,,,,,,,,,,,,TRZGUYI128F42368DF,,0.7092421207728279,0.7238252218777514
TRWSYHO128F4282346,SOKHOQG12A8C13EBF2,ARSE5NP1187B9B98AB,Twista,I'm A Winner (Amended Album Version),The Day After,2005.0,260.23138,0.889613554744,0.593808365175,hip hop,rap; Hip-Hop; winner in bed twista,1253.0,166.0,218.622963,0.0,4914.0,TRZGUYI128F42368DF,5.736656249999997,,
TRDPGXU128F9339C2A,SOELYON12AB01876A3,ARLHO5Z1187FB4C861,Beastie Boys,B-Boy Bouillabaisse: A.W.O.L. (2009 Digital Remaster),Paul's Boutique (20th Anniversary Remastered Edition),0.0,105.56036,0.853124523276,0.591628024008,hip hop,hip hop; leapsandbounds CDCollection,1746.0,505.0,153.652205,0.0,3924.0,TRZGWCY12903CEF521,4.4222171875,,
TRFUJVJ128F426F2A2,SOONCPO12AF72A1986,AR8W8P31187B9A4063,Lauryn Hill,Interlude 5,MTV Unplugged No. 2.0,2002.0,734.48444,0.697206464376,0.580125198887,r&b/soul,ms hill; the realness; The Truth; true; rnb,1903.0,409.0,215.044182,0.0,5014.0,TRZGWCY12903CEF521,5.6902,,
TRLOMAF128F92DF3DB,,,,,,,,,,,,,,,,,TRZGWCY12903CEF521,,0.7486272854510226,0.7600207058389225
TRWSYHO128F4282346,SOKHOQG12A8C13EBF2,ARSE5NP1187B9B98AB,Twista,I'm A Winner (Amended Album Version),The Day After,2005.0,260.23138,0.889613554744,0.593808365175,hip hop,rap; Hip-Hop; winner in bed twista,1253.0,166.0,218.622963,0.0,3840.0,TRZGWCY12903CEF521,4.4227156249999995,,
TRZCHKB128F92CB740,,,,,,,,,,,,,,,,,TRZGWCY12903CEF521,,0.7715347166060156,0.7850343722677622
TRZHYJX128F92EB952,,,,,,,,,,,,,,,,,TRZGWCY12903CEF521,,0.7298497870849717,0.7419302606018228
TRDPGXU128F9339C2A,SOELYON12AB01876A3,ARLHO5Z1187FB4C861,Beastie Boys,B-Boy Bouillabaisse: A.W.O.L. (2009 Digital Remaster),Paul's Boutique (20th Anniversary Remastered Edition),0.0,105.56036,0.853124523276,0.591628024008,hip hop,hip hop; leapsandbounds CDCollection,1746.0,505.0,153.652205,0.0,2016.0,TRZGXNM128F1451ADF,2.1795515624999986,,
TRFUJVJ128F426F2A2,SOONCPO12AF72A1986,AR8W8P31187B9A4063,Lauryn Hill,Interlude 5,MTV Unplugged No. 2.0,2002.0,734.48444,0.697206464376,0.580125198887,r&b/soul,ms hill; the realness; The Truth; true; rnb,1903.0,409.0,215.044182,0.0,2778.0,TRZGXNM128F1451ADF,3.0654000000000003,,
TRKKSER128F4241C16,,,,,,,,,,,,,,,,,TRZGXNM128F1451ADF,,0.6115632869142174,0.6240552973474305
TRNPTEG128F4226F32,,,,,,,,,,,,,,,,,TRZGXNM128F1451ADF,,0.6270552968291506,0.6422040191894371
TRPIXDK128F92FAD24,,,,,,,,,,,,,,,,,TRZGXNM128F1451ADF,,0.6413408846177056,0.649652866201779
TRTLIKK128E07862DA,SOKTWCO12A67020DC0,ARM9HR61187B9AD75A,Ja Rule,One of Us,Rule 3:36,2000.0,356.85832,0.77983324054,0.541519545221,hip hop,Ja Rule; Hip-Hop; east coast rap; 2000; rappers,996.0,215.0,158.347719,0.0,1833.0,TRZGXNM128F1451ADF,2.045109375,,
TRAQEOP12903CA65E2,,,,,,,,,,,,,,,,,TRZHOUV128F9316269,,0.5870702138628189,0.5956847588351356
TRDOJIR128F42840C0,SODNFOU12A8C138A6E,AR3PN3R1187FB4CEBD,Horace Andy,Horse With No Name,Mek It Bun,2002.0,236.01587,0.626436381752,0.374271173856,reggae,roots reggae; great songs; animals; lala; OC,444.0,106.0,147.702404,0.0,601.0,TRZHOUV128F9316269,0.7201999999999984,,
TRKRGBE128EF34AB72,,,,,,,,,,,,,,,,,TRZHOUV128F9316269,,0.5873872815717557,0.5960973863107749
TRSRORJ128E0791C74,,,,,,,,,,,,,,,,,TRZHOUV128F9316269,,0.6397449352162305,0.6470591680907622
TRTHNFG12903D0CE54,SONCVPT12AC468B123,AR1ZHZ51187FB37FEC,Violadores del Verso,Dale tiempo al rumor,Vivir Para Contarlo,2006.0,370.02404,0.658189532108,0.524275367928,hip hop,spanish; Hip-Hop; subelamusica; spanish rap; Doble V,749.0,199.0,99.95499,0.0,614.0,TRZHOUV128F9316269,0.7247218750000001,,
TRZZQIP128F92EFEAD,SOUGPPL12AB018555B,ART50HO1187FB4D0ED,Abba,Move On,The Albums,1977.0,282.72281,0.74865929586,0.575691128555,pop,pop; 70s; abba; Disco; swedish,526.0,107.0,161.959872,0.0,627.0,TRZHOUV128F9316269,0.7492406249999994,,
TRANAPL128F42BA7D6,,,,,,,,,,,,,,,,,TRZJCNT128F426BFCC,2.8139531249999994,,
TRDPGXU128F9339C2A,SOELYON12AB01876A3,ARLHO5Z1187FB4C861,Beastie Boys,B-Boy Bouillabaisse: A.W.O.L. (2009 Digital Remaster),Paul's Boutique (20th Anniversary Remastered Edition),0.0,105.56036,0.853124523276,0.591628024008,hip hop,hip hop; leapsandbounds CDCollection,1746.0,505.0,153.652205,0.0,2606.0,TRZJCNT128F426BFCC,2.901664062499999,,
TRFUJVJ128F426F2A2,SOONCPO12AF72A1986,AR8W8P31187B9A4063,Lauryn Hill,Interlude 5,MTV Unplugged No. 2.0,2002.0,734.48444,0.697206464376,0.580125198887,r&b/soul,ms hill; the realness; The Truth; true; rnb,1903.0,409.0,215.044182,0.0,2809.0,TRZJCNT128F426BFCC,3.085749999999999,,
TRLVRJP128F93519FB,,,,,,,,,,,,,,,,,TRZJCNT128F426BFCC,,0.6666930975095195,0.6805413610899474
TROZEMN128F4262CCA,,,,,,,,,,,,,,,,,TRZJCNT128F426BFCC,,0.6477124268162389,0.661205222193382
TRVJFHH12903CA2811,,,,,,,,,,,,,,,,,TRZJCNT128F426BFCC,,0.6759041373871928,0.6877574022043238
TRYCBLK12903CE6A0E,SOWQRYJ12AB0189461,ARJ5LS21187B991003,Twiztid,She Ain't Afraid,Psychopathics From Outer Space,1998.0,361.50812,0.738651094386,0.490733207715,hip hop,psychopathic; Horrorcore; cocaine; Porno; porn,1102.0,277.0,117.826143,0.0,2436.0,TRZJCNT128F426BFCC,,,
TRANDPI128F425AF41,,,,,,,,,,,,,,,,,TRZNHJN128F4293FC2,,0.7641149898992984,0.7745176011074857
TREBGAA128E078FC52,,,,,,,,,,,,,,,,,TRZNHJN128F4293FC2,7.280390625000007,,
TRFUJVJ128F426F2A2,SOONCPO12AF72A1986,AR8W8P31187B9A4063,Lauryn Hill,Interlude 5,MTV Unplugged No. 2.0,2002.0,734.48444,0.697206464376,0.580125198887,r&b/soul,ms hill; the realness; The Truth; true; rnb,1903.0,409.0,215.044182,0.0,8741.0,TRZNHJN128F4293FC2,10.121249999999998,,
TRGLNKG128F9307689,SOFVLYU12AB017F502,ARTH9041187FB43E1F,Eminem,My Darling,Relapse [Deluxe],2009.0,320.49587,0.871010615313,0.879236744738,hip hop,rap; detroit; Hip-Hop; Horrorcore; MOONH8SUN,1055.0,293.0,140.089257,0.0,6174.0,TRZNHJN128F4293FC2,,,
TRKRPKE128E07946D4,,,,,,,,,,,,,,,,,TRZNHJN128F4293FC2,,0.7677465741256766,0.776801579017345
TRWSYHO128F4282346,SOKHOQG12A8C13EBF2,ARSE5NP1187B9B98AB,Twista,I'm A Winner (Amended Album Version),The Day After,2005.0,260.23138,0.889613554744,0.593808365175,hip hop,rap; Hip-Hop; winner in bed twista,1253.0,166.0,218.622963,0.0,7814.0,TRZNHJN128F4293FC2,9.241406249999995,,
TRZCHKB128F92CB740,,,,,,,,,,,,,,,,,TRZNHJN128F4293FC2,,0.7633399455512311,0.7747048050262816
TRCGSQQ128F42A352E,,,,,,,,,,,,,,,,,TRZOLOQ128F428FA00,,0.49583312061522383,0.518232718424729
TRFLWJZ128F425C9E4,SOZTZRR12A58A80C97,AR82DJK1187B991107,The Pharcyde,Otha Fish,Bizarre Ride II The Pharcyde,1992.0,321.43628,0.756063870843,0.491468881637,hip hop,Hip-Hop; hip hop; oldschool; rap; oldskool,997.0,247.0,147.895233,0.0,510.0,TRZOLOQ128F428FA00,,,
TRFUJVJ128F426F2A2,SOONCPO12AF72A1986,AR8W8P31187B9A4063,Lauryn Hill,Interlude 5,MTV Unplugged No. 2.0,2002.0,734.48444,0.697206464376,0.580125198887,r&b/soul,ms hill; the realness; The Truth; true; rnb,1903.0,409.0,215.044182,0.0,623.0,TRZOLOQ128F428FA00,0.5993500000000002,,
TRHVGTM128F148D772,,,,,,,,,,,,,,,,,TRZOLOQ128F428FA00,,0.5202757631751314,0.534408956120613
TRTLIKK128E07862DA,SOKTWCO12A67020DC0,ARM9HR61187B9AD75A,Ja Rule,One of Us,Rule 3:36,2000.0,356.85832,0.77983324054,0.541519545221,hip hop,Ja Rule; Hip-Hop; east coast rap; 2000; rappers,996.0,215.0,158.347719,0.0,527.0,TRZOLOQ128F428FA00,0.5502812499999999,,
TRTUCHE128F425B7CC,,,,,,,,,,,,,,,,,TRZOLOQ128F428FA00,0.5476187499999994,,
TRWCLUA12903CFEFCD,,,,,,,,,,,,,,,,,TRZOLOQ128F428FA00,,0.5019947799932437,0.5189855735517976
TRDKRBH128F148AF14,,,,,,,,,,,,,,,,,TRZPSAF128F9349767,,0.6136944074496751,0.6246459926082454
TRFUJVJ128F426F2A2,SOONCPO12AF72A1986,AR8W8P31187B9A4063,Lauryn Hill,Interlude 5,MTV Unplugged No. 2.0,2002.0,734.48444,0.697206464376,0.580125198887,r&b/soul,ms hill; the realness; The Truth; true; rnb,1903.0,409.0,215.044182,0.0,2715.0,TRZPSAF128F9349767,2.984350000000001,,
TROTCDE128F4267AB1,,,,,,,,,,,,,,,,,TRZPSAF128F9349767,,0.6633840411473795,0.6717406806374625
TRUGLTC128F4227B93,SOUSFNM12A6D4FCDAD,AR4503S1187FB43199,Danity Kane,Hold Me Down (Album Version),Danity Kane,2006.0,237.60934,0.854297752323,0.531302988552,r&b/soul,dance; Hold Me Down; Danity Kane; rnb; party,766.0,149.0,159.499216,0.0,2766.0,TRZPSAF128F9349767,3.2678187499999978,,
TRVLIZK128F428845E,SOGLUJL12A8C138E31,ARUN7IC1187FB3D392,Five,That's What You Told Me,Five,1998.0,222.92853,0.588017305158,0.435444888557,pop,5ive; pop; Favorite; boybands; Remember,593.0,95.0,153.277526,0.0,2651.0,TRZPSAF128F9349767,3.1568874999999976,,
TRYIILA128F4281F96,,,,,,,,,,,,,,,,,TRZPSAF128F9349767,,0.6163158955966411,0.6271205255021244
TRBVPVV128F425F14F,,,,,,,,,,,,,,,,,TRZQTSM128F9328120,1.1297703125000003,,
TRDPGXU128F9339C2A,SOELYON12AB01876A3,ARLHO5Z1187FB4C861,Beastie Boys,B-Boy Bouillabaisse: A.W.O.L. (2009 Digital Remaster),Paul's Boutique (20th Anniversary Remastered Edition),0.0,105.56036,0.853124523276,0.591628024008,hip hop,hip hop; leapsandbounds CDCollection,1746.0,505.0,153.652205,0.0,970.0,TRZQTSM128F9328120,,,
TRFUJVJ128F426F2A2,SOONCPO12AF72A1986,AR8W8P31187B9A4063,Lauryn Hill,Interlude 5,MTV Unplugged No. 2.0,2002.0,734.48444,0.697206464376,0.580125198887,r&b/soul,ms hill; the realness; The Truth; true; rnb,1903.0,409.0,215.044182,0.0,1133.0,TRZQTSM128F9328120,1.2161500000000003,,
TRGUCIR128F933D817,SORMTGC12A6D4F6C8B,ARQUN9K1187B9B5BD7,Vanilla Ice,Ice Is Workin' It,To The Extreme,1990.0,275.43465,0.722075127339,0.463037021551,hip hop,rap; hiphop; 90s; cool as ice; leapsandbounds CDCollection,898.0,242.0,166.246804,0.0,985.0,TRZQTSM128F9328120,1.1366375,,
TRIFKJG128F1458AA3,,,,,,,,,,,,,,,,,TRZQTSM128F9328120,,0.5507517765195636,
TROFSLV128F92E389A,,,,,,,,,,,,,,,,,TRZQTSM128F9328120,,,0.5632297693626623
TRRHFQK128F4264FE9,,,,,,,,,,,,,,,,,TRZQTSM128F9328120,,0.579696895223459,0.5931226425529182
TRSLSBV128F427D1EB,,,,,,,,,,,,,,,,,TRZQTSM128F9328120,,0.5787355657786701,0.5901834567271025
TRFCTOF128F14B047B,,,,,,,,,,,,,,,,,TRZQYIJ128F92E7F49,,,0.5523507547078581
TRFSCLD12903CD213F,SOENGNL12AB018E1BD,AR4L4WQ1187FB51996,The Prodigy,We Gonna Rock,What Evil Lurks,1991.0,282.30485,0.638614022451,0.601436482837,electronic,Rave; big beat; jungle; electronic; techno,312.0,10.0,141.703917,0.0,1182.0,TRZQYIJ128F92E7F49,1.4243000000000003,,
TRFUJVJ128F426F2A2,SOONCPO12AF72A1986,AR8W8P31187B9A4063,Lauryn Hill,Interlude 5,MTV Unplugged No. 2.0,2002.0,734.48444,0.697206464376,0.580125198887,r&b/soul,ms hill; the realness; The Truth; true; rnb,1903.0,409.0,215.044182,0.0,1626.0,TRZQYIJ128F92E7F49,1.7749000000000001,,
TRHYEBV12903CE8274,,,,,,,,,,,,,,,,,TRZQYIJ128F92E7F49,,0.5794771985190574,0.5869391856534222
TRKRVKD128F9327008,SOXKVEZ12AB01821F5,ARX94AN1187FB4B54B,Hollywood Undead,Undead,Desperate Measures,2008.0,288.07791,0.703475783381,0.576625773695,hip hop,rapcore; hollywood undead; rap metal; rock; undead,831.0,222.0,97.082439,0.0,1013.0,TRZQYIJ128F92E7F49,1.1449749999999996,,
TRORNTH12903CC53F0,,,,,,,,,,,,,,,,,TRZQYIJ128F92E7F49,,0.540832584608505,
TRUAOIK128F92EFCE7,,,,,,,,,,,,,,,,,TRZQYIJ128F92E7F49,,0.5459137220887257,0.5552489765968329
TRARHON128F4260D95,,,,,,,,,,,,,,,,,TRZTQEP128E0792526,,0.567880988945578,0.5743497742760909
TRBVPVV128F425F14F,SOOHYOB12CF5F87A28,ARF8HTQ1187B9AE693,Daft Punk,Touch It / Technologic,Alive 2007,2007.0,329.45587,0.844450642835,1.01049028868,electronic,electronic; dance; techno; House; Daft Punk,687.0,175.0,153.756301,0.0,1086.0,TRZTQEP128E0792526,1.3057546875,,
TRDJFEZ128F932AAEE,,,,,,,,,,,,,,,,,TRZTQEP128E0792526,,0.55748826441418,0.5625056747804826
TRFUJVJ128F426F2A2,SOONCPO12AF72A1986,AR8W8P31187B9A4063,Lauryn Hill,Interlude 5,MTV Unplugged No. 2.0,2002.0,734.48444,0.697206464376,0.580125198887,r&b/soul,ms hill; the realness; The Truth; true; rnb,1903.0,409.0,215.044182,0.0,1597.0,TRZTQEP128E0792526,1.8651500000000005,,
TRGUCIR128F933D817,SORMTGC12A6D4F6C8B,ARQUN9K1187B9B5BD7,Vanilla Ice,Ice Is Workin' It,To The Extreme,1990.0,275.43465,0.722075127339,0.463037021551,hip hop,rap; hiphop; 90s; cool as ice; leapsandbounds CDCollection,898.0,242.0,166.246804,0.0,1109.0,TRZTQEP128E0792526,1.3242625000000003,,
TRUUAMI128F93438D4,,,,,,,,,,,,,,,,,TRZTQEP128E0792526,,0.5841683088269368,0.5900304305670155
TREBGAA128E078FC52,SOVYGAV12A58A7C3A9,AR24DZB1187FB3C869,Erykah Badu,I Want You,Worldwide Underground,2003.0,653.13914,0.855731901717,0.584841725537,r&b/soul,soul; Neo-Soul; female vocalists; rnb; Erykah Badu,617.0,98.0,153.163312,0.0,2034.0,TRZUSDI128F4259806,2.4334546875000003,,
TRFUJVJ128F426F2A2,SOONCPO12AF72A1986,AR8W8P31187B9A4063,Lauryn Hill,Interlude 5,MTV Unplugged No. 2.0,2002.0,734.48444,0.697206464376,0.580125198887,r&b/soul,ms hill; the realness; The Truth; true; rnb,1903.0,409.0,215.044182,0.0,2386.0,TRZUSDI128F4259806,2.6858000000000004,,
TRGESLP12903CE31C8,,,,,,,,,,,,,,,,,TRZUSDI128F4259806,,0.5365564444532828,0.5469083387728301
TRKMBHB128F14624A9,,,,,,,,,,,,,,,,,TRZUSDI128F4259806,,0.5674580868569628,0.5756519429010702
TRWSYHO128F4282346,SOKHOQG12A8C13EBF2,ARSE5NP1187B9B98AB,Twista,I'm A Winner (Amended Album Version),The Day After,2005.0,260.23138,0.889613554744,0.593808365175,hip hop,rap; Hip-Hop; winner in bed twista,1253.0,166.0,218.622963,0.0,2749.0,TRZUSDI128F4259806,3.2423468749999995,,
TRXNKTE128F427F992,,,,,,,,,,,,,,,,,TRZUSDI128F4259806,,0.5529860298617102,0.5616768149120054
TRDPGXU128F9339C2A,SOELYON12AB01876A3,ARLHO5Z1187FB4C861,Beastie Boys,B-Boy Bouillabaisse: A.W.O.L. (2009 Digital Remaster),Paul's Boutique (20th Anniversary Remastered Edition),0.0,105.56036,0.853124523276,0.591628024008,hip hop,hip hop; leapsandbounds CDCollection,1746.0,505.0,153.652205,0.0,5836.0,TRZVPFY128F92E19DF,,,
TRFUJVJ128F426F2A2,SOONCPO12AF72A1986,AR8W8P31187B9A4063,Lauryn Hill,Interlude 5,MTV Unplugged No. 2.0,2002.0,734.48444,0.697206464376,0.580125198887,r&b/soul,ms hill; the realness; The Truth; true; rnb,1903.0,409.0,215.044182,0.0,6817.0,TRZVPFY128F92E19DF,7.743850000000001,,
TRGLNKG128F9307689,,,,,,,,,,,,,,,,,TRZVPFY128F92E19DF,6.710409374999999,,
TRKLAOB12903C9A1CD,,,,,,,,,,,,,,,,,TRZVPFY128F92E19DF,,0.7395774479076883,0.7501832560096057
TRLOMAF128F92DF3DB,,,,,,,,,,,,,,,,,TRZVPFY128F92E19DF,,0.6993608344713024,0.7112920499480058
TRNHSZN128F930FF03,,,,,,,,,,,,,,,,,TRZVPFY128F92E19DF,,0.7310384865398247,0.7407940579777026
TRWSYHO128F4282346,SOKHOQG12A8C13EBF2,ARSE5NP1187B9B98AB,Twista,I'm A Winner (Amended Album Version),The Day After,2005.0,260.23138,0.889613554744,0.593808365175,hip hop,rap; Hip-Hop; winner in bed twista,1253.0,166.0,218.622963,0.0,6499.0,TRZVPFY128F92E19DF,7.61569375,,
